Serial No,Quantity,Unit Price (USD),Date Ordered,Hospital Name,State,Equipment,Supplier,Supplier Country
1,10,250,2024-01-15,General Hospital,Lagos,MRI Machine,MedTech Co.,USA
2,5,200,2024-01-20,City Hospital,Abuja,MRI Machine,HealthEquip Ltd.,UK
3,20,150,2024-01-25,Central Hospital,Rivers,X-Ray Machine,Radiant Suppliers,China
4,15,300,2024-01-30,Sunshine Hospital,Lagos,CT Scanner,TechHealth Inc.,Canada
5,8,500,2024-02-04,Community Hospital,Kaduna,Ultrasound,HealthEquip Ltd.,UK
6,12,180,2024-02-09,Healing Hands Hospital,Enugu,X-Ray Machine,Radiant Suppliers,China
7,25,220,2024-02-14,Hope Hospital,Kano,MRI Machine,MedTech Co.,USA
8,30,320,2024-02-19,Unity Hospital,Lagos,CT Scanner,TechHealth Inc.,Canada
9,10,550,2024-02-24,Metro Hospital,Abuja,Ultrasound,HealthEquip Ltd.,UK
10,50,130,2024-02-29,State Hospital,Oyo,X-Ray Machine,Radiant Suppliers,China
11,20,270,2024-03-05,City Medical Center,Lagos,MRI Machine,MedTech Co.,USA
12,6,300,2024-03-10,General Hospital,Rivers,CT Scanner,TechHealth Inc.,Canada
13,15,250,2024-03-15,Central Clinic,Ogun,Ultrasound,HealthEquip Ltd.,UK
14,4,450,2024-03-20,Healing Touch Hospital,Enugu,MRI Machine,Radiant Suppliers,China
15,25,180,2024-03-25,Sunshine Medical,Lagos,X-Ray Machine,MedTech Co.,USA
16,18,600,2024-03-30,Hope Clinic,Kano,CT Scanner,HealthEquip Ltd.,UK
17,14,150,2024-04-04,Metro Medical Center,Abuja,Ultrasound,TechHealth Inc.,Canada
18,11,200,2024-04-09,State Medical Center,Oyo,MRI Machine,MedTech Co.,USA
19,30,400,2024-04-14,General Clinic,Lagos,CT Scanner,HealthEquip Ltd.,UK
20,10,150,2024-04-19,City Hospital,Rivers,Ultrasound,TechHealth Inc.,Canada
21,12,350,2024-04-24,Hope Hospital,Abuja,MRI Machine,Radiant Suppliers,China
22,10,450,2024-04-29,Healing Hands Hospital,Enugu,X-Ray Machine,HealthEquip Ltd.,UK
23,5,600,2024-05-04,Central Hospital,Kaduna,Ultrasound,MedTech Co.,USA
24,20,120,2024-05-09,State Hospital,Oyo,X-Ray Machine,Radiant Suppliers,China
25,15,330,2024-05-14,City Medical Center,Lagos,MRI Machine,TechHealth Inc.,Canada
26,10,450,2024-05-19,Central Hospital,Rivers,Ultrasound,HealthEquip Ltd.,UK
27,7,200,2024-05-24,Metro Hospital,Abuja,X-Ray Machine,Radiant Suppliers,China
28,25,280,2024-05-29,Hope Clinic,Kano,CT Scanner,TechHealth Inc.,Canada
29,30,400,2024-06-03,Sunshine Hospital,Lagos,MRI Machine,MedTech Co.,USA
30,15,170,2024-06-08,General Hospital,Enugu,Ultrasound,HealthEquip Ltd.,UK
31,12,300,2024-06-13,State Medical Center,Oyo,CT Scanner,MedTech Co.,USA
32,6,400,2024-06-18,Healing Hands Hospital,Rivers,MRI Machine,HealthEquip Ltd.,Canada
33,8,250,2024-06-23,Metro Medical Center,Abuja,X-Ray Machine,TechHealth Inc.,UK
34,14,150,2024-06-28,Central Clinic,Kaduna,Ultrasound,MedTech Co.,China
35,25,220,2024-07-03,Community Hospital,Lagos,MRI Machine,MedTech Co.,USA
36,18,600,2024-07-08,Sunshine Medical,Kano,CT Scanner,HealthEquip Ltd.,UK
37,10,150,2024-07-13,Hope Hospital,Enugu,Ultrasound,Radiant Suppliers,China
38,11,300,2024-07-18,City Medical Center,Oyo,X-Ray Machine,HealthEquip Ltd.,UK
39,25,320,2024-07-23,State Hospital,Lagos,MRI Machine,Radiant Suppliers,China
40,12,400,2024-07-28,General Hospital,Kaduna,CT Scanner,HealthEquip Ltd.,UK
41,30,200,2024-08-02,Healing Touch Hospital,Rivers,X-Ray Machine,Radiant Suppliers,China
42,15,150,2024-08-07,Metro Hospital,Abuja,Ultrasound,TechHealth Inc.,Canada
43,20,350,2024-08-12,Central Hospital,Enugu,MRI Machine,MedTech Co.,USA
44,5,450,2024-08-17,Sunshine Hospital,Lagos,CT Scanner,HealthEquip Ltd.,UK
45,10,250,2024-08-22,Community Hospital,Abuja,Ultrasound,Radiant Suppliers,China
46,14,150,2024-08-27,Hope Clinic,Kano,MRI Machine,TechHealth Inc.,Canada
47,20,300,2024-09-01,Healing Hands Hospital,Lagos,Defibrillator,SoloSupplier Inc.,UK
48,5,750,2024-09-06,City Hospital,Rivers,Ventilator,ExclusiveTech Ltd.,Germany
49,10,400,2024-09-11,Metro Medical Center,Abuja,Surgical Table,HealthEquip Ltd.,UK
50,12,200,2024-09-16,State Hospital,Oyo,MRI Machine,MedTech Co.,USA
51,10,250,2024-01-15,General Hospital,Lagos,MRI Machine,MedTech Co.,USA
52,5,200,2024-01-20,City Hospital,Abuja,MRI Machine,HealthEquip Ltd.,UK
53,20,150,2024-01-25,Central Hospital,Rivers,X-Ray Machine,Radiant Suppliers,China
54,15,300,2024-01-30,Sunshine Hospital,Lagos,CT Scanner,TechHealth Inc.,Canada
55,8,500,2024-02-04,Community Hospital,Kaduna,Ultrasound,HealthEquip Ltd.,UK
56,12,180,2024-02-09,Healing Hands Hospital,Enugu,X-Ray Machine,Radiant Suppliers,China
57,25,220,2024-02-14,Hope Hospital,Kano,MRI Machine,MedTech Co.,USA
58,30,320,2024-02-19,Unity Hospital,Lagos,CT Scanner,TechHealth Inc.,Canada
59,10,550,2024-02-24,Metro Hospital,Abuja,Ultrasound,HealthEquip Ltd.,UK
60,50,130,2024-02-29,State Hospital,Oyo,X-Ray Machine,Radiant Suppliers,China
61,20,270,2024-03-05,City Medical Center,Lagos,MRI Machine,MedTech Co.,USA
62,6,300,2024-03-10,General Hospital,Rivers,CT Scanner,TechHealth Inc.,Canada
63,15,250,2024-03-15,Central Clinic,Ogun,Ultrasound,HealthEquip Ltd.,UK
64,4,450,2024-03-20,Healing Touch Hospital,Enugu,MRI Machine,Radiant Suppliers,China
65,25,180,2024-03-25,Sunshine Medical,Lagos,X-Ray Machine,MedTech Co.,USA
66,18,600,2024-03-30,Hope Clinic,Kano,CT Scanner,HealthEquip Ltd.,UK
67,14,150,2024-04-04,Metro Medical Center,Abuja,Ultrasound,TechHealth Inc.,Canada
68,11,200,2024-04-09,State Medical Center,Oyo,MRI Machine,MedTech Co.,USA
69,30,400,2024-04-14,General Clinic,Lagos,CT Scanner,HealthEquip Ltd.,UK
70,10,150,2024-04-19,City Hospital,Rivers,Ultrasound,TechHealth Inc.,Canada
71,12,350,2024-04-24,Hope Hospital,Abuja,MRI Machine,Radiant Suppliers,China
72,10,450,2024-04-29,Healing Hands Hospital,Enugu,X-Ray Machine,HealthEquip Ltd.,UK
73,5,600,2024-05-04,Central Hospital,Kaduna,Ultrasound,MedTech Co.,USA
74,20,120,2024-05-09,State Hospital,Oyo,X-Ray Machine,Radiant Suppliers,China
75,15,330,2024-05-14,City Medical Center,Lagos,MRI Machine,TechHealth Inc.,Canada
76,10,450,2024-05-19,Central Hospital,Rivers,Ultrasound,HealthEquip Ltd.,UK
77,7,200,2024-05-24,Metro Hospital,Abuja,X-Ray Machine,Radiant Suppliers,China
78,25,280,2024-05-29,Hope Clinic,Kano,CT Scanner,TechHealth Inc.,Canada
79,30,400,2024-06-03,Sunshine Hospital,Lagos,MRI Machine,MedTech Co.,USA
80,15,170,2024-06-08,General Hospital,Enugu,Ultrasound,HealthEquip Ltd.,UK
81,12,300,2024-06-13,State Medical Center,Oyo,CT Scanner,MedTech Co.,USA
82,6,400,2024-06-18,Healing Hands Hospital,Rivers,MRI Machine,HealthEquip Ltd.,Canada
83,8,250,2024-06-23,Metro Medical Center,Abuja,X-Ray Machine,TechHealth Inc.,UK
84,14,150,2024-06-28,Central Clinic,Kaduna,Ultrasound,MedTech Co.,China
85,25,220,2024-07-03,Community Hospital,Lagos,MRI Machine,MedTech Co.,USA
86,18,600,2024-07-08,Sunshine Medical,Kano,CT Scanner,HealthEquip Ltd.,UK
87,10,150,2024-07-13,Hope Hospital,Enugu,Ultrasound,Radiant Suppliers,China
88,11,300,2024-07-18,City Medical Center,Oyo,X-Ray Machine,HealthEquip Ltd.,UK
89,25,320,2024-07-23,State Hospital,Lagos,MRI Machine,Radiant Suppliers,China
90,12,400,2024-07-28,General Hospital,Kaduna,CT Scanner,HealthEquip Ltd.,UK
91,30,200,2024-08-02,Healing Touch Hospital,Rivers,X-Ray Machine,Radiant Suppliers,China
92,15,150,2024-08-07,Metro Hospital,Abuja,Ultrasound,TechHealth Inc.,Canada
93,20,350,2024-08-12,Central Hospital,Enugu,MRI Machine,MedTech Co.,USA
94,5,450,2024-08-17,Sunshine Hospital,Lagos,CT Scanner,HealthEquip Ltd.,UK
95,10,250,2024-08-22,Community Hospital,Abuja,Ultrasound,Radiant Suppliers,China
96,14,150,2024-08-27,Hope Clinic,Kano,MRI Machine,TechHealth Inc.,Canada
97,20,300,2024-09-01,Healing Hands Hospital,Lagos,Defibrillator,SoloSupplier Inc.,UK
98,5,750,2024-09-06,City Hospital,Rivers,Ventilator,ExclusiveTech Ltd.,Germany
99,10,400,2024-09-11,Metro Medical Center,Abuja,Surgical Table,HealthEquip Ltd.,UK
100,12,200,2024-09-16,State Hospital,Oyo,MRI Machine,MedTech Co.,USA
101,10,250,2024-01-15,General Hospital,Lagos,MRI Machine,MedTech Co.,USA
102,5,200,2024-01-20,City Hospital,Abuja,MRI Machine,HealthEquip Ltd.,UK
103,20,150,2024-01-25,Central Hospital,Rivers,X-Ray Machine,Radiant Suppliers,China
104,15,300,2024-01-30,Sunshine Hospital,Lagos,CT Scanner,TechHealth Inc.,Canada
105,8,500,2024-02-04,Community Hospital,Kaduna,Ultrasound,HealthEquip Ltd.,UK
106,12,180,2024-02-09,Healing Hands Hospital,Enugu,X-Ray Machine,Radiant Suppliers,China
107,25,220,2024-02-14,Hope Hospital,Kano,MRI Machine,MedTech Co.,USA
108,30,320,2024-02-19,Unity Hospital,Lagos,CT Scanner,TechHealth Inc.,Canada
109,10,550,2024-02-24,Metro Hospital,Abuja,Ultrasound,HealthEquip Ltd.,UK
110,50,130,2024-02-29,State Hospital,Oyo,X-Ray Machine,Radiant Suppliers,China
111,20,270,2024-03-05,City Medical Center,Lagos,MRI Machine,MedTech Co.,USA
112,6,300,2024-03-10,General Hospital,Rivers,CT Scanner,TechHealth Inc.,Canada
113,15,250,2024-03-15,Central Clinic,Ogun,Ultrasound,HealthEquip Ltd.,UK
114,4,450,2024-03-20,Healing Touch Hospital,Enugu,MRI Machine,Radiant Suppliers,China
115,25,180,2024-03-25,Sunshine Medical,Lagos,X-Ray Machine,MedTech Co.,USA
116,18,600,2024-03-30,Hope Clinic,Kano,CT Scanner,HealthEquip Ltd.,UK
117,14,150,2024-04-04,Metro Medical Center,Abuja,Ultrasound,TechHealth Inc.,Canada
118,11,200,2024-04-09,State Medical Center,Oyo,MRI Machine,MedTech Co.,USA
119,30,400,2024-04-14,General Clinic,Lagos,CT Scanner,HealthEquip Ltd.,UK
120,10,150,2024-04-19,City Hospital,Rivers,Ultrasound,TechHealth Inc.,Canada
121,12,350,2024-04-24,Hope Hospital,Abuja,MRI Machine,Radiant Suppliers,China
122,10,450,2024-04-29,Healing Hands Hospital,Enugu,X-Ray Machine,HealthEquip Ltd.,UK
123,5,600,2024-05-04,Central Hospital,Kaduna,Ultrasound,MedTech Co.,USA
124,20,120,2024-05-09,State Hospital,Oyo,X-Ray Machine,Radiant Suppliers,China
125,15,330,2024-05-14,City Medical Center,Lagos,MRI Machine,TechHealth Inc.,Canada
126,10,450,2024-05-19,Central Hospital,Rivers,Ultrasound,HealthEquip Ltd.,UK
127,7,200,2024-05-24,Metro Hospital,Abuja,X-Ray Machine,Radiant Suppliers,China
128,25,280,2024-05-29,Hope Clinic,Kano,CT Scanner,TechHealth Inc.,Canada
129,30,400,2024-06-03,Sunshine Hospital,Lagos,MRI Machine,MedTech Co.,USA
130,15,170,2024-06-08,General Hospital,Enugu,Ultrasound,HealthEquip Ltd.,UK
131,12,300,2024-06-13,State Medical Center,Oyo,CT Scanner,MedTech Co.,USA
132,6,400,2024-06-18,Healing Hands Hospital,Rivers,MRI Machine,HealthEquip Ltd.,Canada
133,8,250,2024-06-23,Metro Medical Center,Abuja,X-Ray Machine,TechHealth Inc.,UK
134,14,150,2024-06-28,Central Clinic,Kaduna,Ultrasound,MedTech Co.,China
135,25,220,2024-07-03,Community Hospital,Lagos,MRI Machine,MedTech Co.,USA
136,18,600,2024-07-08,Sunshine Medical,Kano,CT Scanner,HealthEquip Ltd.,UK
137,10,150,2024-07-13,Hope Hospital,Enugu,Ultrasound,Radiant Suppliers,China
138,11,300,2024-07-18,City Medical Center,Oyo,X-Ray Machine,HealthEquip Ltd.,UK
139,25,320,2024-07-23,State Hospital,Lagos,MRI Machine,Radiant Suppliers,China
140,12,400,2024-07-28,General Hospital,Kaduna,CT Scanner,HealthEquip Ltd.,UK
141,30,200,2024-08-02,Healing Touch Hospital,Rivers,X-Ray Machine,Radiant Suppliers,China
142,15,150,2024-08-07,Metro Hospital,Abuja,Ultrasound,TechHealth Inc.,Canada
143,20,350,2024-08-12,Central Hospital,Enugu,MRI Machine,MedTech Co.,USA
144,5,450,2024-08-17,Sunshine Hospital,Lagos,CT Scanner,HealthEquip Ltd.,UK
145,10,250,2024-08-22,Community Hospital,Abuja,Ultrasound,Radiant Suppliers,China
146,14,150,2024-08-27,Hope Clinic,Kano,MRI Machine,TechHealth Inc.,Canada
147,20,300,2024-09-01,Healing Hands Hospital,Lagos,Defibrillator,SoloSupplier Inc.,UK
148,5,750,2024-09-06,City Hospital,Rivers,Ventilator,ExclusiveTech Ltd.,Germany
149,10,400,2024-09-11,Metro Medical Center,Abuja,Surgical Table,HealthEquip Ltd.,UK
150,12,200,2024-09-16,State Hospital,Oyo,MRI Machine,MedTech Co.,USA
151,10,250,2024-01-15,General Hospital,Lagos,MRI Machine,MedTech Co.,USA
152,5,200,2024-01-20,City Hospital,Abuja,MRI Machine,HealthEquip Ltd.,UK
153,20,150,2024-01-25,Central Hospital,Rivers,X-Ray Machine,Radiant Suppliers,China
154,15,300,2024-01-30,Sunshine Hospital,Lagos,CT Scanner,TechHealth Inc.,Canada
155,8,500,2024-02-04,Community Hospital,Kaduna,Ultrasound,HealthEquip Ltd.,UK
156,12,180,2024-02-09,Healing Hands Hospital,Enugu,X-Ray Machine,Radiant Suppliers,China
157,25,220,2024-02-14,Hope Hospital,Kano,MRI Machine,MedTech Co.,USA
158,30,320,2024-02-19,Unity Hospital,Lagos,CT Scanner,TechHealth Inc.,Canada
159,10,550,2024-02-24,Metro Hospital,Abuja,Ultrasound,HealthEquip Ltd.,UK
160,50,130,2024-02-29,State Hospital,Oyo,X-Ray Machine,Radiant Suppliers,China
161,20,270,2024-03-05,City Medical Center,Lagos,MRI Machine,MedTech Co.,USA
162,6,300,2024-03-10,General Hospital,Rivers,CT Scanner,TechHealth Inc.,Canada
163,15,250,2024-03-15,Central Clinic,Ogun,Ultrasound,HealthEquip Ltd.,UK
164,4,450,2024-03-20,Healing Touch Hospital,Enugu,MRI Machine,Radiant Suppliers,China
165,25,180,2024-03-25,Sunshine Medical,Lagos,X-Ray Machine,MedTech Co.,USA
166,18,600,2024-03-30,Hope Clinic,Kano,CT Scanner,HealthEquip Ltd.,UK
167,14,150,2024-04-04,Metro Medical Center,Abuja,Ultrasound,TechHealth Inc.,Canada
168,11,200,2024-04-09,State Medical Center,Oyo,MRI Machine,MedTech Co.,USA
169,30,400,2024-04-14,General Clinic,Lagos,CT Scanner,HealthEquip Ltd.,UK
170,10,150,2024-04-19,City Hospital,Rivers,Ultrasound,TechHealth Inc.,Canada
171,12,350,2024-04-24,Hope Hospital,Abuja,MRI Machine,Radiant Suppliers,China
172,10,450,2024-04-29,Healing Hands Hospital,Enugu,X-Ray Machine,HealthEquip Ltd.,UK
173,5,600,2024-05-04,Central Hospital,Kaduna,Ultrasound,MedTech Co.,USA
174,20,120,2024-05-09,State Hospital,Oyo,X-Ray Machine,Radiant Suppliers,China
175,15,330,2024-05-14,City Medical Center,Lagos,MRI Machine,TechHealth Inc.,Canada
176,10,450,2024-05-19,Central Hospital,Rivers,Ultrasound,HealthEquip Ltd.,UK
177,7,200,2024-05-24,Metro Hospital,Abuja,X-Ray Machine,Radiant Suppliers,China
178,25,280,2024-05-29,Hope Clinic,Kano,CT Scanner,TechHealth Inc.,Canada
179,30,400,2024-06-03,Sunshine Hospital,Lagos,MRI Machine,MedTech Co.,USA
180,15,170,2024-06-08,General Hospital,Enugu,Ultrasound,HealthEquip Ltd.,UK
181,12,300,2024-06-13,State Medical Center,Oyo,CT Scanner,MedTech Co.,USA
182,6,400,2024-06-18,Healing Hands Hospital,Rivers,MRI Machine,HealthEquip Ltd.,Canada
183,8,250,2024-06-23,Metro Medical Center,Abuja,X-Ray Machine,TechHealth Inc.,UK
184,14,150,2024-06-28,Central Clinic,Kaduna,Ultrasound,MedTech Co.,China
185,25,220,2024-07-03,Community Hospital,Lagos,MRI Machine,MedTech Co.,USA
186,18,600,2024-07-08,Sunshine Medical,Kano,CT Scanner,HealthEquip Ltd.,UK
187,10,150,2024-07-13,Hope Hospital,Enugu,Ultrasound,Radiant Suppliers,China
188,11,300,2024-07-18,City Medical Center,Oyo,X-Ray Machine,HealthEquip Ltd.,UK
189,25,320,2024-07-23,State Hospital,Lagos,MRI Machine,Radiant Suppliers,China
190,12,400,2024-07-28,General Hospital,Kaduna,CT Scanner,HealthEquip Ltd.,UK
191,30,200,2024-08-02,Healing Touch Hospital,Rivers,X-Ray Machine,Radiant Suppliers,China
192,15,150,2024-08-07,Metro Hospital,Abuja,Ultrasound,TechHealth Inc.,Canada
193,20,350,2024-08-12,Central Hospital,Enugu,MRI Machine,MedTech Co.,USA
194,5,450,2024-08-17,Sunshine Hospital,Lagos,CT Scanner,HealthEquip Ltd.,UK
195,10,250,2024-08-22,Community Hospital,Abuja,Ultrasound,Radiant Suppliers,China
196,14,150,2024-08-27,Hope Clinic,Kano,MRI Machine,TechHealth Inc.,Canada
197,20,300,2024-09-01,Healing Hands Hospital,Lagos,Defibrillator,SoloSupplier Inc.,UK
198,5,750,2024-09-06,City Hospital,Rivers,Ventilator,ExclusiveTech Ltd.,Germany
199,10,400,2024-09-11,Metro Medical Center,Abuja,Surgical Table,HealthEquip Ltd.,UK
200,12,200,2024-09-16,State Hospital,Oyo,MRI Machine,MedTech Co.,USA
201,10,250,2024-01-15,General Hospital,Lagos,MRI Machine,MedTech Co.,USA
202,5,200,2024-01-20,City Hospital,Abuja,MRI Machine,HealthEquip Ltd.,UK
203,20,150,2024-01-25,Central Hospital,Rivers,X-Ray Machine,Radiant Suppliers,China
204,15,300,2024-01-30,Sunshine Hospital,Lagos,CT Scanner,TechHealth Inc.,Canada
205,8,500,2024-02-04,Community Hospital,Kaduna,Ultrasound,HealthEquip Ltd.,UK
206,12,180,2024-02-09,Healing Hands Hospital,Enugu,X-Ray Machine,Radiant Suppliers,China
207,25,220,2024-02-14,Hope Hospital,Kano,MRI Machine,MedTech Co.,USA
208,30,320,2024-02-19,Unity Hospital,Lagos,CT Scanner,TechHealth Inc.,Canada
209,10,550,2024-02-24,Metro Hospital,Abuja,Ultrasound,HealthEquip Ltd.,UK
210,50,130,2024-02-29,State Hospital,Oyo,X-Ray Machine,Radiant Suppliers,China
211,20,270,2024-03-05,City Medical Center,Lagos,MRI Machine,MedTech Co.,USA
212,6,300,2024-03-10,General Hospital,Rivers,CT Scanner,TechHealth Inc.,Canada
213,15,250,2024-03-15,Central Clinic,Ogun,Ultrasound,HealthEquip Ltd.,UK
214,4,450,2024-03-20,Healing Touch Hospital,Enugu,MRI Machine,Radiant Suppliers,China
215,25,180,2024-03-25,Sunshine Medical,Lagos,X-Ray Machine,MedTech Co.,USA
216,18,600,2024-03-30,Hope Clinic,Kano,CT Scanner,HealthEquip Ltd.,UK
217,14,150,2024-04-04,Metro Medical Center,Abuja,Ultrasound,TechHealth Inc.,Canada
218,11,200,2024-04-09,State Medical Center,Oyo,MRI Machine,MedTech Co.,USA
219,30,400,2024-04-14,General Clinic,Lagos,CT Scanner,HealthEquip Ltd.,UK
220,10,150,2024-04-19,City Hospital,Rivers,Ultrasound,TechHealth Inc.,Canada
221,12,350,2024-04-24,Hope Hospital,Abuja,MRI Machine,Radiant Suppliers,China
222,10,450,2024-04-29,Healing Hands Hospital,Enugu,X-Ray Machine,HealthEquip Ltd.,UK
223,5,600,2024-05-04,Central Hospital,Kaduna,Ultrasound,MedTech Co.,USA
224,20,120,2024-05-09,State Hospital,Oyo,X-Ray Machine,Radiant Suppliers,China
225,15,330,2024-05-14,City Medical Center,Lagos,MRI Machine,TechHealth Inc.,Canada
226,10,450,2024-05-19,Central Hospital,Rivers,Ultrasound,HealthEquip Ltd.,UK
227,7,200,2024-05-24,Metro Hospital,Abuja,X-Ray Machine,Radiant Suppliers,China
228,25,280,2024-05-29,Hope Clinic,Kano,CT Scanner,TechHealth Inc.,Canada
229,30,400,2024-06-03,Sunshine Hospital,Lagos,MRI Machine,MedTech Co.,USA
230,15,170,2024-06-08,General Hospital,Enugu,Ultrasound,HealthEquip Ltd.,UK
231,12,300,2024-06-13,State Medical Center,Oyo,CT Scanner,MedTech Co.,USA
232,6,400,2024-06-18,Healing Hands Hospital,Rivers,MRI Machine,HealthEquip Ltd.,Canada
233,8,250,2024-06-23,Metro Medical Center,Abuja,X-Ray Machine,TechHealth Inc.,UK
234,14,150,2024-06-28,Central Clinic,Kaduna,Ultrasound,MedTech Co.,China
235,25,220,2024-07-03,Community Hospital,Lagos,MRI Machine,MedTech Co.,USA
236,18,600,2024-07-08,Sunshine Medical,Kano,CT Scanner,HealthEquip Ltd.,UK
237,10,150,2024-07-13,Hope Hospital,Enugu,Ultrasound,Radiant Suppliers,China
238,11,300,2024-07-18,City Medical Center,Oyo,X-Ray Machine,HealthEquip Ltd.,UK
239,25,320,2024-07-23,State Hospital,Lagos,MRI Machine,Radiant Suppliers,China
240,12,400,2024-07-28,General Hospital,Kaduna,CT Scanner,HealthEquip Ltd.,UK
241,30,200,2024-08-02,Healing Touch Hospital,Rivers,X-Ray Machine,Radiant Suppliers,China
242,15,150,2024-08-07,Metro Hospital,Abuja,Ultrasound,TechHealth Inc.,Canada
243,20,350,2024-08-12,Central Hospital,Enugu,MRI Machine,MedTech Co.,USA
244,5,450,2024-08-17,Sunshine Hospital,Lagos,CT Scanner,HealthEquip Ltd.,UK
245,10,250,2024-08-22,Community Hospital,Abuja,Ultrasound,Radiant Suppliers,China
246,14,150,2024-08-27,Hope Clinic,Kano,MRI Machine,TechHealth Inc.,Canada
247,20,300,2024-09-01,Healing Hands Hospital,Lagos,Defibrillator,SoloSupplier Inc.,UK
248,5,750,2024-09-06,City Hospital,Rivers,Ventilator,ExclusiveTech Ltd.,Germany
249,10,400,2024-09-11,Metro Medical Center,Abuja,Surgical Table,HealthEquip Ltd.,UK
250,12,200,2024-09-16,State Hospital,Oyo,MRI Machine,MedTech Co.,USA
251,10,250,2024-01-15,General Hospital,Lagos,MRI Machine,MedTech Co.,USA
252,5,200,2024-01-20,City Hospital,Abuja,MRI Machine,HealthEquip Ltd.,UK
253,20,150,2024-01-25,Central Hospital,Rivers,X-Ray Machine,Radiant Suppliers,China
254,15,300,2024-01-30,Sunshine Hospital,Lagos,CT Scanner,TechHealth Inc.,Canada
255,8,500,2024-02-04,Community Hospital,Kaduna,Ultrasound,HealthEquip Ltd.,UK
256,12,180,2024-02-09,Healing Hands Hospital,Enugu,X-Ray Machine,Radiant Suppliers,China
257,25,220,2024-02-14,Hope Hospital,Kano,MRI Machine,MedTech Co.,USA
258,30,320,2024-02-19,Unity Hospital,Lagos,CT Scanner,TechHealth Inc.,Canada
259,10,550,2024-02-24,Metro Hospital,Abuja,Ultrasound,HealthEquip Ltd.,UK
260,50,130,2024-02-29,State Hospital,Oyo,X-Ray Machine,Radiant Suppliers,China
261,20,270,2024-03-05,City Medical Center,Lagos,MRI Machine,MedTech Co.,USA
262,6,300,2024-03-10,General Hospital,Rivers,CT Scanner,TechHealth Inc.,Canada
263,15,250,2024-03-15,Central Clinic,Ogun,Ultrasound,HealthEquip Ltd.,UK
264,4,450,2024-03-20,Healing Touch Hospital,Enugu,MRI Machine,Radiant Suppliers,China
265,25,180,2024-03-25,Sunshine Medical,Lagos,X-Ray Machine,MedTech Co.,USA
266,18,600,2024-03-30,Hope Clinic,Kano,CT Scanner,HealthEquip Ltd.,UK
267,14,150,2024-04-04,Metro Medical Center,Abuja,Ultrasound,TechHealth Inc.,Canada
268,11,200,2024-04-09,State Medical Center,Oyo,MRI Machine,MedTech Co.,USA
269,30,400,2024-04-14,General Clinic,Lagos,CT Scanner,HealthEquip Ltd.,UK
270,10,150,2024-04-19,City Hospital,Rivers,Ultrasound,TechHealth Inc.,Canada
271,12,350,2024-04-24,Hope Hospital,Abuja,MRI Machine,Radiant Suppliers,China
272,10,450,2024-04-29,Healing Hands Hospital,Enugu,X-Ray Machine,HealthEquip Ltd.,UK
273,5,600,2024-05-04,Central Hospital,Kaduna,Ultrasound,MedTech Co.,USA
274,20,120,2024-05-09,State Hospital,Oyo,X-Ray Machine,Radiant Suppliers,China
275,15,330,2024-05-14,City Medical Center,Lagos,MRI Machine,TechHealth Inc.,Canada
276,10,450,2024-05-19,Central Hospital,Rivers,Ultrasound,HealthEquip Ltd.,UK
277,7,200,2024-05-24,Metro Hospital,Abuja,X-Ray Machine,Radiant Suppliers,China
278,25,280,2024-05-29,Hope Clinic,Kano,CT Scanner,TechHealth Inc.,Canada
279,30,400,2024-06-03,Sunshine Hospital,Lagos,MRI Machine,MedTech Co.,USA
280,15,170,2024-06-08,General Hospital,Enugu,Ultrasound,HealthEquip Ltd.,UK
281,12,300,2024-06-13,State Medical Center,Oyo,CT Scanner,MedTech Co.,USA
282,6,400,2024-06-18,Healing Hands Hospital,Rivers,MRI Machine,HealthEquip Ltd.,Canada
283,8,250,2024-06-23,Metro Medical Center,Abuja,X-Ray Machine,TechHealth Inc.,UK
284,14,150,2024-06-28,Central Clinic,Kaduna,Ultrasound,MedTech Co.,China
285,25,220,2024-07-03,Community Hospital,Lagos,MRI Machine,MedTech Co.,USA
286,18,600,2024-07-08,Sunshine Medical,Kano,CT Scanner,HealthEquip Ltd.,UK
287,10,150,2024-07-13,Hope Hospital,Enugu,Ultrasound,Radiant Suppliers,China
288,11,300,2024-07-18,City Medical Center,Oyo,X-Ray Machine,HealthEquip Ltd.,UK
289,25,320,2024-07-23,State Hospital,Lagos,MRI Machine,Radiant Suppliers,China
290,12,400,2024-07-28,General Hospital,Kaduna,CT Scanner,HealthEquip Ltd.,UK
291,30,200,2024-08-02,Healing Touch Hospital,Rivers,X-Ray Machine,Radiant Suppliers,China
292,15,150,2024-08-07,Metro Hospital,Abuja,Ultrasound,TechHealth Inc.,Canada
293,20,350,2024-08-12,Central Hospital,Enugu,MRI Machine,MedTech Co.,USA
294,5,450,2024-08-17,Sunshine Hospital,Lagos,CT Scanner,HealthEquip Ltd.,UK
295,10,250,2024-08-22,Community Hospital,Abuja,Ultrasound,Radiant Suppliers,China
296,14,150,2024-08-27,Hope Clinic,Kano,MRI Machine,TechHealth Inc.,Canada
297,20,300,2024-09-01,Healing Hands Hospital,Lagos,Defibrillator,SoloSupplier Inc.,UK
298,5,750,2024-09-06,City Hospital,Rivers,Ventilator,ExclusiveTech Ltd.,Germany
299,10,400,2024-09-11,Metro Medical Center,Abuja,Surgical Table,HealthEquip Ltd.,UK
300,12,200,2024-09-16,State Hospital,Oyo,MRI Machine,MedTech Co.,USA
301,10,250,2024-01-15,General Hospital,Lagos,MRI Machine,MedTech Co.,USA
302,5,200,2024-01-20,City Hospital,Abuja,MRI Machine,HealthEquip Ltd.,UK
303,20,150,2024-01-25,Central Hospital,Rivers,X-Ray Machine,Radiant Suppliers,China
304,15,300,2024-01-30,Sunshine Hospital,Lagos,CT Scanner,TechHealth Inc.,Canada
305,8,500,2024-02-04,Community Hospital,Kaduna,Ultrasound,HealthEquip Ltd.,UK
306,12,180,2024-02-09,Healing Hands Hospital,Enugu,X-Ray Machine,Radiant Suppliers,China
307,25,220,2024-02-14,Hope Hospital,Kano,MRI Machine,MedTech Co.,USA
308,30,320,2024-02-19,Unity Hospital,Lagos,CT Scanner,TechHealth Inc.,Canada
309,10,550,2024-02-24,Metro Hospital,Abuja,Ultrasound,HealthEquip Ltd.,UK
310,50,130,2024-02-29,State Hospital,Oyo,X-Ray Machine,Radiant Suppliers,China
311,20,270,2024-03-05,City Medical Center,Lagos,MRI Machine,MedTech Co.,USA
312,6,300,2024-03-10,General Hospital,Rivers,CT Scanner,TechHealth Inc.,Canada
313,15,250,2024-03-15,Central Clinic,Ogun,Ultrasound,HealthEquip Ltd.,UK
314,4,450,2024-03-20,Healing Touch Hospital,Enugu,MRI Machine,Radiant Suppliers,China
315,25,180,2024-03-25,Sunshine Medical,Lagos,X-Ray Machine,MedTech Co.,USA
316,18,600,2024-03-30,Hope Clinic,Kano,CT Scanner,HealthEquip Ltd.,UK
317,14,150,2024-04-04,Metro Medical Center,Abuja,Ultrasound,TechHealth Inc.,Canada
318,11,200,2024-04-09,State Medical Center,Oyo,MRI Machine,MedTech Co.,USA
319,30,400,2024-04-14,General Clinic,Lagos,CT Scanner,HealthEquip Ltd.,UK
320,10,150,2024-04-19,City Hospital,Rivers,Ultrasound,TechHealth Inc.,Canada
321,12,350,2024-04-24,Hope Hospital,Abuja,MRI Machine,Radiant Suppliers,China
322,10,450,2024-04-29,Healing Hands Hospital,Enugu,X-Ray Machine,HealthEquip Ltd.,UK
323,5,600,2024-05-04,Central Hospital,Kaduna,Ultrasound,MedTech Co.,USA
324,20,120,2024-05-09,State Hospital,Oyo,X-Ray Machine,Radiant Suppliers,China
325,15,330,2024-05-14,City Medical Center,Lagos,MRI Machine,TechHealth Inc.,Canada
326,10,450,2024-05-19,Central Hospital,Rivers,Ultrasound,HealthEquip Ltd.,UK
327,7,200,2024-05-24,Metro Hospital,Abuja,X-Ray Machine,Radiant Suppliers,China
328,25,280,2024-05-29,Hope Clinic,Kano,CT Scanner,TechHealth Inc.,Canada
329,30,400,2024-06-03,Sunshine Hospital,Lagos,MRI Machine,MedTech Co.,USA
330,15,170,2024-06-08,General Hospital,Enugu,Ultrasound,HealthEquip Ltd.,UK
331,12,300,2024-06-13,State Medical Center,Oyo,CT Scanner,MedTech Co.,USA
332,6,400,2024-06-18,Healing Hands Hospital,Rivers,MRI Machine,HealthEquip Ltd.,Canada
333,8,250,2024-06-23,Metro Medical Center,Abuja,X-Ray Machine,TechHealth Inc.,UK
334,14,150,2024-06-28,Central Clinic,Kaduna,Ultrasound,MedTech Co.,China
335,25,220,2024-07-03,Community Hospital,Lagos,MRI Machine,MedTech Co.,USA
336,18,600,2024-07-08,Sunshine Medical,Kano,CT Scanner,HealthEquip Ltd.,UK
337,10,150,2024-07-13,Hope Hospital,Enugu,Ultrasound,Radiant Suppliers,China
338,11,300,2024-07-18,City Medical Center,Oyo,X-Ray Machine,HealthEquip Ltd.,UK
339,25,320,2024-07-23,State Hospital,Lagos,MRI Machine,Radiant Suppliers,China
340,12,400,2024-07-28,General Hospital,Kaduna,CT Scanner,HealthEquip Ltd.,UK
341,30,200,2024-08-02,Healing Touch Hospital,Rivers,X-Ray Machine,Radiant Suppliers,China
342,15,150,2024-08-07,Metro Hospital,Abuja,Ultrasound,TechHealth Inc.,Canada
343,20,350,2024-08-12,Central Hospital,Enugu,MRI Machine,MedTech Co.,USA
344,5,450,2024-08-17,Sunshine Hospital,Lagos,CT Scanner,HealthEquip Ltd.,UK
345,10,250,2024-08-22,Community Hospital,Abuja,Ultrasound,Radiant Suppliers,China
346,14,150,2024-08-27,Hope Clinic,Kano,MRI Machine,TechHealth Inc.,Canada
347,20,300,2024-09-01,Healing Hands Hospital,Lagos,Defibrillator,SoloSupplier Inc.,UK
348,5,750,2024-09-06,City Hospital,Rivers,Ventilator,ExclusiveTech Ltd.,Germany
349,10,400,2024-09-11,Metro Medical Center,Abuja,Surgical Table,HealthEquip Ltd.,UK
350,12,200,2024-09-16,State Hospital,Oyo,MRI Machine,MedTech Co.,USA
351,10,250,2024-01-15,General Hospital,Lagos,MRI Machine,MedTech Co.,USA
352,5,200,2024-01-20,City Hospital,Abuja,MRI Machine,HealthEquip Ltd.,UK
353,20,150,2024-01-25,Central Hospital,Rivers,X-Ray Machine,Radiant Suppliers,China
354,15,300,2024-01-30,Sunshine Hospital,Lagos,CT Scanner,TechHealth Inc.,Canada
355,8,500,2024-02-04,Community Hospital,Kaduna,Ultrasound,HealthEquip Ltd.,UK
356,12,180,2024-02-09,Healing Hands Hospital,Enugu,X-Ray Machine,Radiant Suppliers,China
357,25,220,2024-02-14,Hope Hospital,Kano,MRI Machine,MedTech Co.,USA
358,30,320,2024-02-19,Unity Hospital,Lagos,CT Scanner,TechHealth Inc.,Canada
359,10,550,2024-02-24,Metro Hospital,Abuja,Ultrasound,HealthEquip Ltd.,UK
360,50,130,2024-02-29,State Hospital,Oyo,X-Ray Machine,Radiant Suppliers,China
361,20,270,2024-03-05,City Medical Center,Lagos,MRI Machine,MedTech Co.,USA
362,6,300,2024-03-10,General Hospital,Rivers,CT Scanner,TechHealth Inc.,Canada
363,15,250,2024-03-15,Central Clinic,Ogun,Ultrasound,HealthEquip Ltd.,UK
364,4,450,2024-03-20,Healing Touch Hospital,Enugu,MRI Machine,Radiant Suppliers,China
365,25,180,2024-03-25,Sunshine Medical,Lagos,X-Ray Machine,MedTech Co.,USA
366,18,600,2024-03-30,Hope Clinic,Kano,CT Scanner,HealthEquip Ltd.,UK
367,14,150,2024-04-04,Metro Medical Center,Abuja,Ultrasound,TechHealth Inc.,Canada
368,11,200,2024-04-09,State Medical Center,Oyo,MRI Machine,MedTech Co.,USA
369,30,400,2024-04-14,General Clinic,Lagos,CT Scanner,HealthEquip Ltd.,UK
370,10,150,2024-04-19,City Hospital,Rivers,Ultrasound,TechHealth Inc.,Canada
371,12,350,2024-04-24,Hope Hospital,Abuja,MRI Machine,Radiant Suppliers,China
372,10,450,2024-04-29,Healing Hands Hospital,Enugu,X-Ray Machine,HealthEquip Ltd.,UK
373,5,600,2024-05-04,Central Hospital,Kaduna,Ultrasound,MedTech Co.,USA
374,20,120,2024-05-09,State Hospital,Oyo,X-Ray Machine,Radiant Suppliers,China
375,15,330,2024-05-14,City Medical Center,Lagos,MRI Machine,TechHealth Inc.,Canada
376,10,450,2024-05-19,Central Hospital,Rivers,Ultrasound,HealthEquip Ltd.,UK
377,7,200,2024-05-24,Metro Hospital,Abuja,X-Ray Machine,Radiant Suppliers,China
378,25,280,2024-05-29,Hope Clinic,Kano,CT Scanner,TechHealth Inc.,Canada
379,30,400,2024-06-03,Sunshine Hospital,Lagos,MRI Machine,MedTech Co.,USA
380,15,170,2024-06-08,General Hospital,Enugu,Ultrasound,HealthEquip Ltd.,UK
381,12,300,2024-06-13,State Medical Center,Oyo,CT Scanner,MedTech Co.,USA
382,6,400,2024-06-18,Healing Hands Hospital,Rivers,MRI Machine,HealthEquip Ltd.,Canada
383,8,250,2024-06-23,Metro Medical Center,Abuja,X-Ray Machine,TechHealth Inc.,UK
384,14,150,2024-06-28,Central Clinic,Kaduna,Ultrasound,MedTech Co.,China
385,25,220,2024-07-03,Community Hospital,Lagos,MRI Machine,MedTech Co.,USA
386,18,600,2024-07-08,Sunshine Medical,Kano,CT Scanner,HealthEquip Ltd.,UK
387,10,150,2024-07-13,Hope Hospital,Enugu,Ultrasound,Radiant Suppliers,China
388,11,300,2024-07-18,City Medical Center,Oyo,X-Ray Machine,HealthEquip Ltd.,UK
389,25,320,2024-07-23,State Hospital,Lagos,MRI Machine,Radiant Suppliers,China
390,12,400,2024-07-28,General Hospital,Kaduna,CT Scanner,HealthEquip Ltd.,UK
391,30,200,2024-08-02,Healing Touch Hospital,Rivers,X-Ray Machine,Radiant Suppliers,China
392,15,150,2024-08-07,Metro Hospital,Abuja,Ultrasound,TechHealth Inc.,Canada
393,20,350,2024-08-12,Central Hospital,Enugu,MRI Machine,MedTech Co.,USA
394,5,450,2024-08-17,Sunshine Hospital,Lagos,CT Scanner,HealthEquip Ltd.,UK
395,10,250,2024-08-22,Community Hospital,Abuja,Ultrasound,Radiant Suppliers,China
396,14,150,2024-08-27,Hope Clinic,Kano,MRI Machine,TechHealth Inc.,Canada
397,20,300,2024-09-01,Healing Hands Hospital,Lagos,Defibrillator,SoloSupplier Inc.,UK
398,5,750,2024-09-06,City Hospital,Rivers,Ventilator,ExclusiveTech Ltd.,Germany
399,10,400,2024-09-11,Metro Medical Center,Abuja,Surgical Table,HealthEquip Ltd.,UK
400,12,200,2024-09-16,State Hospital,Oyo,MRI Machine,MedTech Co.,USA
401,10,250,2024-01-15,General Hospital,Lagos,MRI Machine,MedTech Co.,USA
402,5,200,2024-01-20,City Hospital,Abuja,MRI Machine,HealthEquip Ltd.,UK
403,20,150,2024-01-25,Central Hospital,Rivers,X-Ray Machine,Radiant Suppliers,China
404,15,300,2024-01-30,Sunshine Hospital,Lagos,CT Scanner,TechHealth Inc.,Canada
405,8,500,2024-02-04,Community Hospital,Kaduna,Ultrasound,HealthEquip Ltd.,UK
406,12,180,2024-02-09,Healing Hands Hospital,Enugu,X-Ray Machine,Radiant Suppliers,China
407,25,220,2024-02-14,Hope Hospital,Kano,MRI Machine,MedTech Co.,USA
408,30,320,2024-02-19,Unity Hospital,Lagos,CT Scanner,TechHealth Inc.,Canada
409,10,550,2024-02-24,Metro Hospital,Abuja,Ultrasound,HealthEquip Ltd.,UK
410,50,130,2024-02-29,State Hospital,Oyo,X-Ray Machine,Radiant Suppliers,China
411,20,270,2024-03-05,City Medical Center,Lagos,MRI Machine,MedTech Co.,USA
412,6,300,2024-03-10,General Hospital,Rivers,CT Scanner,TechHealth Inc.,Canada
413,15,250,2024-03-15,Central Clinic,Ogun,Ultrasound,HealthEquip Ltd.,UK
414,4,450,2024-03-20,Healing Touch Hospital,Enugu,MRI Machine,Radiant Suppliers,China
415,25,180,2024-03-25,Sunshine Medical,Lagos,X-Ray Machine,MedTech Co.,USA
416,18,600,2024-03-30,Hope Clinic,Kano,CT Scanner,HealthEquip Ltd.,UK
417,14,150,2024-04-04,Metro Medical Center,Abuja,Ultrasound,TechHealth Inc.,Canada
418,11,200,2024-04-09,State Medical Center,Oyo,MRI Machine,MedTech Co.,USA
419,30,400,2024-04-14,General Clinic,Lagos,CT Scanner,HealthEquip Ltd.,UK
420,10,150,2024-04-19,City Hospital,Rivers,Ultrasound,TechHealth Inc.,Canada
421,12,350,2024-04-24,Hope Hospital,Abuja,MRI Machine,Radiant Suppliers,China
422,10,450,2024-04-29,Healing Hands Hospital,Enugu,X-Ray Machine,HealthEquip Ltd.,UK
423,5,600,2024-05-04,Central Hospital,Kaduna,Ultrasound,MedTech Co.,USA
424,20,120,2024-05-09,State Hospital,Oyo,X-Ray Machine,Radiant Suppliers,China
425,15,330,2024-05-14,City Medical Center,Lagos,MRI Machine,TechHealth Inc.,Canada
426,10,450,2024-05-19,Central Hospital,Rivers,Ultrasound,HealthEquip Ltd.,UK
427,7,200,2024-05-24,Metro Hospital,Abuja,X-Ray Machine,Radiant Suppliers,China
428,25,280,2024-05-29,Hope Clinic,Kano,CT Scanner,TechHealth Inc.,Canada
429,30,400,2024-06-03,Sunshine Hospital,Lagos,MRI Machine,MedTech Co.,USA
430,15,170,2024-06-08,General Hospital,Enugu,Ultrasound,HealthEquip Ltd.,UK
431,12,300,2024-06-13,State Medical Center,Oyo,CT Scanner,MedTech Co.,USA
432,6,400,2024-06-18,Healing Hands Hospital,Rivers,MRI Machine,HealthEquip Ltd.,Canada
433,8,250,2024-06-23,Metro Medical Center,Abuja,X-Ray Machine,TechHealth Inc.,UK
434,14,150,2024-06-28,Central Clinic,Kaduna,Ultrasound,MedTech Co.,China
435,25,220,2024-07-03,Community Hospital,Lagos,MRI Machine,MedTech Co.,USA
436,18,600,2024-07-08,Sunshine Medical,Kano,CT Scanner,HealthEquip Ltd.,UK
437,10,150,2024-07-13,Hope Hospital,Enugu,Ultrasound,Radiant Suppliers,China
438,11,300,2024-07-18,City Medical Center,Oyo,X-Ray Machine,HealthEquip Ltd.,UK
439,25,320,2024-07-23,State Hospital,Lagos,MRI Machine,Radiant Suppliers,China
440,12,400,2024-07-28,General Hospital,Kaduna,CT Scanner,HealthEquip Ltd.,UK
441,30,200,2024-08-02,Healing Touch Hospital,Rivers,X-Ray Machine,Radiant Suppliers,China
442,15,150,2024-08-07,Metro Hospital,Abuja,Ultrasound,TechHealth Inc.,Canada
443,20,350,2024-08-12,Central Hospital,Enugu,MRI Machine,MedTech Co.,USA
444,5,450,2024-08-17,Sunshine Hospital,Lagos,CT Scanner,HealthEquip Ltd.,UK
445,10,250,2024-08-22,Community Hospital,Abuja,Ultrasound,Radiant Suppliers,China
446,14,150,2024-08-27,Hope Clinic,Kano,MRI Machine,TechHealth Inc.,Canada
447,20,300,2024-09-01,Healing Hands Hospital,Lagos,Defibrillator,SoloSupplier Inc.,UK
448,5,750,2024-09-06,City Hospital,Rivers,Ventilator,ExclusiveTech Ltd.,Germany
449,10,400,2024-09-11,Metro Medical Center,Abuja,Surgical Table,HealthEquip Ltd.,UK
450,12,200,2024-09-16,State Hospital,Oyo,MRI Machine,MedTech Co.,USA
451,10,250,2024-01-15,General Hospital,Lagos,MRI Machine,MedTech Co.,USA
452,5,200,2024-01-20,City Hospital,Abuja,MRI Machine,HealthEquip Ltd.,UK
453,20,150,2024-01-25,Central Hospital,Rivers,X-Ray Machine,Radiant Suppliers,China
454,15,300,2024-01-30,Sunshine Hospital,Lagos,CT Scanner,TechHealth Inc.,Canada
455,8,500,2024-02-04,Community Hospital,Kaduna,Ultrasound,HealthEquip Ltd.,UK
456,12,180,2024-02-09,Healing Hands Hospital,Enugu,X-Ray Machine,Radiant Suppliers,China
457,25,220,2024-02-14,Hope Hospital,Kano,MRI Machine,MedTech Co.,USA
458,30,320,2024-02-19,Unity Hospital,Lagos,CT Scanner,TechHealth Inc.,Canada
459,10,550,2024-02-24,Metro Hospital,Abuja,Ultrasound,HealthEquip Ltd.,UK
460,50,130,2024-02-29,State Hospital,Oyo,X-Ray Machine,Radiant Suppliers,China
461,20,270,2024-03-05,City Medical Center,Lagos,MRI Machine,MedTech Co.,USA
462,6,300,2024-03-10,General Hospital,Rivers,CT Scanner,TechHealth Inc.,Canada
463,15,250,2024-03-15,Central Clinic,Ogun,Ultrasound,HealthEquip Ltd.,UK
464,4,450,2024-03-20,Healing Touch Hospital,Enugu,MRI Machine,Radiant Suppliers,China
465,25,180,2024-03-25,Sunshine Medical,Lagos,X-Ray Machine,MedTech Co.,USA
466,18,600,2024-03-30,Hope Clinic,Kano,CT Scanner,HealthEquip Ltd.,UK
467,14,150,2024-04-04,Metro Medical Center,Abuja,Ultrasound,TechHealth Inc.,Canada
468,11,200,2024-04-09,State Medical Center,Oyo,MRI Machine,MedTech Co.,USA
469,30,400,2024-04-14,General Clinic,Lagos,CT Scanner,HealthEquip Ltd.,UK
470,10,150,2024-04-19,City Hospital,Rivers,Ultrasound,TechHealth Inc.,Canada
471,12,350,2024-04-24,Hope Hospital,Abuja,MRI Machine,Radiant Suppliers,China
472,10,450,2024-04-29,Healing Hands Hospital,Enugu,X-Ray Machine,HealthEquip Ltd.,UK
473,5,600,2024-05-04,Central Hospital,Kaduna,Ultrasound,MedTech Co.,USA
474,20,120,2024-05-09,State Hospital,Oyo,X-Ray Machine,Radiant Suppliers,China
475,15,330,2024-05-14,City Medical Center,Lagos,MRI Machine,TechHealth Inc.,Canada
476,10,450,2024-05-19,Central Hospital,Rivers,Ultrasound,HealthEquip Ltd.,UK
477,7,200,2024-05-24,Metro Hospital,Abuja,X-Ray Machine,Radiant Suppliers,China
478,25,280,2024-05-29,Hope Clinic,Kano,CT Scanner,TechHealth Inc.,Canada
479,30,400,2024-06-03,Sunshine Hospital,Lagos,MRI Machine,MedTech Co.,USA
480,15,170,2024-06-08,General Hospital,Enugu,Ultrasound,HealthEquip Ltd.,UK
481,12,300,2024-06-13,State Medical Center,Oyo,CT Scanner,MedTech Co.,USA
482,6,400,2024-06-18,Healing Hands Hospital,Rivers,MRI Machine,HealthEquip Ltd.,Canada
483,8,250,2024-06-23,Metro Medical Center,Abuja,X-Ray Machine,TechHealth Inc.,UK
484,14,150,2024-06-28,Central Clinic,Kaduna,Ultrasound,MedTech Co.,China
485,25,220,2024-07-03,Community Hospital,Lagos,MRI Machine,MedTech Co.,USA
486,18,600,2024-07-08,Sunshine Medical,Kano,CT Scanner,HealthEquip Ltd.,UK
487,10,150,2024-07-13,Hope Hospital,Enugu,Ultrasound,Radiant Suppliers,China
488,11,300,2024-07-18,City Medical Center,Oyo,X-Ray Machine,HealthEquip Ltd.,UK
489,25,320,2024-07-23,State Hospital,Lagos,MRI Machine,Radiant Suppliers,China
490,12,400,2024-07-28,General Hospital,Kaduna,CT Scanner,HealthEquip Ltd.,UK
491,30,200,2024-08-02,Healing Touch Hospital,Rivers,X-Ray Machine,Radiant Suppliers,China
492,15,150,2024-08-07,Metro Hospital,Abuja,Ultrasound,TechHealth Inc.,Canada
493,20,350,2024-08-12,Central Hospital,Enugu,MRI Machine,MedTech Co.,USA
494,5,450,2024-08-17,Sunshine Hospital,Lagos,CT Scanner,HealthEquip Ltd.,UK
495,10,250,2024-08-22,Community Hospital,Abuja,Ultrasound,Radiant Suppliers,China
496,14,150,2024-08-27,Hope Clinic,Kano,MRI Machine,TechHealth Inc.,Canada
497,20,300,2024-09-01,Healing Hands Hospital,Lagos,Defibrillator,SoloSupplier Inc.,UK
498,5,750,2024-09-06,City Hospital,Rivers,Ventilator,ExclusiveTech Ltd.,Germany
499,10,400,2024-09-11,Metro Medical Center,Abuja,Surgical Table,HealthEquip Ltd.,UK
500,12,200,2024-09-16,State Hospital,Oyo,MRI Machine,MedTech Co.,USA
501,10,250,2024-01-15,General Hospital,Lagos,MRI Machine,MedTech Co.,USA
502,5,200,2024-01-20,City Hospital,Abuja,MRI Machine,HealthEquip Ltd.,UK
503,20,150,2024-01-25,Central Hospital,Rivers,X-Ray Machine,Radiant Suppliers,China
504,15,300,2024-01-30,Sunshine Hospital,Lagos,CT Scanner,TechHealth Inc.,Canada
505,8,500,2024-02-04,Community Hospital,Kaduna,Ultrasound,HealthEquip Ltd.,UK
506,12,180,2024-02-09,Healing Hands Hospital,Enugu,X-Ray Machine,Radiant Suppliers,China
507,25,220,2024-02-14,Hope Hospital,Kano,MRI Machine,MedTech Co.,USA
508,30,320,2024-02-19,Unity Hospital,Lagos,CT Scanner,TechHealth Inc.,Canada
509,10,550,2024-02-24,Metro Hospital,Abuja,Ultrasound,HealthEquip Ltd.,UK
510,50,130,2024-02-29,State Hospital,Oyo,X-Ray Machine,Radiant Suppliers,China
511,20,270,2024-03-05,City Medical Center,Lagos,MRI Machine,MedTech Co.,USA
512,6,300,2024-03-10,General Hospital,Rivers,CT Scanner,TechHealth Inc.,Canada
513,15,250,2024-03-15,Central Clinic,Ogun,Ultrasound,HealthEquip Ltd.,UK
514,4,450,2024-03-20,Healing Touch Hospital,Enugu,MRI Machine,Radiant Suppliers,China
515,25,180,2024-03-25,Sunshine Medical,Lagos,X-Ray Machine,MedTech Co.,USA
516,18,600,2024-03-30,Hope Clinic,Kano,CT Scanner,HealthEquip Ltd.,UK
517,14,150,2024-04-04,Metro Medical Center,Abuja,Ultrasound,TechHealth Inc.,Canada
518,11,200,2024-04-09,State Medical Center,Oyo,MRI Machine,MedTech Co.,USA
519,30,400,2024-04-14,General Clinic,Lagos,CT Scanner,HealthEquip Ltd.,UK
520,10,150,2024-04-19,City Hospital,Rivers,Ultrasound,TechHealth Inc.,Canada
521,12,350,2024-04-24,Hope Hospital,Abuja,MRI Machine,Radiant Suppliers,China
522,10,450,2024-04-29,Healing Hands Hospital,Enugu,X-Ray Machine,HealthEquip Ltd.,UK
523,5,600,2024-05-04,Central Hospital,Kaduna,Ultrasound,MedTech Co.,USA
524,20,120,2024-05-09,State Hospital,Oyo,X-Ray Machine,Radiant Suppliers,China
525,15,330,2024-05-14,City Medical Center,Lagos,MRI Machine,TechHealth Inc.,Canada
526,10,450,2024-05-19,Central Hospital,Rivers,Ultrasound,HealthEquip Ltd.,UK
527,7,200,2024-05-24,Metro Hospital,Abuja,X-Ray Machine,Radiant Suppliers,China
528,25,280,2024-05-29,Hope Clinic,Kano,CT Scanner,TechHealth Inc.,Canada
529,30,400,2024-06-03,Sunshine Hospital,Lagos,MRI Machine,MedTech Co.,USA
530,15,170,2024-06-08,General Hospital,Enugu,Ultrasound,HealthEquip Ltd.,UK
531,12,300,2024-06-13,State Medical Center,Oyo,CT Scanner,MedTech Co.,USA
532,6,400,2024-06-18,Healing Hands Hospital,Rivers,MRI Machine,HealthEquip Ltd.,Canada
533,8,250,2024-06-23,Metro Medical Center,Abuja,X-Ray Machine,TechHealth Inc.,UK
534,14,150,2024-06-28,Central Clinic,Kaduna,Ultrasound,MedTech Co.,China
535,25,220,2024-07-03,Community Hospital,Lagos,MRI Machine,MedTech Co.,USA
536,18,600,2024-07-08,Sunshine Medical,Kano,CT Scanner,HealthEquip Ltd.,UK
537,10,150,2024-07-13,Hope Hospital,Enugu,Ultrasound,Radiant Suppliers,China
538,11,300,2024-07-18,City Medical Center,Oyo,X-Ray Machine,HealthEquip Ltd.,UK
539,25,320,2024-07-23,State Hospital,Lagos,MRI Machine,Radiant Suppliers,China
540,12,400,2024-07-28,General Hospital,Kaduna,CT Scanner,HealthEquip Ltd.,UK
541,30,200,2024-08-02,Healing Touch Hospital,Rivers,X-Ray Machine,Radiant Suppliers,China
542,15,150,2024-08-07,Metro Hospital,Abuja,Ultrasound,TechHealth Inc.,Canada
543,20,350,2024-08-12,Central Hospital,Enugu,MRI Machine,MedTech Co.,USA
544,5,450,2024-08-17,Sunshine Hospital,Lagos,CT Scanner,HealthEquip Ltd.,UK
545,10,250,2024-08-22,Community Hospital,Abuja,Ultrasound,Radiant Suppliers,China
546,14,150,2024-08-27,Hope Clinic,Kano,MRI Machine,TechHealth Inc.,Canada
547,20,300,2024-09-01,Healing Hands Hospital,Lagos,Defibrillator,SoloSupplier Inc.,UK
548,5,750,2024-09-06,City Hospital,Rivers,Ventilator,ExclusiveTech Ltd.,Germany
549,10,400,2024-09-11,Metro Medical Center,Abuja,Surgical Table,HealthEquip Ltd.,UK
550,12,200,2024-09-16,State Hospital,Oyo,MRI Machine,MedTech Co.,USA
551,10,250,2024-01-15,General Hospital,Lagos,MRI Machine,MedTech Co.,USA
552,5,200,2024-01-20,City Hospital,Abuja,MRI Machine,HealthEquip Ltd.,UK
553,20,150,2024-01-25,Central Hospital,Rivers,X-Ray Machine,Radiant Suppliers,China
554,15,300,2024-01-30,Sunshine Hospital,Lagos,CT Scanner,TechHealth Inc.,Canada
555,8,500,2024-02-04,Community Hospital,Kaduna,Ultrasound,HealthEquip Ltd.,UK
556,12,180,2024-02-09,Healing Hands Hospital,Enugu,X-Ray Machine,Radiant Suppliers,China
557,25,220,2024-02-14,Hope Hospital,Kano,MRI Machine,MedTech Co.,USA
558,30,320,2024-02-19,Unity Hospital,Lagos,CT Scanner,TechHealth Inc.,Canada
559,10,550,2024-02-24,Metro Hospital,Abuja,Ultrasound,HealthEquip Ltd.,UK
560,50,130,2024-02-29,State Hospital,Oyo,X-Ray Machine,Radiant Suppliers,China
561,20,270,2024-03-05,City Medical Center,Lagos,MRI Machine,MedTech Co.,USA
562,6,300,2024-03-10,General Hospital,Rivers,CT Scanner,TechHealth Inc.,Canada
563,15,250,2024-03-15,Central Clinic,Ogun,Ultrasound,HealthEquip Ltd.,UK
564,4,450,2024-03-20,Healing Touch Hospital,Enugu,MRI Machine,Radiant Suppliers,China
565,25,180,2024-03-25,Sunshine Medical,Lagos,X-Ray Machine,MedTech Co.,USA
566,18,600,2024-03-30,Hope Clinic,Kano,CT Scanner,HealthEquip Ltd.,UK
567,14,150,2024-04-04,Metro Medical Center,Abuja,Ultrasound,TechHealth Inc.,Canada
568,11,200,2024-04-09,State Medical Center,Oyo,MRI Machine,MedTech Co.,USA
569,30,400,2024-04-14,General Clinic,Lagos,CT Scanner,HealthEquip Ltd.,UK
570,10,150,2024-04-19,City Hospital,Rivers,Ultrasound,TechHealth Inc.,Canada
571,12,350,2024-04-24,Hope Hospital,Abuja,MRI Machine,Radiant Suppliers,China
572,10,450,2024-04-29,Healing Hands Hospital,Enugu,X-Ray Machine,HealthEquip Ltd.,UK
573,5,600,2024-05-04,Central Hospital,Kaduna,Ultrasound,MedTech Co.,USA
574,20,120,2024-05-09,State Hospital,Oyo,X-Ray Machine,Radiant Suppliers,China
575,15,330,2024-05-14,City Medical Center,Lagos,MRI Machine,TechHealth Inc.,Canada
576,10,450,2024-05-19,Central Hospital,Rivers,Ultrasound,HealthEquip Ltd.,UK
577,7,200,2024-05-24,Metro Hospital,Abuja,X-Ray Machine,Radiant Suppliers,China
578,25,280,2024-05-29,Hope Clinic,Kano,CT Scanner,TechHealth Inc.,Canada
579,30,400,2024-06-03,Sunshine Hospital,Lagos,MRI Machine,MedTech Co.,USA
580,15,170,2024-06-08,General Hospital,Enugu,Ultrasound,HealthEquip Ltd.,UK
581,12,300,2024-06-13,State Medical Center,Oyo,CT Scanner,MedTech Co.,USA
582,6,400,2024-06-18,Healing Hands Hospital,Rivers,MRI Machine,HealthEquip Ltd.,Canada
583,8,250,2024-06-23,Metro Medical Center,Abuja,X-Ray Machine,TechHealth Inc.,UK
584,14,150,2024-06-28,Central Clinic,Kaduna,Ultrasound,MedTech Co.,China
585,25,220,2024-07-03,Community Hospital,Lagos,MRI Machine,MedTech Co.,USA
586,18,600,2024-07-08,Sunshine Medical,Kano,CT Scanner,HealthEquip Ltd.,UK
587,10,150,2024-07-13,Hope Hospital,Enugu,Ultrasound,Radiant Suppliers,China
588,11,300,2024-07-18,City Medical Center,Oyo,X-Ray Machine,HealthEquip Ltd.,UK
589,25,320,2024-07-23,State Hospital,Lagos,MRI Machine,Radiant Suppliers,China
590,12,400,2024-07-28,General Hospital,Kaduna,CT Scanner,HealthEquip Ltd.,UK
591,30,200,2024-08-02,Healing Touch Hospital,Rivers,X-Ray Machine,Radiant Suppliers,China
592,15,150,2024-08-07,Metro Hospital,Abuja,Ultrasound,TechHealth Inc.,Canada
593,20,350,2024-08-12,Central Hospital,Enugu,MRI Machine,MedTech Co.,USA
594,5,450,2024-08-17,Sunshine Hospital,Lagos,CT Scanner,HealthEquip Ltd.,UK
595,10,250,2024-08-22,Community Hospital,Abuja,Ultrasound,Radiant Suppliers,China
596,14,150,2024-08-27,Hope Clinic,Kano,MRI Machine,TechHealth Inc.,Canada
597,20,300,2024-09-01,Healing Hands Hospital,Lagos,Defibrillator,SoloSupplier Inc.,UK
598,5,750,2024-09-06,City Hospital,Rivers,Ventilator,ExclusiveTech Ltd.,Germany
599,10,400,2024-09-11,Metro Medical Center,Abuja,Surgical Table,HealthEquip Ltd.,UK
600,12,200,2024-09-16,State Hospital,Oyo,MRI Machine,MedTech Co.,USA
601,10,250,2024-01-15,General Hospital,Lagos,MRI Machine,MedTech Co.,USA
602,5,200,2024-01-20,City Hospital,Abuja,MRI Machine,HealthEquip Ltd.,UK
603,20,150,2024-01-25,Central Hospital,Rivers,X-Ray Machine,Radiant Suppliers,China
604,15,300,2024-01-30,Sunshine Hospital,Lagos,CT Scanner,TechHealth Inc.,Canada
605,8,500,2024-02-04,Community Hospital,Kaduna,Ultrasound,HealthEquip Ltd.,UK
606,12,180,2024-02-09,Healing Hands Hospital,Enugu,X-Ray Machine,Radiant Suppliers,China
607,25,220,2024-02-14,Hope Hospital,Kano,MRI Machine,MedTech Co.,USA
608,30,320,2024-02-19,Unity Hospital,Lagos,CT Scanner,TechHealth Inc.,Canada
609,10,550,2024-02-24,Metro Hospital,Abuja,Ultrasound,HealthEquip Ltd.,UK
610,50,130,2024-02-29,State Hospital,Oyo,X-Ray Machine,Radiant Suppliers,China
611,20,270,2024-03-05,City Medical Center,Lagos,MRI Machine,MedTech Co.,USA
612,6,300,2024-03-10,General Hospital,Rivers,CT Scanner,TechHealth Inc.,Canada
613,15,250,2024-03-15,Central Clinic,Ogun,Ultrasound,HealthEquip Ltd.,UK
614,4,450,2024-03-20,Healing Touch Hospital,Enugu,MRI Machine,Radiant Suppliers,China
615,25,180,2024-03-25,Sunshine Medical,Lagos,X-Ray Machine,MedTech Co.,USA
616,18,600,2024-03-30,Hope Clinic,Kano,CT Scanner,HealthEquip Ltd.,UK
617,14,150,2024-04-04,Metro Medical Center,Abuja,Ultrasound,TechHealth Inc.,Canada
618,11,200,2024-04-09,State Medical Center,Oyo,MRI Machine,MedTech Co.,USA
619,30,400,2024-04-14,General Clinic,Lagos,CT Scanner,HealthEquip Ltd.,UK
620,10,150,2024-04-19,City Hospital,Rivers,Ultrasound,TechHealth Inc.,Canada
621,12,350,2024-04-24,Hope Hospital,Abuja,MRI Machine,Radiant Suppliers,China
622,10,450,2024-04-29,Healing Hands Hospital,Enugu,X-Ray Machine,HealthEquip Ltd.,UK
623,5,600,2024-05-04,Central Hospital,Kaduna,Ultrasound,MedTech Co.,USA
624,20,120,2024-05-09,State Hospital,Oyo,X-Ray Machine,Radiant Suppliers,China
625,15,330,2024-05-14,City Medical Center,Lagos,MRI Machine,TechHealth Inc.,Canada
626,10,450,2024-05-19,Central Hospital,Rivers,Ultrasound,HealthEquip Ltd.,UK
627,7,200,2024-05-24,Metro Hospital,Abuja,X-Ray Machine,Radiant Suppliers,China
628,25,280,2024-05-29,Hope Clinic,Kano,CT Scanner,TechHealth Inc.,Canada
629,30,400,2024-06-03,Sunshine Hospital,Lagos,MRI Machine,MedTech Co.,USA
630,15,170,2024-06-08,General Hospital,Enugu,Ultrasound,HealthEquip Ltd.,UK
631,12,300,2024-06-13,State Medical Center,Oyo,CT Scanner,MedTech Co.,USA
632,6,400,2024-06-18,Healing Hands Hospital,Rivers,MRI Machine,HealthEquip Ltd.,Canada
633,8,250,2024-06-23,Metro Medical Center,Abuja,X-Ray Machine,TechHealth Inc.,UK
634,14,150,2024-06-28,Central Clinic,Kaduna,Ultrasound,MedTech Co.,China
635,25,220,2024-07-03,Community Hospital,Lagos,MRI Machine,MedTech Co.,USA
636,18,600,2024-07-08,Sunshine Medical,Kano,CT Scanner,HealthEquip Ltd.,UK
637,10,150,2024-07-13,Hope Hospital,Enugu,Ultrasound,Radiant Suppliers,China
638,11,300,2024-07-18,City Medical Center,Oyo,X-Ray Machine,HealthEquip Ltd.,UK
639,25,320,2024-07-23,State Hospital,Lagos,MRI Machine,Radiant Suppliers,China
640,12,400,2024-07-28,General Hospital,Kaduna,CT Scanner,HealthEquip Ltd.,UK
641,30,200,2024-08-02,Healing Touch Hospital,Rivers,X-Ray Machine,Radiant Suppliers,China
642,15,150,2024-08-07,Metro Hospital,Abuja,Ultrasound,TechHealth Inc.,Canada
643,20,350,2024-08-12,Central Hospital,Enugu,MRI Machine,MedTech Co.,USA
644,5,450,2024-08-17,Sunshine Hospital,Lagos,CT Scanner,HealthEquip Ltd.,UK
645,10,250,2024-08-22,Community Hospital,Abuja,Ultrasound,Radiant Suppliers,China
646,14,150,2024-08-27,Hope Clinic,Kano,MRI Machine,TechHealth Inc.,Canada
647,20,300,2024-09-01,Healing Hands Hospital,Lagos,Defibrillator,SoloSupplier Inc.,UK
648,5,750,2024-09-06,City Hospital,Rivers,Ventilator,ExclusiveTech Ltd.,Germany
649,10,400,2024-09-11,Metro Medical Center,Abuja,Surgical Table,HealthEquip Ltd.,UK
650,12,200,2024-09-16,State Hospital,Oyo,MRI Machine,MedTech Co.,USA
651,10,250,2024-01-15,General Hospital,Lagos,MRI Machine,MedTech Co.,USA
652,5,200,2024-01-20,City Hospital,Abuja,MRI Machine,HealthEquip Ltd.,UK
653,20,150,2024-01-25,Central Hospital,Rivers,X-Ray Machine,Radiant Suppliers,China
654,15,300,2024-01-30,Sunshine Hospital,Lagos,CT Scanner,TechHealth Inc.,Canada
655,8,500,2024-02-04,Community Hospital,Kaduna,Ultrasound,HealthEquip Ltd.,UK
656,12,180,2024-02-09,Healing Hands Hospital,Enugu,X-Ray Machine,Radiant Suppliers,China
657,25,220,2024-02-14,Hope Hospital,Kano,MRI Machine,MedTech Co.,USA
658,30,320,2024-02-19,Unity Hospital,Lagos,CT Scanner,TechHealth Inc.,Canada
659,10,550,2024-02-24,Metro Hospital,Abuja,Ultrasound,HealthEquip Ltd.,UK
660,50,130,2024-02-29,State Hospital,Oyo,X-Ray Machine,Radiant Suppliers,China
661,20,270,2024-03-05,City Medical Center,Lagos,MRI Machine,MedTech Co.,USA
662,6,300,2024-03-10,General Hospital,Rivers,CT Scanner,TechHealth Inc.,Canada
663,15,250,2024-03-15,Central Clinic,Ogun,Ultrasound,HealthEquip Ltd.,UK
664,4,450,2024-03-20,Healing Touch Hospital,Enugu,MRI Machine,Radiant Suppliers,China
665,25,180,2024-03-25,Sunshine Medical,Lagos,X-Ray Machine,MedTech Co.,USA
666,18,600,2024-03-30,Hope Clinic,Kano,CT Scanner,HealthEquip Ltd.,UK
667,14,150,2024-04-04,Metro Medical Center,Abuja,Ultrasound,TechHealth Inc.,Canada
668,11,200,2024-04-09,State Medical Center,Oyo,MRI Machine,MedTech Co.,USA
669,30,400,2024-04-14,General Clinic,Lagos,CT Scanner,HealthEquip Ltd.,UK
670,10,150,2024-04-19,City Hospital,Rivers,Ultrasound,TechHealth Inc.,Canada
671,12,350,2024-04-24,Hope Hospital,Abuja,MRI Machine,Radiant Suppliers,China
672,10,450,2024-04-29,Healing Hands Hospital,Enugu,X-Ray Machine,HealthEquip Ltd.,UK
673,5,600,2024-05-04,Central Hospital,Kaduna,Ultrasound,MedTech Co.,USA
674,20,120,2024-05-09,State Hospital,Oyo,X-Ray Machine,Radiant Suppliers,China
675,15,330,2024-05-14,City Medical Center,Lagos,MRI Machine,TechHealth Inc.,Canada
676,10,450,2024-05-19,Central Hospital,Rivers,Ultrasound,HealthEquip Ltd.,UK
677,7,200,2024-05-24,Metro Hospital,Abuja,X-Ray Machine,Radiant Suppliers,China
678,25,280,2024-05-29,Hope Clinic,Kano,CT Scanner,TechHealth Inc.,Canada
679,30,400,2024-06-03,Sunshine Hospital,Lagos,MRI Machine,MedTech Co.,USA
680,15,170,2024-06-08,General Hospital,Enugu,Ultrasound,HealthEquip Ltd.,UK
681,12,300,2024-06-13,State Medical Center,Oyo,CT Scanner,MedTech Co.,USA
682,6,400,2024-06-18,Healing Hands Hospital,Rivers,MRI Machine,HealthEquip Ltd.,Canada
683,8,250,2024-06-23,Metro Medical Center,Abuja,X-Ray Machine,TechHealth Inc.,UK
684,14,150,2024-06-28,Central Clinic,Kaduna,Ultrasound,MedTech Co.,China
685,25,220,2024-07-03,Community Hospital,Lagos,MRI Machine,MedTech Co.,USA
686,18,600,2024-07-08,Sunshine Medical,Kano,CT Scanner,HealthEquip Ltd.,UK
687,10,150,2024-07-13,Hope Hospital,Enugu,Ultrasound,Radiant Suppliers,China
688,11,300,2024-07-18,City Medical Center,Oyo,X-Ray Machine,HealthEquip Ltd.,UK
689,25,320,2024-07-23,State Hospital,Lagos,MRI Machine,Radiant Suppliers,China
690,12,400,2024-07-28,General Hospital,Kaduna,CT Scanner,HealthEquip Ltd.,UK
691,30,200,2024-08-02,Healing Touch Hospital,Rivers,X-Ray Machine,Radiant Suppliers,China
692,15,150,2024-08-07,Metro Hospital,Abuja,Ultrasound,TechHealth Inc.,Canada
693,20,350,2024-08-12,Central Hospital,Enugu,MRI Machine,MedTech Co.,USA
694,5,450,2024-08-17,Sunshine Hospital,Lagos,CT Scanner,HealthEquip Ltd.,UK
695,10,250,2024-08-22,Community Hospital,Abuja,Ultrasound,Radiant Suppliers,China
696,14,150,2024-08-27,Hope Clinic,Kano,MRI Machine,TechHealth Inc.,Canada
697,20,300,2024-09-01,Healing Hands Hospital,Lagos,Defibrillator,SoloSupplier Inc.,UK
698,5,750,2024-09-06,City Hospital,Rivers,Ventilator,ExclusiveTech Ltd.,Germany
699,10,400,2024-09-11,Metro Medical Center,Abuja,Surgical Table,HealthEquip Ltd.,UK
700,12,200,2024-09-16,State Hospital,Oyo,MRI Machine,MedTech Co.,USA
701,10,250,2024-01-15,General Hospital,Lagos,MRI Machine,MedTech Co.,USA
702,5,200,2024-01-20,City Hospital,Abuja,MRI Machine,HealthEquip Ltd.,UK
703,20,150,2024-01-25,Central Hospital,Rivers,X-Ray Machine,Radiant Suppliers,China
704,15,300,2024-01-30,Sunshine Hospital,Lagos,CT Scanner,TechHealth Inc.,Canada
705,8,500,2024-02-04,Community Hospital,Kaduna,Ultrasound,HealthEquip Ltd.,UK
706,12,180,2024-02-09,Healing Hands Hospital,Enugu,X-Ray Machine,Radiant Suppliers,China
707,25,220,2024-02-14,Hope Hospital,Kano,MRI Machine,MedTech Co.,USA
708,30,320,2024-02-19,Unity Hospital,Lagos,CT Scanner,TechHealth Inc.,Canada
709,10,550,2024-02-24,Metro Hospital,Abuja,Ultrasound,HealthEquip Ltd.,UK
710,50,130,2024-02-29,State Hospital,Oyo,X-Ray Machine,Radiant Suppliers,China
711,20,270,2024-03-05,City Medical Center,Lagos,MRI Machine,MedTech Co.,USA
712,6,300,2024-03-10,General Hospital,Rivers,CT Scanner,TechHealth Inc.,Canada
713,15,250,2024-03-15,Central Clinic,Ogun,Ultrasound,HealthEquip Ltd.,UK
714,4,450,2024-03-20,Healing Touch Hospital,Enugu,MRI Machine,Radiant Suppliers,China
715,25,180,2024-03-25,Sunshine Medical,Lagos,X-Ray Machine,MedTech Co.,USA
716,18,600,2024-03-30,Hope Clinic,Kano,CT Scanner,HealthEquip Ltd.,UK
717,14,150,2024-04-04,Metro Medical Center,Abuja,Ultrasound,TechHealth Inc.,Canada
718,11,200,2024-04-09,State Medical Center,Oyo,MRI Machine,MedTech Co.,USA
719,30,400,2024-04-14,General Clinic,Lagos,CT Scanner,HealthEquip Ltd.,UK
720,10,150,2024-04-19,City Hospital,Rivers,Ultrasound,TechHealth Inc.,Canada
721,12,350,2024-04-24,Hope Hospital,Abuja,MRI Machine,Radiant Suppliers,China
722,10,450,2024-04-29,Healing Hands Hospital,Enugu,X-Ray Machine,HealthEquip Ltd.,UK
723,5,600,2024-05-04,Central Hospital,Kaduna,Ultrasound,MedTech Co.,USA
724,20,120,2024-05-09,State Hospital,Oyo,X-Ray Machine,Radiant Suppliers,China
725,15,330,2024-05-14,City Medical Center,Lagos,MRI Machine,TechHealth Inc.,Canada
726,10,450,2024-05-19,Central Hospital,Rivers,Ultrasound,HealthEquip Ltd.,UK
727,7,200,2024-05-24,Metro Hospital,Abuja,X-Ray Machine,Radiant Suppliers,China
728,25,280,2024-05-29,Hope Clinic,Kano,CT Scanner,TechHealth Inc.,Canada
729,30,400,2024-06-03,Sunshine Hospital,Lagos,MRI Machine,MedTech Co.,USA
730,15,170,2024-06-08,General Hospital,Enugu,Ultrasound,HealthEquip Ltd.,UK
731,12,300,2024-06-13,State Medical Center,Oyo,CT Scanner,MedTech Co.,USA
732,6,400,2024-06-18,Healing Hands Hospital,Rivers,MRI Machine,HealthEquip Ltd.,Canada
733,8,250,2024-06-23,Metro Medical Center,Abuja,X-Ray Machine,TechHealth Inc.,UK
734,14,150,2024-06-28,Central Clinic,Kaduna,Ultrasound,MedTech Co.,China
735,25,220,2024-07-03,Community Hospital,Lagos,MRI Machine,MedTech Co.,USA
736,18,600,2024-07-08,Sunshine Medical,Kano,CT Scanner,HealthEquip Ltd.,UK
737,10,150,2024-07-13,Hope Hospital,Enugu,Ultrasound,Radiant Suppliers,China
738,11,300,2024-07-18,City Medical Center,Oyo,X-Ray Machine,HealthEquip Ltd.,UK
739,25,320,2024-07-23,State Hospital,Lagos,MRI Machine,Radiant Suppliers,China
740,12,400,2024-07-28,General Hospital,Kaduna,CT Scanner,HealthEquip Ltd.,UK
741,30,200,2024-08-02,Healing Touch Hospital,Rivers,X-Ray Machine,Radiant Suppliers,China
742,15,150,2024-08-07,Metro Hospital,Abuja,Ultrasound,TechHealth Inc.,Canada
743,20,350,2024-08-12,Central Hospital,Enugu,MRI Machine,MedTech Co.,USA
744,5,450,2024-08-17,Sunshine Hospital,Lagos,CT Scanner,HealthEquip Ltd.,UK
745,10,250,2024-08-22,Community Hospital,Abuja,Ultrasound,Radiant Suppliers,China
746,14,150,2024-08-27,Hope Clinic,Kano,MRI Machine,TechHealth Inc.,Canada
747,20,300,2024-09-01,Healing Hands Hospital,Lagos,Defibrillator,SoloSupplier Inc.,UK
748,5,750,2024-09-06,City Hospital,Rivers,Ventilator,ExclusiveTech Ltd.,Germany
749,10,400,2024-09-11,Metro Medical Center,Abuja,Surgical Table,HealthEquip Ltd.,UK
750,12,200,2024-09-16,State Hospital,Oyo,MRI Machine,MedTech Co.,USA
751,10,250,2024-01-15,General Hospital,Lagos,MRI Machine,MedTech Co.,USA
752,5,200,2024-01-20,City Hospital,Abuja,MRI Machine,HealthEquip Ltd.,UK
753,20,150,2024-01-25,Central Hospital,Rivers,X-Ray Machine,Radiant Suppliers,China
754,15,300,2024-01-30,Sunshine Hospital,Lagos,CT Scanner,TechHealth Inc.,Canada
755,8,500,2024-02-04,Community Hospital,Kaduna,Ultrasound,HealthEquip Ltd.,UK
756,12,180,2024-02-09,Healing Hands Hospital,Enugu,X-Ray Machine,Radiant Suppliers,China
757,25,220,2024-02-14,Hope Hospital,Kano,MRI Machine,MedTech Co.,USA
758,30,320,2024-02-19,Unity Hospital,Lagos,CT Scanner,TechHealth Inc.,Canada
759,10,550,2024-02-24,Metro Hospital,Abuja,Ultrasound,HealthEquip Ltd.,UK
760,50,130,2024-02-29,State Hospital,Oyo,X-Ray Machine,Radiant Suppliers,China
761,20,270,2024-03-05,City Medical Center,Lagos,MRI Machine,MedTech Co.,USA
762,6,300,2024-03-10,General Hospital,Rivers,CT Scanner,TechHealth Inc.,Canada
763,15,250,2024-03-15,Central Clinic,Ogun,Ultrasound,HealthEquip Ltd.,UK
764,4,450,2024-03-20,Healing Touch Hospital,Enugu,MRI Machine,Radiant Suppliers,China
765,25,180,2024-03-25,Sunshine Medical,Lagos,X-Ray Machine,MedTech Co.,USA
766,18,600,2024-03-30,Hope Clinic,Kano,CT Scanner,HealthEquip Ltd.,UK
767,14,150,2024-04-04,Metro Medical Center,Abuja,Ultrasound,TechHealth Inc.,Canada
768,11,200,2024-04-09,State Medical Center,Oyo,MRI Machine,MedTech Co.,USA
769,30,400,2024-04-14,General Clinic,Lagos,CT Scanner,HealthEquip Ltd.,UK
770,10,150,2024-04-19,City Hospital,Rivers,Ultrasound,TechHealth Inc.,Canada
771,12,350,2024-04-24,Hope Hospital,Abuja,MRI Machine,Radiant Suppliers,China
772,10,450,2024-04-29,Healing Hands Hospital,Enugu,X-Ray Machine,HealthEquip Ltd.,UK
773,5,600,2024-05-04,Central Hospital,Kaduna,Ultrasound,MedTech Co.,USA
774,20,120,2024-05-09,State Hospital,Oyo,X-Ray Machine,Radiant Suppliers,China
775,15,330,2024-05-14,City Medical Center,Lagos,MRI Machine,TechHealth Inc.,Canada
776,10,450,2024-05-19,Central Hospital,Rivers,Ultrasound,HealthEquip Ltd.,UK
777,7,200,2024-05-24,Metro Hospital,Abuja,X-Ray Machine,Radiant Suppliers,China
778,25,280,2024-05-29,Hope Clinic,Kano,CT Scanner,TechHealth Inc.,Canada
779,30,400,2024-06-03,Sunshine Hospital,Lagos,MRI Machine,MedTech Co.,USA
780,15,170,2024-06-08,General Hospital,Enugu,Ultrasound,HealthEquip Ltd.,UK
781,12,300,2024-06-13,State Medical Center,Oyo,CT Scanner,MedTech Co.,USA
782,6,400,2024-06-18,Healing Hands Hospital,Rivers,MRI Machine,HealthEquip Ltd.,Canada
783,8,250,2024-06-23,Metro Medical Center,Abuja,X-Ray Machine,TechHealth Inc.,UK
784,14,150,2024-06-28,Central Clinic,Kaduna,Ultrasound,MedTech Co.,China
785,25,220,2024-07-03,Community Hospital,Lagos,MRI Machine,MedTech Co.,USA
786,18,600,2024-07-08,Sunshine Medical,Kano,CT Scanner,HealthEquip Ltd.,UK
787,10,150,2024-07-13,Hope Hospital,Enugu,Ultrasound,Radiant Suppliers,China
788,11,300,2024-07-18,City Medical Center,Oyo,X-Ray Machine,HealthEquip Ltd.,UK
789,25,320,2024-07-23,State Hospital,Lagos,MRI Machine,Radiant Suppliers,China
790,12,400,2024-07-28,General Hospital,Kaduna,CT Scanner,HealthEquip Ltd.,UK
791,30,200,2024-08-02,Healing Touch Hospital,Rivers,X-Ray Machine,Radiant Suppliers,China
792,15,150,2024-08-07,Metro Hospital,Abuja,Ultrasound,TechHealth Inc.,Canada
793,20,350,2024-08-12,Central Hospital,Enugu,MRI Machine,MedTech Co.,USA
794,5,450,2024-08-17,Sunshine Hospital,Lagos,CT Scanner,HealthEquip Ltd.,UK
795,10,250,2024-08-22,Community Hospital,Abuja,Ultrasound,Radiant Suppliers,China
796,14,150,2024-08-27,Hope Clinic,Kano,MRI Machine,TechHealth Inc.,Canada
797,20,300,2024-09-01,Healing Hands Hospital,Lagos,Defibrillator,SoloSupplier Inc.,UK
798,5,750,2024-09-06,City Hospital,Rivers,Ventilator,ExclusiveTech Ltd.,Germany
799,10,400,2024-09-11,Metro Medical Center,Abuja,Surgical Table,HealthEquip Ltd.,UK
800,12,200,2024-09-16,State Hospital,Oyo,MRI Machine,MedTech Co.,USA
801,10,250,2024-01-15,General Hospital,Lagos,MRI Machine,MedTech Co.,USA
802,5,200,2024-01-20,City Hospital,Abuja,MRI Machine,HealthEquip Ltd.,UK
803,20,150,2024-01-25,Central Hospital,Rivers,X-Ray Machine,Radiant Suppliers,China
804,15,300,2024-01-30,Sunshine Hospital,Lagos,CT Scanner,TechHealth Inc.,Canada
805,8,500,2024-02-04,Community Hospital,Kaduna,Ultrasound,HealthEquip Ltd.,UK
806,12,180,2024-02-09,Healing Hands Hospital,Enugu,X-Ray Machine,Radiant Suppliers,China
807,25,220,2024-02-14,Hope Hospital,Kano,MRI Machine,MedTech Co.,USA
808,30,320,2024-02-19,Unity Hospital,Lagos,CT Scanner,TechHealth Inc.,Canada
809,10,550,2024-02-24,Metro Hospital,Abuja,Ultrasound,HealthEquip Ltd.,UK
810,50,130,2024-02-29,State Hospital,Oyo,X-Ray Machine,Radiant Suppliers,China
811,20,270,2024-03-05,City Medical Center,Lagos,MRI Machine,MedTech Co.,USA
812,6,300,2024-03-10,General Hospital,Rivers,CT Scanner,TechHealth Inc.,Canada
813,15,250,2024-03-15,Central Clinic,Ogun,Ultrasound,HealthEquip Ltd.,UK
814,4,450,2024-03-20,Healing Touch Hospital,Enugu,MRI Machine,Radiant Suppliers,China
815,25,180,2024-03-25,Sunshine Medical,Lagos,X-Ray Machine,MedTech Co.,USA
816,18,600,2024-03-30,Hope Clinic,Kano,CT Scanner,HealthEquip Ltd.,UK
817,14,150,2024-04-04,Metro Medical Center,Abuja,Ultrasound,TechHealth Inc.,Canada
818,11,200,2024-04-09,State Medical Center,Oyo,MRI Machine,MedTech Co.,USA
819,30,400,2024-04-14,General Clinic,Lagos,CT Scanner,HealthEquip Ltd.,UK
820,10,150,2024-04-19,City Hospital,Rivers,Ultrasound,TechHealth Inc.,Canada
821,12,350,2024-04-24,Hope Hospital,Abuja,MRI Machine,Radiant Suppliers,China
822,10,450,2024-04-29,Healing Hands Hospital,Enugu,X-Ray Machine,HealthEquip Ltd.,UK
823,5,600,2024-05-04,Central Hospital,Kaduna,Ultrasound,MedTech Co.,USA
824,20,120,2024-05-09,State Hospital,Oyo,X-Ray Machine,Radiant Suppliers,China
825,15,330,2024-05-14,City Medical Center,Lagos,MRI Machine,TechHealth Inc.,Canada
826,10,450,2024-05-19,Central Hospital,Rivers,Ultrasound,HealthEquip Ltd.,UK
827,7,200,2024-05-24,Metro Hospital,Abuja,X-Ray Machine,Radiant Suppliers,China
828,25,280,2024-05-29,Hope Clinic,Kano,CT Scanner,TechHealth Inc.,Canada
829,30,400,2024-06-03,Sunshine Hospital,Lagos,MRI Machine,MedTech Co.,USA
830,15,170,2024-06-08,General Hospital,Enugu,Ultrasound,HealthEquip Ltd.,UK
831,12,300,2024-06-13,State Medical Center,Oyo,CT Scanner,MedTech Co.,USA
832,6,400,2024-06-18,Healing Hands Hospital,Rivers,MRI Machine,HealthEquip Ltd.,Canada
833,8,250,2024-06-23,Metro Medical Center,Abuja,X-Ray Machine,TechHealth Inc.,UK
834,14,150,2024-06-28,Central Clinic,Kaduna,Ultrasound,MedTech Co.,China
835,25,220,2024-07-03,Community Hospital,Lagos,MRI Machine,MedTech Co.,USA
836,18,600,2024-07-08,Sunshine Medical,Kano,CT Scanner,HealthEquip Ltd.,UK
837,10,150,2024-07-13,Hope Hospital,Enugu,Ultrasound,Radiant Suppliers,China
838,11,300,2024-07-18,City Medical Center,Oyo,X-Ray Machine,HealthEquip Ltd.,UK
839,25,320,2024-07-23,State Hospital,Lagos,MRI Machine,Radiant Suppliers,China
840,12,400,2024-07-28,General Hospital,Kaduna,CT Scanner,HealthEquip Ltd.,UK
841,30,200,2024-08-02,Healing Touch Hospital,Rivers,X-Ray Machine,Radiant Suppliers,China
842,15,150,2024-08-07,Metro Hospital,Abuja,Ultrasound,TechHealth Inc.,Canada
843,20,350,2024-08-12,Central Hospital,Enugu,MRI Machine,MedTech Co.,USA
844,5,450,2024-08-17,Sunshine Hospital,Lagos,CT Scanner,HealthEquip Ltd.,UK
845,10,250,2024-08-22,Community Hospital,Abuja,Ultrasound,Radiant Suppliers,China
846,14,150,2024-08-27,Hope Clinic,Kano,MRI Machine,TechHealth Inc.,Canada
847,20,300,2024-09-01,Healing Hands Hospital,Lagos,Defibrillator,SoloSupplier Inc.,UK
848,5,750,2024-09-06,City Hospital,Rivers,Ventilator,ExclusiveTech Ltd.,Germany
849,10,400,2024-09-11,Metro Medical Center,Abuja,Surgical Table,HealthEquip Ltd.,UK
850,12,200,2024-09-16,State Hospital,Oyo,MRI Machine,MedTech Co.,USA
851,10,250,2024-01-15,General Hospital,Lagos,MRI Machine,MedTech Co.,USA
852,5,200,2024-01-20,City Hospital,Abuja,MRI Machine,HealthEquip Ltd.,UK
853,20,150,2024-01-25,Central Hospital,Rivers,X-Ray Machine,Radiant Suppliers,China
854,15,300,2024-01-30,Sunshine Hospital,Lagos,CT Scanner,TechHealth Inc.,Canada
855,8,500,2024-02-04,Community Hospital,Kaduna,Ultrasound,HealthEquip Ltd.,UK
856,12,180,2024-02-09,Healing Hands Hospital,Enugu,X-Ray Machine,Radiant Suppliers,China
857,25,220,2024-02-14,Hope Hospital,Kano,MRI Machine,MedTech Co.,USA
858,30,320,2024-02-19,Unity Hospital,Lagos,CT Scanner,TechHealth Inc.,Canada
859,10,550,2024-02-24,Metro Hospital,Abuja,Ultrasound,HealthEquip Ltd.,UK
860,50,130,2024-02-29,State Hospital,Oyo,X-Ray Machine,Radiant Suppliers,China
861,20,270,2024-03-05,City Medical Center,Lagos,MRI Machine,MedTech Co.,USA
862,6,300,2024-03-10,General Hospital,Rivers,CT Scanner,TechHealth Inc.,Canada
863,15,250,2024-03-15,Central Clinic,Ogun,Ultrasound,HealthEquip Ltd.,UK
864,4,450,2024-03-20,Healing Touch Hospital,Enugu,MRI Machine,Radiant Suppliers,China
865,25,180,2024-03-25,Sunshine Medical,Lagos,X-Ray Machine,MedTech Co.,USA
866,18,600,2024-03-30,Hope Clinic,Kano,CT Scanner,HealthEquip Ltd.,UK
867,14,150,2024-04-04,Metro Medical Center,Abuja,Ultrasound,TechHealth Inc.,Canada
868,11,200,2024-04-09,State Medical Center,Oyo,MRI Machine,MedTech Co.,USA
869,30,400,2024-04-14,General Clinic,Lagos,CT Scanner,HealthEquip Ltd.,UK
870,10,150,2024-04-19,City Hospital,Rivers,Ultrasound,TechHealth Inc.,Canada
871,12,350,2024-04-24,Hope Hospital,Abuja,MRI Machine,Radiant Suppliers,China
872,10,450,2024-04-29,Healing Hands Hospital,Enugu,X-Ray Machine,HealthEquip Ltd.,UK
873,5,600,2024-05-04,Central Hospital,Kaduna,Ultrasound,MedTech Co.,USA
874,20,120,2024-05-09,State Hospital,Oyo,X-Ray Machine,Radiant Suppliers,China
875,15,330,2024-05-14,City Medical Center,Lagos,MRI Machine,TechHealth Inc.,Canada
876,10,450,2024-05-19,Central Hospital,Rivers,Ultrasound,HealthEquip Ltd.,UK
877,7,200,2024-05-24,Metro Hospital,Abuja,X-Ray Machine,Radiant Suppliers,China
878,25,280,2024-05-29,Hope Clinic,Kano,CT Scanner,TechHealth Inc.,Canada
879,30,400,2024-06-03,Sunshine Hospital,Lagos,MRI Machine,MedTech Co.,USA
880,15,170,2024-06-08,General Hospital,Enugu,Ultrasound,HealthEquip Ltd.,UK
881,12,300,2024-06-13,State Medical Center,Oyo,CT Scanner,MedTech Co.,USA
882,6,400,2024-06-18,Healing Hands Hospital,Rivers,MRI Machine,HealthEquip Ltd.,Canada
883,8,250,2024-06-23,Metro Medical Center,Abuja,X-Ray Machine,TechHealth Inc.,UK
884,14,150,2024-06-28,Central Clinic,Kaduna,Ultrasound,MedTech Co.,China
885,25,220,2024-07-03,Community Hospital,Lagos,MRI Machine,MedTech Co.,USA
886,18,600,2024-07-08,Sunshine Medical,Kano,CT Scanner,HealthEquip Ltd.,UK
887,10,150,2024-07-13,Hope Hospital,Enugu,Ultrasound,Radiant Suppliers,China
888,11,300,2024-07-18,City Medical Center,Oyo,X-Ray Machine,HealthEquip Ltd.,UK
889,25,320,2024-07-23,State Hospital,Lagos,MRI Machine,Radiant Suppliers,China
890,12,400,2024-07-28,General Hospital,Kaduna,CT Scanner,HealthEquip Ltd.,UK
891,30,200,2024-08-02,Healing Touch Hospital,Rivers,X-Ray Machine,Radiant Suppliers,China
892,15,150,2024-08-07,Metro Hospital,Abuja,Ultrasound,TechHealth Inc.,Canada
893,20,350,2024-08-12,Central Hospital,Enugu,MRI Machine,MedTech Co.,USA
894,5,450,2024-08-17,Sunshine Hospital,Lagos,CT Scanner,HealthEquip Ltd.,UK
895,10,250,2024-08-22,Community Hospital,Abuja,Ultrasound,Radiant Suppliers,China
896,14,150,2024-08-27,Hope Clinic,Kano,MRI Machine,TechHealth Inc.,Canada
897,20,300,2024-09-01,Healing Hands Hospital,Lagos,Defibrillator,SoloSupplier Inc.,UK
898,5,750,2024-09-06,City Hospital,Rivers,Ventilator,ExclusiveTech Ltd.,Germany
899,10,400,2024-09-11,Metro Medical Center,Abuja,Surgical Table,HealthEquip Ltd.,UK
900,12,200,2024-09-16,State Hospital,Oyo,MRI Machine,MedTech Co.,USA
901,10,250,2024-01-15,General Hospital,Lagos,MRI Machine,MedTech Co.,USA
902,5,200,2024-01-20,City Hospital,Abuja,MRI Machine,HealthEquip Ltd.,UK
903,20,150,2024-01-25,Central Hospital,Rivers,X-Ray Machine,Radiant Suppliers,China
904,15,300,2024-01-30,Sunshine Hospital,Lagos,CT Scanner,TechHealth Inc.,Canada
905,8,500,2024-02-04,Community Hospital,Kaduna,Ultrasound,HealthEquip Ltd.,UK
906,12,180,2024-02-09,Healing Hands Hospital,Enugu,X-Ray Machine,Radiant Suppliers,China
907,25,220,2024-02-14,Hope Hospital,Kano,MRI Machine,MedTech Co.,USA
908,30,320,2024-02-19,Unity Hospital,Lagos,CT Scanner,TechHealth Inc.,Canada
909,10,550,2024-02-24,Metro Hospital,Abuja,Ultrasound,HealthEquip Ltd.,UK
910,50,130,2024-02-29,State Hospital,Oyo,X-Ray Machine,Radiant Suppliers,China
911,20,270,2024-03-05,City Medical Center,Lagos,MRI Machine,MedTech Co.,USA
912,6,300,2024-03-10,General Hospital,Rivers,CT Scanner,TechHealth Inc.,Canada
913,15,250,2024-03-15,Central Clinic,Ogun,Ultrasound,HealthEquip Ltd.,UK
914,4,450,2024-03-20,Healing Touch Hospital,Enugu,MRI Machine,Radiant Suppliers,China
915,25,180,2024-03-25,Sunshine Medical,Lagos,X-Ray Machine,MedTech Co.,USA
916,18,600,2024-03-30,Hope Clinic,Kano,CT Scanner,HealthEquip Ltd.,UK
917,14,150,2024-04-04,Metro Medical Center,Abuja,Ultrasound,TechHealth Inc.,Canada
918,11,200,2024-04-09,State Medical Center,Oyo,MRI Machine,MedTech Co.,USA
919,30,400,2024-04-14,General Clinic,Lagos,CT Scanner,HealthEquip Ltd.,UK
920,10,150,2024-04-19,City Hospital,Rivers,Ultrasound,TechHealth Inc.,Canada
921,12,350,2024-04-24,Hope Hospital,Abuja,MRI Machine,Radiant Suppliers,China
922,10,450,2024-04-29,Healing Hands Hospital,Enugu,X-Ray Machine,HealthEquip Ltd.,UK
923,5,600,2024-05-04,Central Hospital,Kaduna,Ultrasound,MedTech Co.,USA
924,20,120,2024-05-09,State Hospital,Oyo,X-Ray Machine,Radiant Suppliers,China
925,15,330,2024-05-14,City Medical Center,Lagos,MRI Machine,TechHealth Inc.,Canada
926,10,450,2024-05-19,Central Hospital,Rivers,Ultrasound,HealthEquip Ltd.,UK
927,7,200,2024-05-24,Metro Hospital,Abuja,X-Ray Machine,Radiant Suppliers,China
928,25,280,2024-05-29,Hope Clinic,Kano,CT Scanner,TechHealth Inc.,Canada
929,30,400,2024-06-03,Sunshine Hospital,Lagos,MRI Machine,MedTech Co.,USA
930,15,170,2024-06-08,General Hospital,Enugu,Ultrasound,HealthEquip Ltd.,UK
931,12,300,2024-06-13,State Medical Center,Oyo,CT Scanner,MedTech Co.,USA
932,6,400,2024-06-18,Healing Hands Hospital,Rivers,MRI Machine,HealthEquip Ltd.,Canada
933,8,250,2024-06-23,Metro Medical Center,Abuja,X-Ray Machine,TechHealth Inc.,UK
934,14,150,2024-06-28,Central Clinic,Kaduna,Ultrasound,MedTech Co.,China
935,25,220,2024-07-03,Community Hospital,Lagos,MRI Machine,MedTech Co.,USA
936,18,600,2024-07-08,Sunshine Medical,Kano,CT Scanner,HealthEquip Ltd.,UK
937,10,150,2024-07-13,Hope Hospital,Enugu,Ultrasound,Radiant Suppliers,China
938,11,300,2024-07-18,City Medical Center,Oyo,X-Ray Machine,HealthEquip Ltd.,UK
939,25,320,2024-07-23,State Hospital,Lagos,MRI Machine,Radiant Suppliers,China
940,12,400,2024-07-28,General Hospital,Kaduna,CT Scanner,HealthEquip Ltd.,UK
941,30,200,2024-08-02,Healing Touch Hospital,Rivers,X-Ray Machine,Radiant Suppliers,China
942,15,150,2024-08-07,Metro Hospital,Abuja,Ultrasound,TechHealth Inc.,Canada
943,20,350,2024-08-12,Central Hospital,Enugu,MRI Machine,MedTech Co.,USA
944,5,450,2024-08-17,Sunshine Hospital,Lagos,CT Scanner,HealthEquip Ltd.,UK
945,10,250,2024-08-22,Community Hospital,Abuja,Ultrasound,Radiant Suppliers,China
946,14,150,2024-08-27,Hope Clinic,Kano,MRI Machine,TechHealth Inc.,Canada
947,20,300,2024-09-01,Healing Hands Hospital,Lagos,Defibrillator,SoloSupplier Inc.,UK
948,5,750,2024-09-06,City Hospital,Rivers,Ventilator,ExclusiveTech Ltd.,Germany
949,10,400,2024-09-11,Metro Medical Center,Abuja,Surgical Table,HealthEquip Ltd.,UK
950,12,200,2024-09-16,State Hospital,Oyo,MRI Machine,MedTech Co.,USA
951,10,250,2024-01-15,General Hospital,Lagos,MRI Machine,MedTech Co.,USA
952,5,200,2024-01-20,City Hospital,Abuja,MRI Machine,HealthEquip Ltd.,UK
953,20,150,2024-01-25,Central Hospital,Rivers,X-Ray Machine,Radiant Suppliers,China
954,15,300,2024-01-30,Sunshine Hospital,Lagos,CT Scanner,TechHealth Inc.,Canada
955,8,500,2024-02-04,Community Hospital,Kaduna,Ultrasound,HealthEquip Ltd.,UK
956,12,180,2024-02-09,Healing Hands Hospital,Enugu,X-Ray Machine,Radiant Suppliers,China
957,25,220,2024-02-14,Hope Hospital,Kano,MRI Machine,MedTech Co.,USA
958,30,320,2024-02-19,Unity Hospital,Lagos,CT Scanner,TechHealth Inc.,Canada
959,10,550,2024-02-24,Metro Hospital,Abuja,Ultrasound,HealthEquip Ltd.,UK
960,50,130,2024-02-29,State Hospital,Oyo,X-Ray Machine,Radiant Suppliers,China
961,20,270,2024-03-05,City Medical Center,Lagos,MRI Machine,MedTech Co.,USA
962,6,300,2024-03-10,General Hospital,Rivers,CT Scanner,TechHealth Inc.,Canada
963,15,250,2024-03-15,Central Clinic,Ogun,Ultrasound,HealthEquip Ltd.,UK
964,4,450,2024-03-20,Healing Touch Hospital,Enugu,MRI Machine,Radiant Suppliers,China
965,25,180,2024-03-25,Sunshine Medical,Lagos,X-Ray Machine,MedTech Co.,USA
966,18,600,2024-03-30,Hope Clinic,Kano,CT Scanner,HealthEquip Ltd.,UK
967,14,150,2024-04-04,Metro Medical Center,Abuja,Ultrasound,TechHealth Inc.,Canada
968,11,200,2024-04-09,State Medical Center,Oyo,MRI Machine,MedTech Co.,USA
969,30,400,2024-04-14,General Clinic,Lagos,CT Scanner,HealthEquip Ltd.,UK
970,10,150,2024-04-19,City Hospital,Rivers,Ultrasound,TechHealth Inc.,Canada
971,12,350,2024-04-24,Hope Hospital,Abuja,MRI Machine,Radiant Suppliers,China
972,10,450,2024-04-29,Healing Hands Hospital,Enugu,X-Ray Machine,HealthEquip Ltd.,UK
973,5,600,2024-05-04,Central Hospital,Kaduna,Ultrasound,MedTech Co.,USA
974,20,120,2024-05-09,State Hospital,Oyo,X-Ray Machine,Radiant Suppliers,China
975,15,330,2024-05-14,City Medical Center,Lagos,MRI Machine,TechHealth Inc.,Canada
976,10,450,2024-05-19,Central Hospital,Rivers,Ultrasound,HealthEquip Ltd.,UK
977,7,200,2024-05-24,Metro Hospital,Abuja,X-Ray Machine,Radiant Suppliers,China
978,25,280,2024-05-29,Hope Clinic,Kano,CT Scanner,TechHealth Inc.,Canada
979,30,400,2024-06-03,Sunshine Hospital,Lagos,MRI Machine,MedTech Co.,USA
980,15,170,2024-06-08,General Hospital,Enugu,Ultrasound,HealthEquip Ltd.,UK
981,12,300,2024-06-13,State Medical Center,Oyo,CT Scanner,MedTech Co.,USA
982,6,400,2024-06-18,Healing Hands Hospital,Rivers,MRI Machine,HealthEquip Ltd.,Canada
983,8,250,2024-06-23,Metro Medical Center,Abuja,X-Ray Machine,TechHealth Inc.,UK
984,14,150,2024-06-28,Central Clinic,Kaduna,Ultrasound,MedTech Co.,China
985,25,220,2024-07-03,Community Hospital,Lagos,MRI Machine,MedTech Co.,USA
986,18,600,2024-07-08,Sunshine Medical,Kano,CT Scanner,HealthEquip Ltd.,UK
987,10,150,2024-07-13,Hope Hospital,Enugu,Ultrasound,Radiant Suppliers,China
988,11,300,2024-07-18,City Medical Center,Oyo,X-Ray Machine,HealthEquip Ltd.,UK
989,25,320,2024-07-23,State Hospital,Lagos,MRI Machine,Radiant Suppliers,China
990,12,400,2024-07-28,General Hospital,Kaduna,CT Scanner,HealthEquip Ltd.,UK
991,30,200,2024-08-02,Healing Touch Hospital,Rivers,X-Ray Machine,Radiant Suppliers,China
992,15,150,2024-08-07,Metro Hospital,Abuja,Ultrasound,TechHealth Inc.,Canada
993,20,350,2024-08-12,Central Hospital,Enugu,MRI Machine,MedTech Co.,USA
994,5,450,2024-08-17,Sunshine Hospital,Lagos,CT Scanner,HealthEquip Ltd.,UK
995,10,250,2024-08-22,Community Hospital,Abuja,Ultrasound,Radiant Suppliers,China
996,14,150,2024-08-27,Hope Clinic,Kano,MRI Machine,TechHealth Inc.,Canada
997,20,300,2024-09-01,Healing Hands Hospital,Lagos,Defibrillator,SoloSupplier Inc.,UK
998,5,750,2024-09-06,City Hospital,Rivers,Ventilator,ExclusiveTech Ltd.,Germany
999,10,400,2024-09-11,Metro Medical Center,Abuja,Surgical Table,HealthEquip Ltd.,UK
1000,12,200,2024-09-16,State Hospital,Oyo,MRI Machine,MedTech Co.,USA
1001,10,250,2024-01-15,General Hospital,Lagos,MRI Machine,MedTech Co.,USA
1002,5,200,2024-01-20,City Hospital,Abuja,MRI Machine,HealthEquip Ltd.,UK
1003,20,150,2024-01-25,Central Hospital,Rivers,X-Ray Machine,Radiant Suppliers,China
1004,15,300,2024-01-30,Sunshine Hospital,Lagos,CT Scanner,TechHealth Inc.,Canada
1005,8,500,2024-02-04,Community Hospital,Kaduna,Ultrasound,HealthEquip Ltd.,UK
1006,12,180,2024-02-09,Healing Hands Hospital,Enugu,X-Ray Machine,Radiant Suppliers,China
1007,25,220,2024-02-14,Hope Hospital,Kano,MRI Machine,MedTech Co.,USA
1008,30,320,2024-02-19,Unity Hospital,Lagos,CT Scanner,TechHealth Inc.,Canada
1009,10,550,2024-02-24,Metro Hospital,Abuja,Ultrasound,HealthEquip Ltd.,UK
1010,50,130,2024-02-29,State Hospital,Oyo,X-Ray Machine,Radiant Suppliers,China
1011,20,270,2024-03-05,City Medical Center,Lagos,MRI Machine,MedTech Co.,USA
1012,6,300,2024-03-10,General Hospital,Rivers,CT Scanner,TechHealth Inc.,Canada
1013,15,250,2024-03-15,Central Clinic,Ogun,Ultrasound,HealthEquip Ltd.,UK
1014,4,450,2024-03-20,Healing Touch Hospital,Enugu,MRI Machine,Radiant Suppliers,China
1015,25,180,2024-03-25,Sunshine Medical,Lagos,X-Ray Machine,MedTech Co.,USA
1016,18,600,2024-03-30,Hope Clinic,Kano,CT Scanner,HealthEquip Ltd.,UK
1017,14,150,2024-04-04,Metro Medical Center,Abuja,Ultrasound,TechHealth Inc.,Canada
1018,11,200,2024-04-09,State Medical Center,Oyo,MRI Machine,MedTech Co.,USA
1019,30,400,2024-04-14,General Clinic,Lagos,CT Scanner,HealthEquip Ltd.,UK
1020,10,150,2024-04-19,City Hospital,Rivers,Ultrasound,TechHealth Inc.,Canada
1021,12,350,2024-04-24,Hope Hospital,Abuja,MRI Machine,Radiant Suppliers,China
1022,10,450,2024-04-29,Healing Hands Hospital,Enugu,X-Ray Machine,HealthEquip Ltd.,UK
1023,5,600,2024-05-04,Central Hospital,Kaduna,Ultrasound,MedTech Co.,USA
1024,20,120,2024-05-09,State Hospital,Oyo,X-Ray Machine,Radiant Suppliers,China
1025,15,330,2024-05-14,City Medical Center,Lagos,MRI Machine,TechHealth Inc.,Canada
1026,10,450,2024-05-19,Central Hospital,Rivers,Ultrasound,HealthEquip Ltd.,UK
1027,7,200,2024-05-24,Metro Hospital,Abuja,X-Ray Machine,Radiant Suppliers,China
1028,25,280,2024-05-29,Hope Clinic,Kano,CT Scanner,TechHealth Inc.,Canada
1029,30,400,2024-06-03,Sunshine Hospital,Lagos,MRI Machine,MedTech Co.,USA
1030,15,170,2024-06-08,General Hospital,Enugu,Ultrasound,HealthEquip Ltd.,UK
1031,12,300,2024-06-13,State Medical Center,Oyo,CT Scanner,MedTech Co.,USA
1032,6,400,2024-06-18,Healing Hands Hospital,Rivers,MRI Machine,HealthEquip Ltd.,Canada
1033,8,250,2024-06-23,Metro Medical Center,Abuja,X-Ray Machine,TechHealth Inc.,UK
1034,14,150,2024-06-28,Central Clinic,Kaduna,Ultrasound,MedTech Co.,China
1035,25,220,2024-07-03,Community Hospital,Lagos,MRI Machine,MedTech Co.,USA
1036,18,600,2024-07-08,Sunshine Medical,Kano,CT Scanner,HealthEquip Ltd.,UK
1037,10,150,2024-07-13,Hope Hospital,Enugu,Ultrasound,Radiant Suppliers,China
1038,11,300,2024-07-18,City Medical Center,Oyo,X-Ray Machine,HealthEquip Ltd.,UK
1039,25,320,2024-07-23,State Hospital,Lagos,MRI Machine,Radiant Suppliers,China
1040,12,400,2024-07-28,General Hospital,Kaduna,CT Scanner,HealthEquip Ltd.,UK
1041,30,200,2024-08-02,Healing Touch Hospital,Rivers,X-Ray Machine,Radiant Suppliers,China
1042,15,150,2024-08-07,Metro Hospital,Abuja,Ultrasound,TechHealth Inc.,Canada
1043,20,350,2024-08-12,Central Hospital,Enugu,MRI Machine,MedTech Co.,USA
1044,5,450,2024-08-17,Sunshine Hospital,Lagos,CT Scanner,HealthEquip Ltd.,UK
1045,10,250,2024-08-22,Community Hospital,Abuja,Ultrasound,Radiant Suppliers,China
1046,14,150,2024-08-27,Hope Clinic,Kano,MRI Machine,TechHealth Inc.,Canada
1047,20,300,2024-09-01,Healing Hands Hospital,Lagos,Defibrillator,SoloSupplier Inc.,UK
1048,5,750,2024-09-06,City Hospital,Rivers,Ventilator,ExclusiveTech Ltd.,Germany
1049,10,400,2024-09-11,Metro Medical Center,Abuja,Surgical Table,HealthEquip Ltd.,UK
1050,12,200,2024-09-16,State Hospital,Oyo,MRI Machine,MedTech Co.,USA
1051,10,250,2024-01-15,General Hospital,Lagos,MRI Machine,MedTech Co.,USA
1052,5,200,2024-01-20,City Hospital,Abuja,MRI Machine,HealthEquip Ltd.,UK
1053,20,150,2024-01-25,Central Hospital,Rivers,X-Ray Machine,Radiant Suppliers,China
1054,15,300,2024-01-30,Sunshine Hospital,Lagos,CT Scanner,TechHealth Inc.,Canada
1055,8,500,2024-02-04,Community Hospital,Kaduna,Ultrasound,HealthEquip Ltd.,UK
1056,12,180,2024-02-09,Healing Hands Hospital,Enugu,X-Ray Machine,Radiant Suppliers,China
1057,25,220,2024-02-14,Hope Hospital,Kano,MRI Machine,MedTech Co.,USA
1058,30,320,2024-02-19,Unity Hospital,Lagos,CT Scanner,TechHealth Inc.,Canada
1059,10,550,2024-02-24,Metro Hospital,Abuja,Ultrasound,HealthEquip Ltd.,UK
1060,50,130,2024-02-29,State Hospital,Oyo,X-Ray Machine,Radiant Suppliers,China
1061,20,270,2024-03-05,City Medical Center,Lagos,MRI Machine,MedTech Co.,USA
1062,6,300,2024-03-10,General Hospital,Rivers,CT Scanner,TechHealth Inc.,Canada
1063,15,250,2024-03-15,Central Clinic,Ogun,Ultrasound,HealthEquip Ltd.,UK
1064,4,450,2024-03-20,Healing Touch Hospital,Enugu,MRI Machine,Radiant Suppliers,China
1065,25,180,2024-03-25,Sunshine Medical,Lagos,X-Ray Machine,MedTech Co.,USA
1066,18,600,2024-03-30,Hope Clinic,Kano,CT Scanner,HealthEquip Ltd.,UK
1067,14,150,2024-04-04,Metro Medical Center,Abuja,Ultrasound,TechHealth Inc.,Canada
1068,11,200,2024-04-09,State Medical Center,Oyo,MRI Machine,MedTech Co.,USA
1069,30,400,2024-04-14,General Clinic,Lagos,CT Scanner,HealthEquip Ltd.,UK
1070,10,150,2024-04-19,City Hospital,Rivers,Ultrasound,TechHealth Inc.,Canada
1071,12,350,2024-04-24,Hope Hospital,Abuja,MRI Machine,Radiant Suppliers,China
1072,10,450,2024-04-29,Healing Hands Hospital,Enugu,X-Ray Machine,HealthEquip Ltd.,UK
1073,5,600,2024-05-04,Central Hospital,Kaduna,Ultrasound,MedTech Co.,USA
1074,20,120,2024-05-09,State Hospital,Oyo,X-Ray Machine,Radiant Suppliers,China
1075,15,330,2024-05-14,City Medical Center,Lagos,MRI Machine,TechHealth Inc.,Canada
1076,10,450,2024-05-19,Central Hospital,Rivers,Ultrasound,HealthEquip Ltd.,UK
1077,7,200,2024-05-24,Metro Hospital,Abuja,X-Ray Machine,Radiant Suppliers,China
1078,25,280,2024-05-29,Hope Clinic,Kano,CT Scanner,TechHealth Inc.,Canada
1079,30,400,2024-06-03,Sunshine Hospital,Lagos,MRI Machine,MedTech Co.,USA
1080,15,170,2024-06-08,General Hospital,Enugu,Ultrasound,HealthEquip Ltd.,UK
1081,12,300,2024-06-13,State Medical Center,Oyo,CT Scanner,MedTech Co.,USA
1082,6,400,2024-06-18,Healing Hands Hospital,Rivers,MRI Machine,HealthEquip Ltd.,Canada
1083,8,250,2024-06-23,Metro Medical Center,Abuja,X-Ray Machine,TechHealth Inc.,UK
1084,14,150,2024-06-28,Central Clinic,Kaduna,Ultrasound,MedTech Co.,China
1085,25,220,2024-07-03,Community Hospital,Lagos,MRI Machine,MedTech Co.,USA
1086,18,600,2024-07-08,Sunshine Medical,Kano,CT Scanner,HealthEquip Ltd.,UK
1087,10,150,2024-07-13,Hope Hospital,Enugu,Ultrasound,Radiant Suppliers,China
1088,11,300,2024-07-18,City Medical Center,Oyo,X-Ray Machine,HealthEquip Ltd.,UK
1089,25,320,2024-07-23,State Hospital,Lagos,MRI Machine,Radiant Suppliers,China
1090,12,400,2024-07-28,General Hospital,Kaduna,CT Scanner,HealthEquip Ltd.,UK
1091,30,200,2024-08-02,Healing Touch Hospital,Rivers,X-Ray Machine,Radiant Suppliers,China
1092,15,150,2024-08-07,Metro Hospital,Abuja,Ultrasound,TechHealth Inc.,Canada
1093,20,350,2024-08-12,Central Hospital,Enugu,MRI Machine,MedTech Co.,USA
1094,5,450,2024-08-17,Sunshine Hospital,Lagos,CT Scanner,HealthEquip Ltd.,UK
1095,10,250,2024-08-22,Community Hospital,Abuja,Ultrasound,Radiant Suppliers,China
1096,14,150,2024-08-27,Hope Clinic,Kano,MRI Machine,TechHealth Inc.,Canada
1097,20,300,2024-09-01,Healing Hands Hospital,Lagos,Defibrillator,SoloSupplier Inc.,UK
1098,5,750,2024-09-06,City Hospital,Rivers,Ventilator,ExclusiveTech Ltd.,Germany
1099,10,400,2024-09-11,Metro Medical Center,Abuja,Surgical Table,HealthEquip Ltd.,UK
1100,12,200,2024-09-16,State Hospital,Oyo,MRI Machine,MedTech Co.,USA
1101,10,250,2024-01-15,General Hospital,Lagos,MRI Machine,MedTech Co.,USA
1102,5,200,2024-01-20,City Hospital,Abuja,MRI Machine,HealthEquip Ltd.,UK
1103,20,150,2024-01-25,Central Hospital,Rivers,X-Ray Machine,Radiant Suppliers,China
1104,15,300,2024-01-30,Sunshine Hospital,Lagos,CT Scanner,TechHealth Inc.,Canada
1105,8,500,2024-02-04,Community Hospital,Kaduna,Ultrasound,HealthEquip Ltd.,UK
1106,12,180,2024-02-09,Healing Hands Hospital,Enugu,X-Ray Machine,Radiant Suppliers,China
1107,25,220,2024-02-14,Hope Hospital,Kano,MRI Machine,MedTech Co.,USA
1108,30,320,2024-02-19,Unity Hospital,Lagos,CT Scanner,TechHealth Inc.,Canada
1109,10,550,2024-02-24,Metro Hospital,Abuja,Ultrasound,HealthEquip Ltd.,UK
1110,50,130,2024-02-29,State Hospital,Oyo,X-Ray Machine,Radiant Suppliers,China
1111,20,270,2024-03-05,City Medical Center,Lagos,MRI Machine,MedTech Co.,USA
1112,6,300,2024-03-10,General Hospital,Rivers,CT Scanner,TechHealth Inc.,Canada
1113,15,250,2024-03-15,Central Clinic,Ogun,Ultrasound,HealthEquip Ltd.,UK
1114,4,450,2024-03-20,Healing Touch Hospital,Enugu,MRI Machine,Radiant Suppliers,China
1115,25,180,2024-03-25,Sunshine Medical,Lagos,X-Ray Machine,MedTech Co.,USA
1116,18,600,2024-03-30,Hope Clinic,Kano,CT Scanner,HealthEquip Ltd.,UK
1117,14,150,2024-04-04,Metro Medical Center,Abuja,Ultrasound,TechHealth Inc.,Canada
1118,11,200,2024-04-09,State Medical Center,Oyo,MRI Machine,MedTech Co.,USA
1119,30,400,2024-04-14,General Clinic,Lagos,CT Scanner,HealthEquip Ltd.,UK
1120,10,150,2024-04-19,City Hospital,Rivers,Ultrasound,TechHealth Inc.,Canada
1121,12,350,2024-04-24,Hope Hospital,Abuja,MRI Machine,Radiant Suppliers,China
1122,10,450,2024-04-29,Healing Hands Hospital,Enugu,X-Ray Machine,HealthEquip Ltd.,UK
1123,5,600,2024-05-04,Central Hospital,Kaduna,Ultrasound,MedTech Co.,USA
1124,20,120,2024-05-09,State Hospital,Oyo,X-Ray Machine,Radiant Suppliers,China
1125,15,330,2024-05-14,City Medical Center,Lagos,MRI Machine,TechHealth Inc.,Canada
1126,10,450,2024-05-19,Central Hospital,Rivers,Ultrasound,HealthEquip Ltd.,UK
1127,7,200,2024-05-24,Metro Hospital,Abuja,X-Ray Machine,Radiant Suppliers,China
1128,25,280,2024-05-29,Hope Clinic,Kano,CT Scanner,TechHealth Inc.,Canada
1129,30,400,2024-06-03,Sunshine Hospital,Lagos,MRI Machine,MedTech Co.,USA
1130,15,170,2024-06-08,General Hospital,Enugu,Ultrasound,HealthEquip Ltd.,UK
1131,12,300,2024-06-13,State Medical Center,Oyo,CT Scanner,MedTech Co.,USA
1132,6,400,2024-06-18,Healing Hands Hospital,Rivers,MRI Machine,HealthEquip Ltd.,Canada
1133,8,250,2024-06-23,Metro Medical Center,Abuja,X-Ray Machine,TechHealth Inc.,UK
1134,14,150,2024-06-28,Central Clinic,Kaduna,Ultrasound,MedTech Co.,China
1135,25,220,2024-07-03,Community Hospital,Lagos,MRI Machine,MedTech Co.,USA
1136,18,600,2024-07-08,Sunshine Medical,Kano,CT Scanner,HealthEquip Ltd.,UK
1137,10,150,2024-07-13,Hope Hospital,Enugu,Ultrasound,Radiant Suppliers,China
1138,11,300,2024-07-18,City Medical Center,Oyo,X-Ray Machine,HealthEquip Ltd.,UK
1139,25,320,2024-07-23,State Hospital,Lagos,MRI Machine,Radiant Suppliers,China
1140,12,400,2024-07-28,General Hospital,Kaduna,CT Scanner,HealthEquip Ltd.,UK
1141,30,200,2024-08-02,Healing Touch Hospital,Rivers,X-Ray Machine,Radiant Suppliers,China
1142,15,150,2024-08-07,Metro Hospital,Abuja,Ultrasound,TechHealth Inc.,Canada
1143,20,350,2024-08-12,Central Hospital,Enugu,MRI Machine,MedTech Co.,USA
1144,5,450,2024-08-17,Sunshine Hospital,Lagos,CT Scanner,HealthEquip Ltd.,UK
1145,10,250,2024-08-22,Community Hospital,Abuja,Ultrasound,Radiant Suppliers,China
1146,14,150,2024-08-27,Hope Clinic,Kano,MRI Machine,TechHealth Inc.,Canada
1147,20,300,2024-09-01,Healing Hands Hospital,Lagos,Defibrillator,SoloSupplier Inc.,UK
1148,5,750,2024-09-06,City Hospital,Rivers,Ventilator,ExclusiveTech Ltd.,Germany
1149,10,400,2024-09-11,Metro Medical Center,Abuja,Surgical Table,HealthEquip Ltd.,UK
1150,12,200,2024-09-16,State Hospital,Oyo,MRI Machine,MedTech Co.,USA
1151,10,250,2024-01-15,General Hospital,Lagos,MRI Machine,MedTech Co.,USA
1152,5,200,2024-01-20,City Hospital,Abuja,MRI Machine,HealthEquip Ltd.,UK
1153,20,150,2024-01-25,Central Hospital,Rivers,X-Ray Machine,Radiant Suppliers,China
1154,15,300,2024-01-30,Sunshine Hospital,Lagos,CT Scanner,TechHealth Inc.,Canada
1155,8,500,2024-02-04,Community Hospital,Kaduna,Ultrasound,HealthEquip Ltd.,UK
1156,12,180,2024-02-09,Healing Hands Hospital,Enugu,X-Ray Machine,Radiant Suppliers,China
1157,25,220,2024-02-14,Hope Hospital,Kano,MRI Machine,MedTech Co.,USA
1158,30,320,2024-02-19,Unity Hospital,Lagos,CT Scanner,TechHealth Inc.,Canada
1159,10,550,2024-02-24,Metro Hospital,Abuja,Ultrasound,HealthEquip Ltd.,UK
1160,50,130,2024-02-29,State Hospital,Oyo,X-Ray Machine,Radiant Suppliers,China
1161,20,270,2024-03-05,City Medical Center,Lagos,MRI Machine,MedTech Co.,USA
1162,6,300,2024-03-10,General Hospital,Rivers,CT Scanner,TechHealth Inc.,Canada
1163,15,250,2024-03-15,Central Clinic,Ogun,Ultrasound,HealthEquip Ltd.,UK
1164,4,450,2024-03-20,Healing Touch Hospital,Enugu,MRI Machine,Radiant Suppliers,China
1165,25,180,2024-03-25,Sunshine Medical,Lagos,X-Ray Machine,MedTech Co.,USA
1166,18,600,2024-03-30,Hope Clinic,Kano,CT Scanner,HealthEquip Ltd.,UK
1167,14,150,2024-04-04,Metro Medical Center,Abuja,Ultrasound,TechHealth Inc.,Canada
1168,11,200,2024-04-09,State Medical Center,Oyo,MRI Machine,MedTech Co.,USA
1169,30,400,2024-04-14,General Clinic,Lagos,CT Scanner,HealthEquip Ltd.,UK
1170,10,150,2024-04-19,City Hospital,Rivers,Ultrasound,TechHealth Inc.,Canada
1171,12,350,2024-04-24,Hope Hospital,Abuja,MRI Machine,Radiant Suppliers,China
1172,10,450,2024-04-29,Healing Hands Hospital,Enugu,X-Ray Machine,HealthEquip Ltd.,UK
1173,5,600,2024-05-04,Central Hospital,Kaduna,Ultrasound,MedTech Co.,USA
1174,20,120,2024-05-09,State Hospital,Oyo,X-Ray Machine,Radiant Suppliers,China
1175,15,330,2024-05-14,City Medical Center,Lagos,MRI Machine,TechHealth Inc.,Canada
1176,10,450,2024-05-19,Central Hospital,Rivers,Ultrasound,HealthEquip Ltd.,UK
1177,7,200,2024-05-24,Metro Hospital,Abuja,X-Ray Machine,Radiant Suppliers,China
1178,25,280,2024-05-29,Hope Clinic,Kano,CT Scanner,TechHealth Inc.,Canada
1179,30,400,2024-06-03,Sunshine Hospital,Lagos,MRI Machine,MedTech Co.,USA
1180,15,170,2024-06-08,General Hospital,Enugu,Ultrasound,HealthEquip Ltd.,UK
1181,12,300,2024-06-13,State Medical Center,Oyo,CT Scanner,MedTech Co.,USA
1182,6,400,2024-06-18,Healing Hands Hospital,Rivers,MRI Machine,HealthEquip Ltd.,Canada
1183,8,250,2024-06-23,Metro Medical Center,Abuja,X-Ray Machine,TechHealth Inc.,UK
1184,14,150,2024-06-28,Central Clinic,Kaduna,Ultrasound,MedTech Co.,China
1185,25,220,2024-07-03,Community Hospital,Lagos,MRI Machine,MedTech Co.,USA
1186,18,600,2024-07-08,Sunshine Medical,Kano,CT Scanner,HealthEquip Ltd.,UK
1187,10,150,2024-07-13,Hope Hospital,Enugu,Ultrasound,Radiant Suppliers,China
1188,11,300,2024-07-18,City Medical Center,Oyo,X-Ray Machine,HealthEquip Ltd.,UK
1189,25,320,2024-07-23,State Hospital,Lagos,MRI Machine,Radiant Suppliers,China
1190,12,400,2024-07-28,General Hospital,Kaduna,CT Scanner,HealthEquip Ltd.,UK
1191,30,200,2024-08-02,Healing Touch Hospital,Rivers,X-Ray Machine,Radiant Suppliers,China
1192,15,150,2024-08-07,Metro Hospital,Abuja,Ultrasound,TechHealth Inc.,Canada
1193,20,350,2024-08-12,Central Hospital,Enugu,MRI Machine,MedTech Co.,USA
1194,5,450,2024-08-17,Sunshine Hospital,Lagos,CT Scanner,HealthEquip Ltd.,UK
1195,10,250,2024-08-22,Community Hospital,Abuja,Ultrasound,Radiant Suppliers,China
1196,14,150,2024-08-27,Hope Clinic,Kano,MRI Machine,TechHealth Inc.,Canada
1197,20,300,2024-09-01,Healing Hands Hospital,Lagos,Defibrillator,SoloSupplier Inc.,UK
1198,5,750,2024-09-06,City Hospital,Rivers,Ventilator,ExclusiveTech Ltd.,Germany
1199,10,400,2024-09-11,Metro Medical Center,Abuja,Surgical Table,HealthEquip Ltd.,UK
1200,12,200,2024-09-16,State Hospital,Oyo,MRI Machine,MedTech Co.,USA
1201,10,250,2024-01-15,General Hospital,Lagos,MRI Machine,MedTech Co.,USA
1202,5,200,2024-01-20,City Hospital,Abuja,MRI Machine,HealthEquip Ltd.,UK
1203,20,150,2024-01-25,Central Hospital,Rivers,X-Ray Machine,Radiant Suppliers,China
1204,15,300,2024-01-30,Sunshine Hospital,Lagos,CT Scanner,TechHealth Inc.,Canada
1205,8,500,2024-02-04,Community Hospital,Kaduna,Ultrasound,HealthEquip Ltd.,UK
1206,12,180,2024-02-09,Healing Hands Hospital,Enugu,X-Ray Machine,Radiant Suppliers,China
1207,25,220,2024-02-14,Hope Hospital,Kano,MRI Machine,MedTech Co.,USA
1208,30,320,2024-02-19,Unity Hospital,Lagos,CT Scanner,TechHealth Inc.,Canada
1209,10,550,2024-02-24,Metro Hospital,Abuja,Ultrasound,HealthEquip Ltd.,UK
1210,50,130,2024-02-29,State Hospital,Oyo,X-Ray Machine,Radiant Suppliers,China
1211,20,270,2024-03-05,City Medical Center,Lagos,MRI Machine,MedTech Co.,USA
1212,6,300,2024-03-10,General Hospital,Rivers,CT Scanner,TechHealth Inc.,Canada
1213,15,250,2024-03-15,Central Clinic,Ogun,Ultrasound,HealthEquip Ltd.,UK
1214,4,450,2024-03-20,Healing Touch Hospital,Enugu,MRI Machine,Radiant Suppliers,China
1215,25,180,2024-03-25,Sunshine Medical,Lagos,X-Ray Machine,MedTech Co.,USA
1216,18,600,2024-03-30,Hope Clinic,Kano,CT Scanner,HealthEquip Ltd.,UK
1217,14,150,2024-04-04,Metro Medical Center,Abuja,Ultrasound,TechHealth Inc.,Canada
1218,11,200,2024-04-09,State Medical Center,Oyo,MRI Machine,MedTech Co.,USA
1219,30,400,2024-04-14,General Clinic,Lagos,CT Scanner,HealthEquip Ltd.,UK
1220,10,150,2024-04-19,City Hospital,Rivers,Ultrasound,TechHealth Inc.,Canada
1221,12,350,2024-04-24,Hope Hospital,Abuja,MRI Machine,Radiant Suppliers,China
1222,10,450,2024-04-29,Healing Hands Hospital,Enugu,X-Ray Machine,HealthEquip Ltd.,UK
1223,5,600,2024-05-04,Central Hospital,Kaduna,Ultrasound,MedTech Co.,USA
1224,20,120,2024-05-09,State Hospital,Oyo,X-Ray Machine,Radiant Suppliers,China
1225,15,330,2024-05-14,City Medical Center,Lagos,MRI Machine,TechHealth Inc.,Canada
1226,10,450,2024-05-19,Central Hospital,Rivers,Ultrasound,HealthEquip Ltd.,UK
1227,7,200,2024-05-24,Metro Hospital,Abuja,X-Ray Machine,Radiant Suppliers,China
1228,25,280,2024-05-29,Hope Clinic,Kano,CT Scanner,TechHealth Inc.,Canada
1229,30,400,2024-06-03,Sunshine Hospital,Lagos,MRI Machine,MedTech Co.,USA
1230,15,170,2024-06-08,General Hospital,Enugu,Ultrasound,HealthEquip Ltd.,UK
1231,12,300,2024-06-13,State Medical Center,Oyo,CT Scanner,MedTech Co.,USA
1232,6,400,2024-06-18,Healing Hands Hospital,Rivers,MRI Machine,HealthEquip Ltd.,Canada
1233,8,250,2024-06-23,Metro Medical Center,Abuja,X-Ray Machine,TechHealth Inc.,UK
1234,14,150,2024-06-28,Central Clinic,Kaduna,Ultrasound,MedTech Co.,China
1235,25,220,2024-07-03,Community Hospital,Lagos,MRI Machine,MedTech Co.,USA
1236,18,600,2024-07-08,Sunshine Medical,Kano,CT Scanner,HealthEquip Ltd.,UK
1237,10,150,2024-07-13,Hope Hospital,Enugu,Ultrasound,Radiant Suppliers,China
1238,11,300,2024-07-18,City Medical Center,Oyo,X-Ray Machine,HealthEquip Ltd.,UK
1239,25,320,2024-07-23,State Hospital,Lagos,MRI Machine,Radiant Suppliers,China
1240,12,400,2024-07-28,General Hospital,Kaduna,CT Scanner,HealthEquip Ltd.,UK
1241,30,200,2024-08-02,Healing Touch Hospital,Rivers,X-Ray Machine,Radiant Suppliers,China
1242,15,150,2024-08-07,Metro Hospital,Abuja,Ultrasound,TechHealth Inc.,Canada
1243,20,350,2024-08-12,Central Hospital,Enugu,MRI Machine,MedTech Co.,USA
1244,5,450,2024-08-17,Sunshine Hospital,Lagos,CT Scanner,HealthEquip Ltd.,UK
1245,10,250,2024-08-22,Community Hospital,Abuja,Ultrasound,Radiant Suppliers,China
1246,14,150,2024-08-27,Hope Clinic,Kano,MRI Machine,TechHealth Inc.,Canada
1247,20,300,2024-09-01,Healing Hands Hospital,Lagos,Defibrillator,SoloSupplier Inc.,UK
1248,5,750,2024-09-06,City Hospital,Rivers,Ventilator,ExclusiveTech Ltd.,Germany
1249,10,400,2024-09-11,Metro Medical Center,Abuja,Surgical Table,HealthEquip Ltd.,UK
1250,12,200,2024-09-16,State Hospital,Oyo,MRI Machine,MedTech Co.,USA
1251,10,250,2024-01-15,General Hospital,Lagos,MRI Machine,MedTech Co.,USA
1252,5,200,2024-01-20,City Hospital,Abuja,MRI Machine,HealthEquip Ltd.,UK
1253,20,150,2024-01-25,Central Hospital,Rivers,X-Ray Machine,Radiant Suppliers,China
1254,15,300,2024-01-30,Sunshine Hospital,Lagos,CT Scanner,TechHealth Inc.,Canada
1255,8,500,2024-02-04,Community Hospital,Kaduna,Ultrasound,HealthEquip Ltd.,UK
1256,12,180,2024-02-09,Healing Hands Hospital,Enugu,X-Ray Machine,Radiant Suppliers,China
1257,25,220,2024-02-14,Hope Hospital,Kano,MRI Machine,MedTech Co.,USA
1258,30,320,2024-02-19,Unity Hospital,Lagos,CT Scanner,TechHealth Inc.,Canada
1259,10,550,2024-02-24,Metro Hospital,Abuja,Ultrasound,HealthEquip Ltd.,UK
1260,50,130,2024-02-29,State Hospital,Oyo,X-Ray Machine,Radiant Suppliers,China
1261,20,270,2024-03-05,City Medical Center,Lagos,MRI Machine,MedTech Co.,USA
1262,6,300,2024-03-10,General Hospital,Rivers,CT Scanner,TechHealth Inc.,Canada
1263,15,250,2024-03-15,Central Clinic,Ogun,Ultrasound,HealthEquip Ltd.,UK
1264,4,450,2024-03-20,Healing Touch Hospital,Enugu,MRI Machine,Radiant Suppliers,China
1265,25,180,2024-03-25,Sunshine Medical,Lagos,X-Ray Machine,MedTech Co.,USA
1266,18,600,2024-03-30,Hope Clinic,Kano,CT Scanner,HealthEquip Ltd.,UK
1267,14,150,2024-04-04,Metro Medical Center,Abuja,Ultrasound,TechHealth Inc.,Canada
1268,11,200,2024-04-09,State Medical Center,Oyo,MRI Machine,MedTech Co.,USA
1269,30,400,2024-04-14,General Clinic,Lagos,CT Scanner,HealthEquip Ltd.,UK
1270,10,150,2024-04-19,City Hospital,Rivers,Ultrasound,TechHealth Inc.,Canada
1271,12,350,2024-04-24,Hope Hospital,Abuja,MRI Machine,Radiant Suppliers,China
1272,10,450,2024-04-29,Healing Hands Hospital,Enugu,X-Ray Machine,HealthEquip Ltd.,UK
1273,5,600,2024-05-04,Central Hospital,Kaduna,Ultrasound,MedTech Co.,USA
1274,20,120,2024-05-09,State Hospital,Oyo,X-Ray Machine,Radiant Suppliers,China
1275,15,330,2024-05-14,City Medical Center,Lagos,MRI Machine,TechHealth Inc.,Canada
1276,10,450,2024-05-19,Central Hospital,Rivers,Ultrasound,HealthEquip Ltd.,UK
1277,7,200,2024-05-24,Metro Hospital,Abuja,X-Ray Machine,Radiant Suppliers,China
1278,25,280,2024-05-29,Hope Clinic,Kano,CT Scanner,TechHealth Inc.,Canada
1279,30,400,2024-06-03,Sunshine Hospital,Lagos,MRI Machine,MedTech Co.,USA
1280,15,170,2024-06-08,General Hospital,Enugu,Ultrasound,HealthEquip Ltd.,UK
1281,12,300,2024-06-13,State Medical Center,Oyo,CT Scanner,MedTech Co.,USA
1282,6,400,2024-06-18,Healing Hands Hospital,Rivers,MRI Machine,HealthEquip Ltd.,Canada
1283,8,250,2024-06-23,Metro Medical Center,Abuja,X-Ray Machine,TechHealth Inc.,UK
1284,14,150,2024-06-28,Central Clinic,Kaduna,Ultrasound,MedTech Co.,China
1285,25,220,2024-07-03,Community Hospital,Lagos,MRI Machine,MedTech Co.,USA
1286,18,600,2024-07-08,Sunshine Medical,Kano,CT Scanner,HealthEquip Ltd.,UK
1287,10,150,2024-07-13,Hope Hospital,Enugu,Ultrasound,Radiant Suppliers,China
1288,11,300,2024-07-18,City Medical Center,Oyo,X-Ray Machine,HealthEquip Ltd.,UK
1289,25,320,2024-07-23,State Hospital,Lagos,MRI Machine,Radiant Suppliers,China
1290,12,400,2024-07-28,General Hospital,Kaduna,CT Scanner,HealthEquip Ltd.,UK
1291,30,200,2024-08-02,Healing Touch Hospital,Rivers,X-Ray Machine,Radiant Suppliers,China
1292,15,150,2024-08-07,Metro Hospital,Abuja,Ultrasound,TechHealth Inc.,Canada
1293,20,350,2024-08-12,Central Hospital,Enugu,MRI Machine,MedTech Co.,USA
1294,5,450,2024-08-17,Sunshine Hospital,Lagos,CT Scanner,HealthEquip Ltd.,UK
1295,10,250,2024-08-22,Community Hospital,Abuja,Ultrasound,Radiant Suppliers,China
1296,14,150,2024-08-27,Hope Clinic,Kano,MRI Machine,TechHealth Inc.,Canada
1297,20,300,2024-09-01,Healing Hands Hospital,Lagos,Defibrillator,SoloSupplier Inc.,UK
1298,5,750,2024-09-06,City Hospital,Rivers,Ventilator,ExclusiveTech Ltd.,Germany
1299,10,400,2024-09-11,Metro Medical Center,Abuja,Surgical Table,HealthEquip Ltd.,UK
1300,12,200,2024-09-16,State Hospital,Oyo,MRI Machine,MedTech Co.,USA
1301,10,250,2024-01-15,General Hospital,Lagos,MRI Machine,MedTech Co.,USA
1302,5,200,2024-01-20,City Hospital,Abuja,MRI Machine,HealthEquip Ltd.,UK
1303,20,150,2024-01-25,Central Hospital,Rivers,X-Ray Machine,Radiant Suppliers,China
1304,15,300,2024-01-30,Sunshine Hospital,Lagos,CT Scanner,TechHealth Inc.,Canada
1305,8,500,2024-02-04,Community Hospital,Kaduna,Ultrasound,HealthEquip Ltd.,UK
1306,12,180,2024-02-09,Healing Hands Hospital,Enugu,X-Ray Machine,Radiant Suppliers,China
1307,25,220,2024-02-14,Hope Hospital,Kano,MRI Machine,MedTech Co.,USA
1308,30,320,2024-02-19,Unity Hospital,Lagos,CT Scanner,TechHealth Inc.,Canada
1309,10,550,2024-02-24,Metro Hospital,Abuja,Ultrasound,HealthEquip Ltd.,UK
1310,50,130,2024-02-29,State Hospital,Oyo,X-Ray Machine,Radiant Suppliers,China
1311,20,270,2024-03-05,City Medical Center,Lagos,MRI Machine,MedTech Co.,USA
1312,6,300,2024-03-10,General Hospital,Rivers,CT Scanner,TechHealth Inc.,Canada
1313,15,250,2024-03-15,Central Clinic,Ogun,Ultrasound,HealthEquip Ltd.,UK
1314,4,450,2024-03-20,Healing Touch Hospital,Enugu,MRI Machine,Radiant Suppliers,China
1315,25,180,2024-03-25,Sunshine Medical,Lagos,X-Ray Machine,MedTech Co.,USA
1316,18,600,2024-03-30,Hope Clinic,Kano,CT Scanner,HealthEquip Ltd.,UK
1317,14,150,2024-04-04,Metro Medical Center,Abuja,Ultrasound,TechHealth Inc.,Canada
1318,11,200,2024-04-09,State Medical Center,Oyo,MRI Machine,MedTech Co.,USA
1319,30,400,2024-04-14,General Clinic,Lagos,CT Scanner,HealthEquip Ltd.,UK
1320,10,150,2024-04-19,City Hospital,Rivers,Ultrasound,TechHealth Inc.,Canada
1321,12,350,2024-04-24,Hope Hospital,Abuja,MRI Machine,Radiant Suppliers,China
1322,10,450,2024-04-29,Healing Hands Hospital,Enugu,X-Ray Machine,HealthEquip Ltd.,UK
1323,5,600,2024-05-04,Central Hospital,Kaduna,Ultrasound,MedTech Co.,USA
1324,20,120,2024-05-09,State Hospital,Oyo,X-Ray Machine,Radiant Suppliers,China
1325,15,330,2024-05-14,City Medical Center,Lagos,MRI Machine,TechHealth Inc.,Canada
1326,10,450,2024-05-19,Central Hospital,Rivers,Ultrasound,HealthEquip Ltd.,UK
1327,7,200,2024-05-24,Metro Hospital,Abuja,X-Ray Machine,Radiant Suppliers,China
1328,25,280,2024-05-29,Hope Clinic,Kano,CT Scanner,TechHealth Inc.,Canada
1329,30,400,2024-06-03,Sunshine Hospital,Lagos,MRI Machine,MedTech Co.,USA
1330,15,170,2024-06-08,General Hospital,Enugu,Ultrasound,HealthEquip Ltd.,UK
1331,12,300,2024-06-13,State Medical Center,Oyo,CT Scanner,MedTech Co.,USA
1332,6,400,2024-06-18,Healing Hands Hospital,Rivers,MRI Machine,HealthEquip Ltd.,Canada
1333,8,250,2024-06-23,Metro Medical Center,Abuja,X-Ray Machine,TechHealth Inc.,UK
1334,14,150,2024-06-28,Central Clinic,Kaduna,Ultrasound,MedTech Co.,China
1335,25,220,2024-07-03,Community Hospital,Lagos,MRI Machine,MedTech Co.,USA
1336,18,600,2024-07-08,Sunshine Medical,Kano,CT Scanner,HealthEquip Ltd.,UK
1337,10,150,2024-07-13,Hope Hospital,Enugu,Ultrasound,Radiant Suppliers,China
1338,11,300,2024-07-18,City Medical Center,Oyo,X-Ray Machine,HealthEquip Ltd.,UK
1339,25,320,2024-07-23,State Hospital,Lagos,MRI Machine,Radiant Suppliers,China
1340,12,400,2024-07-28,General Hospital,Kaduna,CT Scanner,HealthEquip Ltd.,UK
1341,30,200,2024-08-02,Healing Touch Hospital,Rivers,X-Ray Machine,Radiant Suppliers,China
1342,15,150,2024-08-07,Metro Hospital,Abuja,Ultrasound,TechHealth Inc.,Canada
1343,20,350,2024-08-12,Central Hospital,Enugu,MRI Machine,MedTech Co.,USA
1344,5,450,2024-08-17,Sunshine Hospital,Lagos,CT Scanner,HealthEquip Ltd.,UK
1345,10,250,2024-08-22,Community Hospital,Abuja,Ultrasound,Radiant Suppliers,China
1346,14,150,2024-08-27,Hope Clinic,Kano,MRI Machine,TechHealth Inc.,Canada
1347,20,300,2024-09-01,Healing Hands Hospital,Lagos,Defibrillator,SoloSupplier Inc.,UK
1348,5,750,2024-09-06,City Hospital,Rivers,Ventilator,ExclusiveTech Ltd.,Germany
1349,10,400,2024-09-11,Metro Medical Center,Abuja,Surgical Table,HealthEquip Ltd.,UK
1350,12,200,2024-09-16,State Hospital,Oyo,MRI Machine,MedTech Co.,USA
1351,10,250,2024-01-15,General Hospital,Lagos,MRI Machine,MedTech Co.,USA
1352,5,200,2024-01-20,City Hospital,Abuja,MRI Machine,HealthEquip Ltd.,UK
1353,20,150,2024-01-25,Central Hospital,Rivers,X-Ray Machine,Radiant Suppliers,China
1354,15,300,2024-01-30,Sunshine Hospital,Lagos,CT Scanner,TechHealth Inc.,Canada
1355,8,500,2024-02-04,Community Hospital,Kaduna,Ultrasound,HealthEquip Ltd.,UK
1356,12,180,2024-02-09,Healing Hands Hospital,Enugu,X-Ray Machine,Radiant Suppliers,China
1357,25,220,2024-02-14,Hope Hospital,Kano,MRI Machine,MedTech Co.,USA
1358,30,320,2024-02-19,Unity Hospital,Lagos,CT Scanner,TechHealth Inc.,Canada
1359,10,550,2024-02-24,Metro Hospital,Abuja,Ultrasound,HealthEquip Ltd.,UK
1360,50,130,2024-02-29,State Hospital,Oyo,X-Ray Machine,Radiant Suppliers,China
1361,20,270,2024-03-05,City Medical Center,Lagos,MRI Machine,MedTech Co.,USA
1362,6,300,2024-03-10,General Hospital,Rivers,CT Scanner,TechHealth Inc.,Canada
1363,15,250,2024-03-15,Central Clinic,Ogun,Ultrasound,HealthEquip Ltd.,UK
1364,4,450,2024-03-20,Healing Touch Hospital,Enugu,MRI Machine,Radiant Suppliers,China
1365,25,180,2024-03-25,Sunshine Medical,Lagos,X-Ray Machine,MedTech Co.,USA
1366,18,600,2024-03-30,Hope Clinic,Kano,CT Scanner,HealthEquip Ltd.,UK
1367,14,150,2024-04-04,Metro Medical Center,Abuja,Ultrasound,TechHealth Inc.,Canada
1368,11,200,2024-04-09,State Medical Center,Oyo,MRI Machine,MedTech Co.,USA
1369,30,400,2024-04-14,General Clinic,Lagos,CT Scanner,HealthEquip Ltd.,UK
1370,10,150,2024-04-19,City Hospital,Rivers,Ultrasound,TechHealth Inc.,Canada
1371,12,350,2024-04-24,Hope Hospital,Abuja,MRI Machine,Radiant Suppliers,China
1372,10,450,2024-04-29,Healing Hands Hospital,Enugu,X-Ray Machine,HealthEquip Ltd.,UK
1373,5,600,2024-05-04,Central Hospital,Kaduna,Ultrasound,MedTech Co.,USA
1374,20,120,2024-05-09,State Hospital,Oyo,X-Ray Machine,Radiant Suppliers,China
1375,15,330,2024-05-14,City Medical Center,Lagos,MRI Machine,TechHealth Inc.,Canada
1376,10,450,2024-05-19,Central Hospital,Rivers,Ultrasound,HealthEquip Ltd.,UK
1377,7,200,2024-05-24,Metro Hospital,Abuja,X-Ray Machine,Radiant Suppliers,China
1378,25,280,2024-05-29,Hope Clinic,Kano,CT Scanner,TechHealth Inc.,Canada
1379,30,400,2024-06-03,Sunshine Hospital,Lagos,MRI Machine,MedTech Co.,USA
1380,15,170,2024-06-08,General Hospital,Enugu,Ultrasound,HealthEquip Ltd.,UK
1381,12,300,2024-06-13,State Medical Center,Oyo,CT Scanner,MedTech Co.,USA
1382,6,400,2024-06-18,Healing Hands Hospital,Rivers,MRI Machine,HealthEquip Ltd.,Canada
1383,8,250,2024-06-23,Metro Medical Center,Abuja,X-Ray Machine,TechHealth Inc.,UK
1384,14,150,2024-06-28,Central Clinic,Kaduna,Ultrasound,MedTech Co.,China
1385,25,220,2024-07-03,Community Hospital,Lagos,MRI Machine,MedTech Co.,USA
1386,18,600,2024-07-08,Sunshine Medical,Kano,CT Scanner,HealthEquip Ltd.,UK
1387,10,150,2024-07-13,Hope Hospital,Enugu,Ultrasound,Radiant Suppliers,China
1388,11,300,2024-07-18,City Medical Center,Oyo,X-Ray Machine,HealthEquip Ltd.,UK
1389,25,320,2024-07-23,State Hospital,Lagos,MRI Machine,Radiant Suppliers,China
1390,12,400,2024-07-28,General Hospital,Kaduna,CT Scanner,HealthEquip Ltd.,UK
1391,30,200,2024-08-02,Healing Touch Hospital,Rivers,X-Ray Machine,Radiant Suppliers,China
1392,15,150,2024-08-07,Metro Hospital,Abuja,Ultrasound,TechHealth Inc.,Canada
1393,20,350,2024-08-12,Central Hospital,Enugu,MRI Machine,MedTech Co.,USA
1394,5,450,2024-08-17,Sunshine Hospital,Lagos,CT Scanner,HealthEquip Ltd.,UK
1395,10,250,2024-08-22,Community Hospital,Abuja,Ultrasound,Radiant Suppliers,China
1396,14,150,2024-08-27,Hope Clinic,Kano,MRI Machine,TechHealth Inc.,Canada
1397,20,300,2024-09-01,Healing Hands Hospital,Lagos,Defibrillator,SoloSupplier Inc.,UK
1398,5,750,2024-09-06,City Hospital,Rivers,Ventilator,ExclusiveTech Ltd.,Germany
1399,10,400,2024-09-11,Metro Medical Center,Abuja,Surgical Table,HealthEquip Ltd.,UK
1400,12,200,2024-09-16,State Hospital,Oyo,MRI Machine,MedTech Co.,USA
1401,10,250,2024-01-15,General Hospital,Lagos,MRI Machine,MedTech Co.,USA
1402,5,200,2024-01-20,City Hospital,Abuja,MRI Machine,HealthEquip Ltd.,UK
1403,20,150,2024-01-25,Central Hospital,Rivers,X-Ray Machine,Radiant Suppliers,China
1404,15,300,2024-01-30,Sunshine Hospital,Lagos,CT Scanner,TechHealth Inc.,Canada
1405,8,500,2024-02-04,Community Hospital,Kaduna,Ultrasound,HealthEquip Ltd.,UK
1406,12,180,2024-02-09,Healing Hands Hospital,Enugu,X-Ray Machine,Radiant Suppliers,China
1407,25,220,2024-02-14,Hope Hospital,Kano,MRI Machine,MedTech Co.,USA
1408,30,320,2024-02-19,Unity Hospital,Lagos,CT Scanner,TechHealth Inc.,Canada
1409,10,550,2024-02-24,Metro Hospital,Abuja,Ultrasound,HealthEquip Ltd.,UK
1410,50,130,2024-02-29,State Hospital,Oyo,X-Ray Machine,Radiant Suppliers,China
1411,20,270,2024-03-05,City Medical Center,Lagos,MRI Machine,MedTech Co.,USA
1412,6,300,2024-03-10,General Hospital,Rivers,CT Scanner,TechHealth Inc.,Canada
1413,15,250,2024-03-15,Central Clinic,Ogun,Ultrasound,HealthEquip Ltd.,UK
1414,4,450,2024-03-20,Healing Touch Hospital,Enugu,MRI Machine,Radiant Suppliers,China
1415,25,180,2024-03-25,Sunshine Medical,Lagos,X-Ray Machine,MedTech Co.,USA
1416,18,600,2024-03-30,Hope Clinic,Kano,CT Scanner,HealthEquip Ltd.,UK
1417,14,150,2024-04-04,Metro Medical Center,Abuja,Ultrasound,TechHealth Inc.,Canada
1418,11,200,2024-04-09,State Medical Center,Oyo,MRI Machine,MedTech Co.,USA
1419,30,400,2024-04-14,General Clinic,Lagos,CT Scanner,HealthEquip Ltd.,UK
1420,10,150,2024-04-19,City Hospital,Rivers,Ultrasound,TechHealth Inc.,Canada
1421,12,350,2024-04-24,Hope Hospital,Abuja,MRI Machine,Radiant Suppliers,China
1422,10,450,2024-04-29,Healing Hands Hospital,Enugu,X-Ray Machine,HealthEquip Ltd.,UK
1423,5,600,2024-05-04,Central Hospital,Kaduna,Ultrasound,MedTech Co.,USA
1424,20,120,2024-05-09,State Hospital,Oyo,X-Ray Machine,Radiant Suppliers,China
1425,15,330,2024-05-14,City Medical Center,Lagos,MRI Machine,TechHealth Inc.,Canada
1426,10,450,2024-05-19,Central Hospital,Rivers,Ultrasound,HealthEquip Ltd.,UK
1427,7,200,2024-05-24,Metro Hospital,Abuja,X-Ray Machine,Radiant Suppliers,China
1428,25,280,2024-05-29,Hope Clinic,Kano,CT Scanner,TechHealth Inc.,Canada
1429,30,400,2024-06-03,Sunshine Hospital,Lagos,MRI Machine,MedTech Co.,USA
1430,15,170,2024-06-08,General Hospital,Enugu,Ultrasound,HealthEquip Ltd.,UK
1431,12,300,2024-06-13,State Medical Center,Oyo,CT Scanner,MedTech Co.,USA
1432,6,400,2024-06-18,Healing Hands Hospital,Rivers,MRI Machine,HealthEquip Ltd.,Canada
1433,8,250,2024-06-23,Metro Medical Center,Abuja,X-Ray Machine,TechHealth Inc.,UK
1434,14,150,2024-06-28,Central Clinic,Kaduna,Ultrasound,MedTech Co.,China
1435,25,220,2024-07-03,Community Hospital,Lagos,MRI Machine,MedTech Co.,USA
1436,18,600,2024-07-08,Sunshine Medical,Kano,CT Scanner,HealthEquip Ltd.,UK
1437,10,150,2024-07-13,Hope Hospital,Enugu,Ultrasound,Radiant Suppliers,China
1438,11,300,2024-07-18,City Medical Center,Oyo,X-Ray Machine,HealthEquip Ltd.,UK
1439,25,320,2024-07-23,State Hospital,Lagos,MRI Machine,Radiant Suppliers,China
1440,12,400,2024-07-28,General Hospital,Kaduna,CT Scanner,HealthEquip Ltd.,UK
1441,30,200,2024-08-02,Healing Touch Hospital,Rivers,X-Ray Machine,Radiant Suppliers,China
1442,15,150,2024-08-07,Metro Hospital,Abuja,Ultrasound,TechHealth Inc.,Canada
1443,20,350,2024-08-12,Central Hospital,Enugu,MRI Machine,MedTech Co.,USA
1444,5,450,2024-08-17,Sunshine Hospital,Lagos,CT Scanner,HealthEquip Ltd.,UK
1445,10,250,2024-08-22,Community Hospital,Abuja,Ultrasound,Radiant Suppliers,China
1446,14,150,2024-08-27,Hope Clinic,Kano,MRI Machine,TechHealth Inc.,Canada
1447,20,300,2024-09-01,Healing Hands Hospital,Lagos,Defibrillator,SoloSupplier Inc.,UK
1448,5,750,2024-09-06,City Hospital,Rivers,Ventilator,ExclusiveTech Ltd.,Germany
1449,10,400,2024-09-11,Metro Medical Center,Abuja,Surgical Table,HealthEquip Ltd.,UK
1450,12,200,2024-09-16,State Hospital,Oyo,MRI Machine,MedTech Co.,USA
1451,10,250,2024-01-15,General Hospital,Lagos,MRI Machine,MedTech Co.,USA
1452,5,200,2024-01-20,City Hospital,Abuja,MRI Machine,HealthEquip Ltd.,UK
1453,20,150,2024-01-25,Central Hospital,Rivers,X-Ray Machine,Radiant Suppliers,China
1454,15,300,2024-01-30,Sunshine Hospital,Lagos,CT Scanner,TechHealth Inc.,Canada
1455,8,500,2024-02-04,Community Hospital,Kaduna,Ultrasound,HealthEquip Ltd.,UK
1456,12,180,2024-02-09,Healing Hands Hospital,Enugu,X-Ray Machine,Radiant Suppliers,China
1457,25,220,2024-02-14,Hope Hospital,Kano,MRI Machine,MedTech Co.,USA
1458,30,320,2024-02-19,Unity Hospital,Lagos,CT Scanner,TechHealth Inc.,Canada
1459,10,550,2024-02-24,Metro Hospital,Abuja,Ultrasound,HealthEquip Ltd.,UK
1460,50,130,2024-02-29,State Hospital,Oyo,X-Ray Machine,Radiant Suppliers,China
1461,20,270,2024-03-05,City Medical Center,Lagos,MRI Machine,MedTech Co.,USA
1462,6,300,2024-03-10,General Hospital,Rivers,CT Scanner,TechHealth Inc.,Canada
1463,15,250,2024-03-15,Central Clinic,Ogun,Ultrasound,HealthEquip Ltd.,UK
1464,4,450,2024-03-20,Healing Touch Hospital,Enugu,MRI Machine,Radiant Suppliers,China
1465,25,180,2024-03-25,Sunshine Medical,Lagos,X-Ray Machine,MedTech Co.,USA
1466,18,600,2024-03-30,Hope Clinic,Kano,CT Scanner,HealthEquip Ltd.,UK
1467,14,150,2024-04-04,Metro Medical Center,Abuja,Ultrasound,TechHealth Inc.,Canada
1468,11,200,2024-04-09,State Medical Center,Oyo,MRI Machine,MedTech Co.,USA
1469,30,400,2024-04-14,General Clinic,Lagos,CT Scanner,HealthEquip Ltd.,UK
1470,10,150,2024-04-19,City Hospital,Rivers,Ultrasound,TechHealth Inc.,Canada
1471,12,350,2024-04-24,Hope Hospital,Abuja,MRI Machine,Radiant Suppliers,China
1472,10,450,2024-04-29,Healing Hands Hospital,Enugu,X-Ray Machine,HealthEquip Ltd.,UK
1473,5,600,2024-05-04,Central Hospital,Kaduna,Ultrasound,MedTech Co.,USA
1474,20,120,2024-05-09,State Hospital,Oyo,X-Ray Machine,Radiant Suppliers,China
1475,15,330,2024-05-14,City Medical Center,Lagos,MRI Machine,TechHealth Inc.,Canada
1476,10,450,2024-05-19,Central Hospital,Rivers,Ultrasound,HealthEquip Ltd.,UK
1477,7,200,2024-05-24,Metro Hospital,Abuja,X-Ray Machine,Radiant Suppliers,China
1478,25,280,2024-05-29,Hope Clinic,Kano,CT Scanner,TechHealth Inc.,Canada
1479,30,400,2024-06-03,Sunshine Hospital,Lagos,MRI Machine,MedTech Co.,USA
1480,15,170,2024-06-08,General Hospital,Enugu,Ultrasound,HealthEquip Ltd.,UK
1481,12,300,2024-06-13,State Medical Center,Oyo,CT Scanner,MedTech Co.,USA
1482,6,400,2024-06-18,Healing Hands Hospital,Rivers,MRI Machine,HealthEquip Ltd.,Canada
1483,8,250,2024-06-23,Metro Medical Center,Abuja,X-Ray Machine,TechHealth Inc.,UK
1484,14,150,2024-06-28,Central Clinic,Kaduna,Ultrasound,MedTech Co.,China
1485,25,220,2024-07-03,Community Hospital,Lagos,MRI Machine,MedTech Co.,USA
1486,18,600,2024-07-08,Sunshine Medical,Kano,CT Scanner,HealthEquip Ltd.,UK
1487,10,150,2024-07-13,Hope Hospital,Enugu,Ultrasound,Radiant Suppliers,China
1488,11,300,2024-07-18,City Medical Center,Oyo,X-Ray Machine,HealthEquip Ltd.,UK
1489,25,320,2024-07-23,State Hospital,Lagos,MRI Machine,Radiant Suppliers,China
1490,12,400,2024-07-28,General Hospital,Kaduna,CT Scanner,HealthEquip Ltd.,UK
1491,30,200,2024-08-02,Healing Touch Hospital,Rivers,X-Ray Machine,Radiant Suppliers,China
1492,15,150,2024-08-07,Metro Hospital,Abuja,Ultrasound,TechHealth Inc.,Canada
1493,20,350,2024-08-12,Central Hospital,Enugu,MRI Machine,MedTech Co.,USA
1494,5,450,2024-08-17,Sunshine Hospital,Lagos,CT Scanner,HealthEquip Ltd.,UK
1495,10,250,2024-08-22,Community Hospital,Abuja,Ultrasound,Radiant Suppliers,China
1496,14,150,2024-08-27,Hope Clinic,Kano,MRI Machine,TechHealth Inc.,Canada
1497,20,300,2024-09-01,Healing Hands Hospital,Lagos,Defibrillator,SoloSupplier Inc.,UK
1498,5,750,2024-09-06,City Hospital,Rivers,Ventilator,ExclusiveTech Ltd.,Germany
1499,10,400,2024-09-11,Metro Medical Center,Abuja,Surgical Table,HealthEquip Ltd.,UK
1500,12,200,2024-09-16,State Hospital,Oyo,MRI Machine,MedTech Co.,USA
1501,10,250,2024-01-15,General Hospital,Lagos,MRI Machine,MedTech Co.,USA
1502,5,200,2024-01-20,City Hospital,Abuja,MRI Machine,HealthEquip Ltd.,UK
1503,20,150,2024-01-25,Central Hospital,Rivers,X-Ray Machine,Radiant Suppliers,China
1504,15,300,2024-01-30,Sunshine Hospital,Lagos,CT Scanner,TechHealth Inc.,Canada
1505,8,500,2024-02-04,Community Hospital,Kaduna,Ultrasound,HealthEquip Ltd.,UK
1506,12,180,2024-02-09,Healing Hands Hospital,Enugu,X-Ray Machine,Radiant Suppliers,China
1507,25,220,2024-02-14,Hope Hospital,Kano,MRI Machine,MedTech Co.,USA
1508,30,320,2024-02-19,Unity Hospital,Lagos,CT Scanner,TechHealth Inc.,Canada
1509,10,550,2024-02-24,Metro Hospital,Abuja,Ultrasound,HealthEquip Ltd.,UK
1510,50,130,2024-02-29,State Hospital,Oyo,X-Ray Machine,Radiant Suppliers,China
1511,20,270,2024-03-05,City Medical Center,Lagos,MRI Machine,MedTech Co.,USA
1512,6,300,2024-03-10,General Hospital,Rivers,CT Scanner,TechHealth Inc.,Canada
1513,15,250,2024-03-15,Central Clinic,Ogun,Ultrasound,HealthEquip Ltd.,UK
1514,4,450,2024-03-20,Healing Touch Hospital,Enugu,MRI Machine,Radiant Suppliers,China
1515,25,180,2024-03-25,Sunshine Medical,Lagos,X-Ray Machine,MedTech Co.,USA
1516,18,600,2024-03-30,Hope Clinic,Kano,CT Scanner,HealthEquip Ltd.,UK
1517,14,150,2024-04-04,Metro Medical Center,Abuja,Ultrasound,TechHealth Inc.,Canada
1518,11,200,2024-04-09,State Medical Center,Oyo,MRI Machine,MedTech Co.,USA
1519,30,400,2024-04-14,General Clinic,Lagos,CT Scanner,HealthEquip Ltd.,UK
1520,10,150,2024-04-19,City Hospital,Rivers,Ultrasound,TechHealth Inc.,Canada
1521,12,350,2024-04-24,Hope Hospital,Abuja,MRI Machine,Radiant Suppliers,China
1522,10,450,2024-04-29,Healing Hands Hospital,Enugu,X-Ray Machine,HealthEquip Ltd.,UK
1523,5,600,2024-05-04,Central Hospital,Kaduna,Ultrasound,MedTech Co.,USA
1524,20,120,2024-05-09,State Hospital,Oyo,X-Ray Machine,Radiant Suppliers,China
1525,15,330,2024-05-14,City Medical Center,Lagos,MRI Machine,TechHealth Inc.,Canada
1526,10,450,2024-05-19,Central Hospital,Rivers,Ultrasound,HealthEquip Ltd.,UK
1527,7,200,2024-05-24,Metro Hospital,Abuja,X-Ray Machine,Radiant Suppliers,China
1528,25,280,2024-05-29,Hope Clinic,Kano,CT Scanner,TechHealth Inc.,Canada
1529,30,400,2024-06-03,Sunshine Hospital,Lagos,MRI Machine,MedTech Co.,USA
1530,15,170,2024-06-08,General Hospital,Enugu,Ultrasound,HealthEquip Ltd.,UK
1531,12,300,2024-06-13,State Medical Center,Oyo,CT Scanner,MedTech Co.,USA
1532,6,400,2024-06-18,Healing Hands Hospital,Rivers,MRI Machine,HealthEquip Ltd.,Canada
1533,8,250,2024-06-23,Metro Medical Center,Abuja,X-Ray Machine,TechHealth Inc.,UK
1534,14,150,2024-06-28,Central Clinic,Kaduna,Ultrasound,MedTech Co.,China
1535,25,220,2024-07-03,Community Hospital,Lagos,MRI Machine,MedTech Co.,USA
1536,18,600,2024-07-08,Sunshine Medical,Kano,CT Scanner,HealthEquip Ltd.,UK
1537,10,150,2024-07-13,Hope Hospital,Enugu,Ultrasound,Radiant Suppliers,China
1538,11,300,2024-07-18,City Medical Center,Oyo,X-Ray Machine,HealthEquip Ltd.,UK
1539,25,320,2024-07-23,State Hospital,Lagos,MRI Machine,Radiant Suppliers,China
1540,12,400,2024-07-28,General Hospital,Kaduna,CT Scanner,HealthEquip Ltd.,UK
1541,30,200,2024-08-02,Healing Touch Hospital,Rivers,X-Ray Machine,Radiant Suppliers,China
1542,15,150,2024-08-07,Metro Hospital,Abuja,Ultrasound,TechHealth Inc.,Canada
1543,20,350,2024-08-12,Central Hospital,Enugu,MRI Machine,MedTech Co.,USA
1544,5,450,2024-08-17,Sunshine Hospital,Lagos,CT Scanner,HealthEquip Ltd.,UK
1545,10,250,2024-08-22,Community Hospital,Abuja,Ultrasound,Radiant Suppliers,China
1546,14,150,2024-08-27,Hope Clinic,Kano,MRI Machine,TechHealth Inc.,Canada
1547,20,300,2024-09-01,Healing Hands Hospital,Lagos,Defibrillator,SoloSupplier Inc.,UK
1548,5,750,2024-09-06,City Hospital,Rivers,Ventilator,ExclusiveTech Ltd.,Germany
1549,10,400,2024-09-11,Metro Medical Center,Abuja,Surgical Table,HealthEquip Ltd.,UK
1550,12,200,2024-09-16,State Hospital,Oyo,MRI Machine,MedTech Co.,USA
1551,10,250,2024-01-15,General Hospital,Lagos,MRI Machine,MedTech Co.,USA
1552,5,200,2024-01-20,City Hospital,Abuja,MRI Machine,HealthEquip Ltd.,UK
1553,20,150,2024-01-25,Central Hospital,Rivers,X-Ray Machine,Radiant Suppliers,China
1554,15,300,2024-01-30,Sunshine Hospital,Lagos,CT Scanner,TechHealth Inc.,Canada
1555,8,500,2024-02-04,Community Hospital,Kaduna,Ultrasound,HealthEquip Ltd.,UK
1556,12,180,2024-02-09,Healing Hands Hospital,Enugu,X-Ray Machine,Radiant Suppliers,China
1557,25,220,2024-02-14,Hope Hospital,Kano,MRI Machine,MedTech Co.,USA
1558,30,320,2024-02-19,Unity Hospital,Lagos,CT Scanner,TechHealth Inc.,Canada
1559,10,550,2024-02-24,Metro Hospital,Abuja,Ultrasound,HealthEquip Ltd.,UK
1560,50,130,2024-02-29,State Hospital,Oyo,X-Ray Machine,Radiant Suppliers,China
1561,20,270,2024-03-05,City Medical Center,Lagos,MRI Machine,MedTech Co.,USA
1562,6,300,2024-03-10,General Hospital,Rivers,CT Scanner,TechHealth Inc.,Canada
1563,15,250,2024-03-15,Central Clinic,Ogun,Ultrasound,HealthEquip Ltd.,UK
1564,4,450,2024-03-20,Healing Touch Hospital,Enugu,MRI Machine,Radiant Suppliers,China
1565,25,180,2024-03-25,Sunshine Medical,Lagos,X-Ray Machine,MedTech Co.,USA
1566,18,600,2024-03-30,Hope Clinic,Kano,CT Scanner,HealthEquip Ltd.,UK
1567,14,150,2024-04-04,Metro Medical Center,Abuja,Ultrasound,TechHealth Inc.,Canada
1568,11,200,2024-04-09,State Medical Center,Oyo,MRI Machine,MedTech Co.,USA
1569,30,400,2024-04-14,General Clinic,Lagos,CT Scanner,HealthEquip Ltd.,UK
1570,10,150,2024-04-19,City Hospital,Rivers,Ultrasound,TechHealth Inc.,Canada
1571,12,350,2024-04-24,Hope Hospital,Abuja,MRI Machine,Radiant Suppliers,China
1572,10,450,2024-04-29,Healing Hands Hospital,Enugu,X-Ray Machine,HealthEquip Ltd.,UK
1573,5,600,2024-05-04,Central Hospital,Kaduna,Ultrasound,MedTech Co.,USA
1574,20,120,2024-05-09,State Hospital,Oyo,X-Ray Machine,Radiant Suppliers,China
1575,15,330,2024-05-14,City Medical Center,Lagos,MRI Machine,TechHealth Inc.,Canada
1576,10,450,2024-05-19,Central Hospital,Rivers,Ultrasound,HealthEquip Ltd.,UK
1577,7,200,2024-05-24,Metro Hospital,Abuja,X-Ray Machine,Radiant Suppliers,China
1578,25,280,2024-05-29,Hope Clinic,Kano,CT Scanner,TechHealth Inc.,Canada
1579,30,400,2024-06-03,Sunshine Hospital,Lagos,MRI Machine,MedTech Co.,USA
1580,15,170,2024-06-08,General Hospital,Enugu,Ultrasound,HealthEquip Ltd.,UK
1581,12,300,2024-06-13,State Medical Center,Oyo,CT Scanner,MedTech Co.,USA
1582,6,400,2024-06-18,Healing Hands Hospital,Rivers,MRI Machine,HealthEquip Ltd.,Canada
1583,8,250,2024-06-23,Metro Medical Center,Abuja,X-Ray Machine,TechHealth Inc.,UK
1584,14,150,2024-06-28,Central Clinic,Kaduna,Ultrasound,MedTech Co.,China
1585,25,220,2024-07-03,Community Hospital,Lagos,MRI Machine,MedTech Co.,USA
1586,18,600,2024-07-08,Sunshine Medical,Kano,CT Scanner,HealthEquip Ltd.,UK
1587,10,150,2024-07-13,Hope Hospital,Enugu,Ultrasound,Radiant Suppliers,China
1588,11,300,2024-07-18,City Medical Center,Oyo,X-Ray Machine,HealthEquip Ltd.,UK
1589,25,320,2024-07-23,State Hospital,Lagos,MRI Machine,Radiant Suppliers,China
1590,12,400,2024-07-28,General Hospital,Kaduna,CT Scanner,HealthEquip Ltd.,UK
1591,30,200,2024-08-02,Healing Touch Hospital,Rivers,X-Ray Machine,Radiant Suppliers,China
1592,15,150,2024-08-07,Metro Hospital,Abuja,Ultrasound,TechHealth Inc.,Canada
1593,20,350,2024-08-12,Central Hospital,Enugu,MRI Machine,MedTech Co.,USA
1594,5,450,2024-08-17,Sunshine Hospital,Lagos,CT Scanner,HealthEquip Ltd.,UK
1595,10,250,2024-08-22,Community Hospital,Abuja,Ultrasound,Radiant Suppliers,China
1596,14,150,2024-08-27,Hope Clinic,Kano,MRI Machine,TechHealth Inc.,Canada
1597,20,300,2024-09-01,Healing Hands Hospital,Lagos,Defibrillator,SoloSupplier Inc.,UK
1598,5,750,2024-09-06,City Hospital,Rivers,Ventilator,ExclusiveTech Ltd.,Germany
1599,10,400,2024-09-11,Metro Medical Center,Abuja,Surgical Table,HealthEquip Ltd.,UK
1600,12,200,2024-09-16,State Hospital,Oyo,MRI Machine,MedTech Co.,USA
1601,10,250,2024-01-15,General Hospital,Lagos,MRI Machine,MedTech Co.,USA
1602,5,200,2024-01-20,City Hospital,Abuja,MRI Machine,HealthEquip Ltd.,UK
1603,20,150,2024-01-25,Central Hospital,Rivers,X-Ray Machine,Radiant Suppliers,China
1604,15,300,2024-01-30,Sunshine Hospital,Lagos,CT Scanner,TechHealth Inc.,Canada
1605,8,500,2024-02-04,Community Hospital,Kaduna,Ultrasound,HealthEquip Ltd.,UK
1606,12,180,2024-02-09,Healing Hands Hospital,Enugu,X-Ray Machine,Radiant Suppliers,China
1607,25,220,2024-02-14,Hope Hospital,Kano,MRI Machine,MedTech Co.,USA
1608,30,320,2024-02-19,Unity Hospital,Lagos,CT Scanner,TechHealth Inc.,Canada
1609,10,550,2024-02-24,Metro Hospital,Abuja,Ultrasound,HealthEquip Ltd.,UK
1610,50,130,2024-02-29,State Hospital,Oyo,X-Ray Machine,Radiant Suppliers,China
1611,20,270,2024-03-05,City Medical Center,Lagos,MRI Machine,MedTech Co.,USA
1612,6,300,2024-03-10,General Hospital,Rivers,CT Scanner,TechHealth Inc.,Canada
1613,15,250,2024-03-15,Central Clinic,Ogun,Ultrasound,HealthEquip Ltd.,UK
1614,4,450,2024-03-20,Healing Touch Hospital,Enugu,MRI Machine,Radiant Suppliers,China
1615,25,180,2024-03-25,Sunshine Medical,Lagos,X-Ray Machine,MedTech Co.,USA
1616,18,600,2024-03-30,Hope Clinic,Kano,CT Scanner,HealthEquip Ltd.,UK
1617,14,150,2024-04-04,Metro Medical Center,Abuja,Ultrasound,TechHealth Inc.,Canada
1618,11,200,2024-04-09,State Medical Center,Oyo,MRI Machine,MedTech Co.,USA
1619,30,400,2024-04-14,General Clinic,Lagos,CT Scanner,HealthEquip Ltd.,UK
1620,10,150,2024-04-19,City Hospital,Rivers,Ultrasound,TechHealth Inc.,Canada
1621,12,350,2024-04-24,Hope Hospital,Abuja,MRI Machine,Radiant Suppliers,China
1622,10,450,2024-04-29,Healing Hands Hospital,Enugu,X-Ray Machine,HealthEquip Ltd.,UK
1623,5,600,2024-05-04,Central Hospital,Kaduna,Ultrasound,MedTech Co.,USA
1624,20,120,2024-05-09,State Hospital,Oyo,X-Ray Machine,Radiant Suppliers,China
1625,15,330,2024-05-14,City Medical Center,Lagos,MRI Machine,TechHealth Inc.,Canada
1626,10,450,2024-05-19,Central Hospital,Rivers,Ultrasound,HealthEquip Ltd.,UK
1627,7,200,2024-05-24,Metro Hospital,Abuja,X-Ray Machine,Radiant Suppliers,China
1628,25,280,2024-05-29,Hope Clinic,Kano,CT Scanner,TechHealth Inc.,Canada
1629,30,400,2024-06-03,Sunshine Hospital,Lagos,MRI Machine,MedTech Co.,USA
1630,15,170,2024-06-08,General Hospital,Enugu,Ultrasound,HealthEquip Ltd.,UK
1631,12,300,2024-06-13,State Medical Center,Oyo,CT Scanner,MedTech Co.,USA
1632,6,400,2024-06-18,Healing Hands Hospital,Rivers,MRI Machine,HealthEquip Ltd.,Canada
1633,8,250,2024-06-23,Metro Medical Center,Abuja,X-Ray Machine,TechHealth Inc.,UK
1634,14,150,2024-06-28,Central Clinic,Kaduna,Ultrasound,MedTech Co.,China
1635,25,220,2024-07-03,Community Hospital,Lagos,MRI Machine,MedTech Co.,USA
1636,18,600,2024-07-08,Sunshine Medical,Kano,CT Scanner,HealthEquip Ltd.,UK
1637,10,150,2024-07-13,Hope Hospital,Enugu,Ultrasound,Radiant Suppliers,China
1638,11,300,2024-07-18,City Medical Center,Oyo,X-Ray Machine,HealthEquip Ltd.,UK
1639,25,320,2024-07-23,State Hospital,Lagos,MRI Machine,Radiant Suppliers,China
1640,12,400,2024-07-28,General Hospital,Kaduna,CT Scanner,HealthEquip Ltd.,UK
1641,30,200,2024-08-02,Healing Touch Hospital,Rivers,X-Ray Machine,Radiant Suppliers,China
1642,15,150,2024-08-07,Metro Hospital,Abuja,Ultrasound,TechHealth Inc.,Canada
1643,20,350,2024-08-12,Central Hospital,Enugu,MRI Machine,MedTech Co.,USA
1644,5,450,2024-08-17,Sunshine Hospital,Lagos,CT Scanner,HealthEquip Ltd.,UK
1645,10,250,2024-08-22,Community Hospital,Abuja,Ultrasound,Radiant Suppliers,China
1646,14,150,2024-08-27,Hope Clinic,Kano,MRI Machine,TechHealth Inc.,Canada
1647,20,300,2024-09-01,Healing Hands Hospital,Lagos,Defibrillator,SoloSupplier Inc.,UK
1648,5,750,2024-09-06,City Hospital,Rivers,Ventilator,ExclusiveTech Ltd.,Germany
1649,10,400,2024-09-11,Metro Medical Center,Abuja,Surgical Table,HealthEquip Ltd.,UK
1650,12,200,2024-09-16,State Hospital,Oyo,MRI Machine,MedTech Co.,USA
1651,10,250,2024-01-15,General Hospital,Lagos,MRI Machine,MedTech Co.,USA
1652,5,200,2024-01-20,City Hospital,Abuja,MRI Machine,HealthEquip Ltd.,UK
1653,20,150,2024-01-25,Central Hospital,Rivers,X-Ray Machine,Radiant Suppliers,China
1654,15,300,2024-01-30,Sunshine Hospital,Lagos,CT Scanner,TechHealth Inc.,Canada
1655,8,500,2024-02-04,Community Hospital,Kaduna,Ultrasound,HealthEquip Ltd.,UK
1656,12,180,2024-02-09,Healing Hands Hospital,Enugu,X-Ray Machine,Radiant Suppliers,China
1657,25,220,2024-02-14,Hope Hospital,Kano,MRI Machine,MedTech Co.,USA
1658,30,320,2024-02-19,Unity Hospital,Lagos,CT Scanner,TechHealth Inc.,Canada
1659,10,550,2024-02-24,Metro Hospital,Abuja,Ultrasound,HealthEquip Ltd.,UK
1660,50,130,2024-02-29,State Hospital,Oyo,X-Ray Machine,Radiant Suppliers,China
1661,20,270,2024-03-05,City Medical Center,Lagos,MRI Machine,MedTech Co.,USA
1662,6,300,2024-03-10,General Hospital,Rivers,CT Scanner,TechHealth Inc.,Canada
1663,15,250,2024-03-15,Central Clinic,Ogun,Ultrasound,HealthEquip Ltd.,UK
1664,4,450,2024-03-20,Healing Touch Hospital,Enugu,MRI Machine,Radiant Suppliers,China
1665,25,180,2024-03-25,Sunshine Medical,Lagos,X-Ray Machine,MedTech Co.,USA
1666,18,600,2024-03-30,Hope Clinic,Kano,CT Scanner,HealthEquip Ltd.,UK
1667,14,150,2024-04-04,Metro Medical Center,Abuja,Ultrasound,TechHealth Inc.,Canada
1668,11,200,2024-04-09,State Medical Center,Oyo,MRI Machine,MedTech Co.,USA
1669,30,400,2024-04-14,General Clinic,Lagos,CT Scanner,HealthEquip Ltd.,UK
1670,10,150,2024-04-19,City Hospital,Rivers,Ultrasound,TechHealth Inc.,Canada
1671,12,350,2024-04-24,Hope Hospital,Abuja,MRI Machine,Radiant Suppliers,China
1672,10,450,2024-04-29,Healing Hands Hospital,Enugu,X-Ray Machine,HealthEquip Ltd.,UK
1673,5,600,2024-05-04,Central Hospital,Kaduna,Ultrasound,MedTech Co.,USA
1674,20,120,2024-05-09,State Hospital,Oyo,X-Ray Machine,Radiant Suppliers,China
1675,15,330,2024-05-14,City Medical Center,Lagos,MRI Machine,TechHealth Inc.,Canada
1676,10,450,2024-05-19,Central Hospital,Rivers,Ultrasound,HealthEquip Ltd.,UK
1677,7,200,2024-05-24,Metro Hospital,Abuja,X-Ray Machine,Radiant Suppliers,China
1678,25,280,2024-05-29,Hope Clinic,Kano,CT Scanner,TechHealth Inc.,Canada
1679,30,400,2024-06-03,Sunshine Hospital,Lagos,MRI Machine,MedTech Co.,USA
1680,15,170,2024-06-08,General Hospital,Enugu,Ultrasound,HealthEquip Ltd.,UK
1681,12,300,2024-06-13,State Medical Center,Oyo,CT Scanner,MedTech Co.,USA
1682,6,400,2024-06-18,Healing Hands Hospital,Rivers,MRI Machine,HealthEquip Ltd.,Canada
1683,8,250,2024-06-23,Metro Medical Center,Abuja,X-Ray Machine,TechHealth Inc.,UK
1684,14,150,2024-06-28,Central Clinic,Kaduna,Ultrasound,MedTech Co.,China
1685,25,220,2024-07-03,Community Hospital,Lagos,MRI Machine,MedTech Co.,USA
1686,18,600,2024-07-08,Sunshine Medical,Kano,CT Scanner,HealthEquip Ltd.,UK
1687,10,150,2024-07-13,Hope Hospital,Enugu,Ultrasound,Radiant Suppliers,China
1688,11,300,2024-07-18,City Medical Center,Oyo,X-Ray Machine,HealthEquip Ltd.,UK
1689,25,320,2024-07-23,State Hospital,Lagos,MRI Machine,Radiant Suppliers,China
1690,12,400,2024-07-28,General Hospital,Kaduna,CT Scanner,HealthEquip Ltd.,UK
1691,30,200,2024-08-02,Healing Touch Hospital,Rivers,X-Ray Machine,Radiant Suppliers,China
1692,15,150,2024-08-07,Metro Hospital,Abuja,Ultrasound,TechHealth Inc.,Canada
1693,20,350,2024-08-12,Central Hospital,Enugu,MRI Machine,MedTech Co.,USA
1694,5,450,2024-08-17,Sunshine Hospital,Lagos,CT Scanner,HealthEquip Ltd.,UK
1695,10,250,2024-08-22,Community Hospital,Abuja,Ultrasound,Radiant Suppliers,China
1696,14,150,2024-08-27,Hope Clinic,Kano,MRI Machine,TechHealth Inc.,Canada
1697,20,300,2024-09-01,Healing Hands Hospital,Lagos,Defibrillator,SoloSupplier Inc.,UK
1698,5,750,2024-09-06,City Hospital,Rivers,Ventilator,ExclusiveTech Ltd.,Germany
1699,10,400,2024-09-11,Metro Medical Center,Abuja,Surgical Table,HealthEquip Ltd.,UK
1700,12,200,2024-09-16,State Hospital,Oyo,MRI Machine,MedTech Co.,USA
1701,10,250,2024-01-15,General Hospital,Lagos,MRI Machine,MedTech Co.,USA
1702,5,200,2024-01-20,City Hospital,Abuja,MRI Machine,HealthEquip Ltd.,UK
1703,20,150,2024-01-25,Central Hospital,Rivers,X-Ray Machine,Radiant Suppliers,China
1704,15,300,2024-01-30,Sunshine Hospital,Lagos,CT Scanner,TechHealth Inc.,Canada
1705,8,500,2024-02-04,Community Hospital,Kaduna,Ultrasound,HealthEquip Ltd.,UK
1706,12,180,2024-02-09,Healing Hands Hospital,Enugu,X-Ray Machine,Radiant Suppliers,China
1707,25,220,2024-02-14,Hope Hospital,Kano,MRI Machine,MedTech Co.,USA
1708,30,320,2024-02-19,Unity Hospital,Lagos,CT Scanner,TechHealth Inc.,Canada
1709,10,550,2024-02-24,Metro Hospital,Abuja,Ultrasound,HealthEquip Ltd.,UK
1710,50,130,2024-02-29,State Hospital,Oyo,X-Ray Machine,Radiant Suppliers,China
1711,20,270,2024-03-05,City Medical Center,Lagos,MRI Machine,MedTech Co.,USA
1712,6,300,2024-03-10,General Hospital,Rivers,CT Scanner,TechHealth Inc.,Canada
1713,15,250,2024-03-15,Central Clinic,Ogun,Ultrasound,HealthEquip Ltd.,UK
1714,4,450,2024-03-20,Healing Touch Hospital,Enugu,MRI Machine,Radiant Suppliers,China
1715,25,180,2024-03-25,Sunshine Medical,Lagos,X-Ray Machine,MedTech Co.,USA
1716,18,600,2024-03-30,Hope Clinic,Kano,CT Scanner,HealthEquip Ltd.,UK
1717,14,150,2024-04-04,Metro Medical Center,Abuja,Ultrasound,TechHealth Inc.,Canada
1718,11,200,2024-04-09,State Medical Center,Oyo,MRI Machine,MedTech Co.,USA
1719,30,400,2024-04-14,General Clinic,Lagos,CT Scanner,HealthEquip Ltd.,UK
1720,10,150,2024-04-19,City Hospital,Rivers,Ultrasound,TechHealth Inc.,Canada
1721,12,350,2024-04-24,Hope Hospital,Abuja,MRI Machine,Radiant Suppliers,China
1722,10,450,2024-04-29,Healing Hands Hospital,Enugu,X-Ray Machine,HealthEquip Ltd.,UK
1723,5,600,2024-05-04,Central Hospital,Kaduna,Ultrasound,MedTech Co.,USA
1724,20,120,2024-05-09,State Hospital,Oyo,X-Ray Machine,Radiant Suppliers,China
1725,15,330,2024-05-14,City Medical Center,Lagos,MRI Machine,TechHealth Inc.,Canada
1726,10,450,2024-05-19,Central Hospital,Rivers,Ultrasound,HealthEquip Ltd.,UK
1727,7,200,2024-05-24,Metro Hospital,Abuja,X-Ray Machine,Radiant Suppliers,China
1728,25,280,2024-05-29,Hope Clinic,Kano,CT Scanner,TechHealth Inc.,Canada
1729,30,400,2024-06-03,Sunshine Hospital,Lagos,MRI Machine,MedTech Co.,USA
1730,15,170,2024-06-08,General Hospital,Enugu,Ultrasound,HealthEquip Ltd.,UK
1731,12,300,2024-06-13,State Medical Center,Oyo,CT Scanner,MedTech Co.,USA
1732,6,400,2024-06-18,Healing Hands Hospital,Rivers,MRI Machine,HealthEquip Ltd.,Canada
1733,8,250,2024-06-23,Metro Medical Center,Abuja,X-Ray Machine,TechHealth Inc.,UK
1734,14,150,2024-06-28,Central Clinic,Kaduna,Ultrasound,MedTech Co.,China
1735,25,220,2024-07-03,Community Hospital,Lagos,MRI Machine,MedTech Co.,USA
1736,18,600,2024-07-08,Sunshine Medical,Kano,CT Scanner,HealthEquip Ltd.,UK
1737,10,150,2024-07-13,Hope Hospital,Enugu,Ultrasound,Radiant Suppliers,China
1738,11,300,2024-07-18,City Medical Center,Oyo,X-Ray Machine,HealthEquip Ltd.,UK
1739,25,320,2024-07-23,State Hospital,Lagos,MRI Machine,Radiant Suppliers,China
1740,12,400,2024-07-28,General Hospital,Kaduna,CT Scanner,HealthEquip Ltd.,UK
1741,30,200,2024-08-02,Healing Touch Hospital,Rivers,X-Ray Machine,Radiant Suppliers,China
1742,15,150,2024-08-07,Metro Hospital,Abuja,Ultrasound,TechHealth Inc.,Canada
1743,20,350,2024-08-12,Central Hospital,Enugu,MRI Machine,MedTech Co.,USA
1744,5,450,2024-08-17,Sunshine Hospital,Lagos,CT Scanner,HealthEquip Ltd.,UK
1745,10,250,2024-08-22,Community Hospital,Abuja,Ultrasound,Radiant Suppliers,China
1746,14,150,2024-08-27,Hope Clinic,Kano,MRI Machine,TechHealth Inc.,Canada
1747,20,300,2024-09-01,Healing Hands Hospital,Lagos,Defibrillator,SoloSupplier Inc.,UK
1748,5,750,2024-09-06,City Hospital,Rivers,Ventilator,ExclusiveTech Ltd.,Germany
1749,10,400,2024-09-11,Metro Medical Center,Abuja,Surgical Table,HealthEquip Ltd.,UK
1750,12,200,2024-09-16,State Hospital,Oyo,MRI Machine,MedTech Co.,USA
1751,10,250,2024-01-15,General Hospital,Lagos,MRI Machine,MedTech Co.,USA
1752,5,200,2024-01-20,City Hospital,Abuja,MRI Machine,HealthEquip Ltd.,UK
1753,20,150,2024-01-25,Central Hospital,Rivers,X-Ray Machine,Radiant Suppliers,China
1754,15,300,2024-01-30,Sunshine Hospital,Lagos,CT Scanner,TechHealth Inc.,Canada
1755,8,500,2024-02-04,Community Hospital,Kaduna,Ultrasound,HealthEquip Ltd.,UK
1756,12,180,2024-02-09,Healing Hands Hospital,Enugu,X-Ray Machine,Radiant Suppliers,China
1757,25,220,2024-02-14,Hope Hospital,Kano,MRI Machine,MedTech Co.,USA
1758,30,320,2024-02-19,Unity Hospital,Lagos,CT Scanner,TechHealth Inc.,Canada
1759,10,550,2024-02-24,Metro Hospital,Abuja,Ultrasound,HealthEquip Ltd.,UK
1760,50,130,2024-02-29,State Hospital,Oyo,X-Ray Machine,Radiant Suppliers,China
1761,20,270,2024-03-05,City Medical Center,Lagos,MRI Machine,MedTech Co.,USA
1762,6,300,2024-03-10,General Hospital,Rivers,CT Scanner,TechHealth Inc.,Canada
1763,15,250,2024-03-15,Central Clinic,Ogun,Ultrasound,HealthEquip Ltd.,UK
1764,4,450,2024-03-20,Healing Touch Hospital,Enugu,MRI Machine,Radiant Suppliers,China
1765,25,180,2024-03-25,Sunshine Medical,Lagos,X-Ray Machine,MedTech Co.,USA
1766,18,600,2024-03-30,Hope Clinic,Kano,CT Scanner,HealthEquip Ltd.,UK
1767,14,150,2024-04-04,Metro Medical Center,Abuja,Ultrasound,TechHealth Inc.,Canada
1768,11,200,2024-04-09,State Medical Center,Oyo,MRI Machine,MedTech Co.,USA
1769,30,400,2024-04-14,General Clinic,Lagos,CT Scanner,HealthEquip Ltd.,UK
1770,10,150,2024-04-19,City Hospital,Rivers,Ultrasound,TechHealth Inc.,Canada
1771,12,350,2024-04-24,Hope Hospital,Abuja,MRI Machine,Radiant Suppliers,China
1772,10,450,2024-04-29,Healing Hands Hospital,Enugu,X-Ray Machine,HealthEquip Ltd.,UK
1773,5,600,2024-05-04,Central Hospital,Kaduna,Ultrasound,MedTech Co.,USA
1774,20,120,2024-05-09,State Hospital,Oyo,X-Ray Machine,Radiant Suppliers,China
1775,15,330,2024-05-14,City Medical Center,Lagos,MRI Machine,TechHealth Inc.,Canada
1776,10,450,2024-05-19,Central Hospital,Rivers,Ultrasound,HealthEquip Ltd.,UK
1777,7,200,2024-05-24,Metro Hospital,Abuja,X-Ray Machine,Radiant Suppliers,China
1778,25,280,2024-05-29,Hope Clinic,Kano,CT Scanner,TechHealth Inc.,Canada
1779,30,400,2024-06-03,Sunshine Hospital,Lagos,MRI Machine,MedTech Co.,USA
1780,15,170,2024-06-08,General Hospital,Enugu,Ultrasound,HealthEquip Ltd.,UK
1781,12,300,2024-06-13,State Medical Center,Oyo,CT Scanner,MedTech Co.,USA
1782,6,400,2024-06-18,Healing Hands Hospital,Rivers,MRI Machine,HealthEquip Ltd.,Canada
1783,8,250,2024-06-23,Metro Medical Center,Abuja,X-Ray Machine,TechHealth Inc.,UK
1784,14,150,2024-06-28,Central Clinic,Kaduna,Ultrasound,MedTech Co.,China
1785,25,220,2024-07-03,Community Hospital,Lagos,MRI Machine,MedTech Co.,USA
1786,18,600,2024-07-08,Sunshine Medical,Kano,CT Scanner,HealthEquip Ltd.,UK
1787,10,150,2024-07-13,Hope Hospital,Enugu,Ultrasound,Radiant Suppliers,China
1788,11,300,2024-07-18,City Medical Center,Oyo,X-Ray Machine,HealthEquip Ltd.,UK
1789,25,320,2024-07-23,State Hospital,Lagos,MRI Machine,Radiant Suppliers,China
1790,12,400,2024-07-28,General Hospital,Kaduna,CT Scanner,HealthEquip Ltd.,UK
1791,30,200,2024-08-02,Healing Touch Hospital,Rivers,X-Ray Machine,Radiant Suppliers,China
1792,15,150,2024-08-07,Metro Hospital,Abuja,Ultrasound,TechHealth Inc.,Canada
1793,20,350,2024-08-12,Central Hospital,Enugu,MRI Machine,MedTech Co.,USA
1794,5,450,2024-08-17,Sunshine Hospital,Lagos,CT Scanner,HealthEquip Ltd.,UK
1795,10,250,2024-08-22,Community Hospital,Abuja,Ultrasound,Radiant Suppliers,China
1796,14,150,2024-08-27,Hope Clinic,Kano,MRI Machine,TechHealth Inc.,Canada
1797,20,300,2024-09-01,Healing Hands Hospital,Lagos,Defibrillator,SoloSupplier Inc.,UK
1798,5,750,2024-09-06,City Hospital,Rivers,Ventilator,ExclusiveTech Ltd.,Germany
1799,10,400,2024-09-11,Metro Medical Center,Abuja,Surgical Table,HealthEquip Ltd.,UK
1800,12,200,2024-09-16,State Hospital,Oyo,MRI Machine,MedTech Co.,USA
1801,10,250,2024-01-15,General Hospital,Lagos,MRI Machine,MedTech Co.,USA
1802,5,200,2024-01-20,City Hospital,Abuja,MRI Machine,HealthEquip Ltd.,UK
1803,20,150,2024-01-25,Central Hospital,Rivers,X-Ray Machine,Radiant Suppliers,China
1804,15,300,2024-01-30,Sunshine Hospital,Lagos,CT Scanner,TechHealth Inc.,Canada
1805,8,500,2024-02-04,Community Hospital,Kaduna,Ultrasound,HealthEquip Ltd.,UK
1806,12,180,2024-02-09,Healing Hands Hospital,Enugu,X-Ray Machine,Radiant Suppliers,China
1807,25,220,2024-02-14,Hope Hospital,Kano,MRI Machine,MedTech Co.,USA
1808,30,320,2024-02-19,Unity Hospital,Lagos,CT Scanner,TechHealth Inc.,Canada
1809,10,550,2024-02-24,Metro Hospital,Abuja,Ultrasound,HealthEquip Ltd.,UK
1810,50,130,2024-02-29,State Hospital,Oyo,X-Ray Machine,Radiant Suppliers,China
1811,20,270,2024-03-05,City Medical Center,Lagos,MRI Machine,MedTech Co.,USA
1812,6,300,2024-03-10,General Hospital,Rivers,CT Scanner,TechHealth Inc.,Canada
1813,15,250,2024-03-15,Central Clinic,Ogun,Ultrasound,HealthEquip Ltd.,UK
1814,4,450,2024-03-20,Healing Touch Hospital,Enugu,MRI Machine,Radiant Suppliers,China
1815,25,180,2024-03-25,Sunshine Medical,Lagos,X-Ray Machine,MedTech Co.,USA
1816,18,600,2024-03-30,Hope Clinic,Kano,CT Scanner,HealthEquip Ltd.,UK
1817,14,150,2024-04-04,Metro Medical Center,Abuja,Ultrasound,TechHealth Inc.,Canada
1818,11,200,2024-04-09,State Medical Center,Oyo,MRI Machine,MedTech Co.,USA
1819,30,400,2024-04-14,General Clinic,Lagos,CT Scanner,HealthEquip Ltd.,UK
1820,10,150,2024-04-19,City Hospital,Rivers,Ultrasound,TechHealth Inc.,Canada
1821,12,350,2024-04-24,Hope Hospital,Abuja,MRI Machine,Radiant Suppliers,China
1822,10,450,2024-04-29,Healing Hands Hospital,Enugu,X-Ray Machine,HealthEquip Ltd.,UK
1823,5,600,2024-05-04,Central Hospital,Kaduna,Ultrasound,MedTech Co.,USA
1824,20,120,2024-05-09,State Hospital,Oyo,X-Ray Machine,Radiant Suppliers,China
1825,15,330,2024-05-14,City Medical Center,Lagos,MRI Machine,TechHealth Inc.,Canada
1826,10,450,2024-05-19,Central Hospital,Rivers,Ultrasound,HealthEquip Ltd.,UK
1827,7,200,2024-05-24,Metro Hospital,Abuja,X-Ray Machine,Radiant Suppliers,China
1828,25,280,2024-05-29,Hope Clinic,Kano,CT Scanner,TechHealth Inc.,Canada
1829,30,400,2024-06-03,Sunshine Hospital,Lagos,MRI Machine,MedTech Co.,USA
1830,15,170,2024-06-08,General Hospital,Enugu,Ultrasound,HealthEquip Ltd.,UK
1831,12,300,2024-06-13,State Medical Center,Oyo,CT Scanner,MedTech Co.,USA
1832,6,400,2024-06-18,Healing Hands Hospital,Rivers,MRI Machine,HealthEquip Ltd.,Canada
1833,8,250,2024-06-23,Metro Medical Center,Abuja,X-Ray Machine,TechHealth Inc.,UK
1834,14,150,2024-06-28,Central Clinic,Kaduna,Ultrasound,MedTech Co.,China
1835,25,220,2024-07-03,Community Hospital,Lagos,MRI Machine,MedTech Co.,USA
1836,18,600,2024-07-08,Sunshine Medical,Kano,CT Scanner,HealthEquip Ltd.,UK
1837,10,150,2024-07-13,Hope Hospital,Enugu,Ultrasound,Radiant Suppliers,China
1838,11,300,2024-07-18,City Medical Center,Oyo,X-Ray Machine,HealthEquip Ltd.,UK
1839,25,320,2024-07-23,State Hospital,Lagos,MRI Machine,Radiant Suppliers,China
1840,12,400,2024-07-28,General Hospital,Kaduna,CT Scanner,HealthEquip Ltd.,UK
1841,30,200,2024-08-02,Healing Touch Hospital,Rivers,X-Ray Machine,Radiant Suppliers,China
1842,15,150,2024-08-07,Metro Hospital,Abuja,Ultrasound,TechHealth Inc.,Canada
1843,20,350,2024-08-12,Central Hospital,Enugu,MRI Machine,MedTech Co.,USA
1844,5,450,2024-08-17,Sunshine Hospital,Lagos,CT Scanner,HealthEquip Ltd.,UK
1845,10,250,2024-08-22,Community Hospital,Abuja,Ultrasound,Radiant Suppliers,China
1846,14,150,2024-08-27,Hope Clinic,Kano,MRI Machine,TechHealth Inc.,Canada
1847,20,300,2024-09-01,Healing Hands Hospital,Lagos,Defibrillator,SoloSupplier Inc.,UK
1848,5,750,2024-09-06,City Hospital,Rivers,Ventilator,ExclusiveTech Ltd.,Germany
1849,10,400,2024-09-11,Metro Medical Center,Abuja,Surgical Table,HealthEquip Ltd.,UK
1850,12,200,2024-09-16,State Hospital,Oyo,MRI Machine,MedTech Co.,USA
1851,10,250,2024-01-15,General Hospital,Lagos,MRI Machine,MedTech Co.,USA
1852,5,200,2024-01-20,City Hospital,Abuja,MRI Machine,HealthEquip Ltd.,UK
1853,20,150,2024-01-25,Central Hospital,Rivers,X-Ray Machine,Radiant Suppliers,China
1854,15,300,2024-01-30,Sunshine Hospital,Lagos,CT Scanner,TechHealth Inc.,Canada
1855,8,500,2024-02-04,Community Hospital,Kaduna,Ultrasound,HealthEquip Ltd.,UK
1856,12,180,2024-02-09,Healing Hands Hospital,Enugu,X-Ray Machine,Radiant Suppliers,China
1857,25,220,2024-02-14,Hope Hospital,Kano,MRI Machine,MedTech Co.,USA
1858,30,320,2024-02-19,Unity Hospital,Lagos,CT Scanner,TechHealth Inc.,Canada
1859,10,550,2024-02-24,Metro Hospital,Abuja,Ultrasound,HealthEquip Ltd.,UK
1860,50,130,2024-02-29,State Hospital,Oyo,X-Ray Machine,Radiant Suppliers,China
1861,20,270,2024-03-05,City Medical Center,Lagos,MRI Machine,MedTech Co.,USA
1862,6,300,2024-03-10,General Hospital,Rivers,CT Scanner,TechHealth Inc.,Canada
1863,15,250,2024-03-15,Central Clinic,Ogun,Ultrasound,HealthEquip Ltd.,UK
1864,4,450,2024-03-20,Healing Touch Hospital,Enugu,MRI Machine,Radiant Suppliers,China
1865,25,180,2024-03-25,Sunshine Medical,Lagos,X-Ray Machine,MedTech Co.,USA
1866,18,600,2024-03-30,Hope Clinic,Kano,CT Scanner,HealthEquip Ltd.,UK
1867,14,150,2024-04-04,Metro Medical Center,Abuja,Ultrasound,TechHealth Inc.,Canada
1868,11,200,2024-04-09,State Medical Center,Oyo,MRI Machine,MedTech Co.,USA
1869,30,400,2024-04-14,General Clinic,Lagos,CT Scanner,HealthEquip Ltd.,UK
1870,10,150,2024-04-19,City Hospital,Rivers,Ultrasound,TechHealth Inc.,Canada
1871,12,350,2024-04-24,Hope Hospital,Abuja,MRI Machine,Radiant Suppliers,China
1872,10,450,2024-04-29,Healing Hands Hospital,Enugu,X-Ray Machine,HealthEquip Ltd.,UK
1873,5,600,2024-05-04,Central Hospital,Kaduna,Ultrasound,MedTech Co.,USA
1874,20,120,2024-05-09,State Hospital,Oyo,X-Ray Machine,Radiant Suppliers,China
1875,15,330,2024-05-14,City Medical Center,Lagos,MRI Machine,TechHealth Inc.,Canada
1876,10,450,2024-05-19,Central Hospital,Rivers,Ultrasound,HealthEquip Ltd.,UK
1877,7,200,2024-05-24,Metro Hospital,Abuja,X-Ray Machine,Radiant Suppliers,China
1878,25,280,2024-05-29,Hope Clinic,Kano,CT Scanner,TechHealth Inc.,Canada
1879,30,400,2024-06-03,Sunshine Hospital,Lagos,MRI Machine,MedTech Co.,USA
1880,15,170,2024-06-08,General Hospital,Enugu,Ultrasound,HealthEquip Ltd.,UK
1881,12,300,2024-06-13,State Medical Center,Oyo,CT Scanner,MedTech Co.,USA
1882,6,400,2024-06-18,Healing Hands Hospital,Rivers,MRI Machine,HealthEquip Ltd.,Canada
1883,8,250,2024-06-23,Metro Medical Center,Abuja,X-Ray Machine,TechHealth Inc.,UK
1884,14,150,2024-06-28,Central Clinic,Kaduna,Ultrasound,MedTech Co.,China
1885,25,220,2024-07-03,Community Hospital,Lagos,MRI Machine,MedTech Co.,USA
1886,18,600,2024-07-08,Sunshine Medical,Kano,CT Scanner,HealthEquip Ltd.,UK
1887,10,150,2024-07-13,Hope Hospital,Enugu,Ultrasound,Radiant Suppliers,China
1888,11,300,2024-07-18,City Medical Center,Oyo,X-Ray Machine,HealthEquip Ltd.,UK
1889,25,320,2024-07-23,State Hospital,Lagos,MRI Machine,Radiant Suppliers,China
1890,12,400,2024-07-28,General Hospital,Kaduna,CT Scanner,HealthEquip Ltd.,UK
1891,30,200,2024-08-02,Healing Touch Hospital,Rivers,X-Ray Machine,Radiant Suppliers,China
1892,15,150,2024-08-07,Metro Hospital,Abuja,Ultrasound,TechHealth Inc.,Canada
1893,20,350,2024-08-12,Central Hospital,Enugu,MRI Machine,MedTech Co.,USA
1894,5,450,2024-08-17,Sunshine Hospital,Lagos,CT Scanner,HealthEquip Ltd.,UK
1895,10,250,2024-08-22,Community Hospital,Abuja,Ultrasound,Radiant Suppliers,China
1896,14,150,2024-08-27,Hope Clinic,Kano,MRI Machine,TechHealth Inc.,Canada
1897,20,300,2024-09-01,Healing Hands Hospital,Lagos,Defibrillator,SoloSupplier Inc.,UK
1898,5,750,2024-09-06,City Hospital,Rivers,Ventilator,ExclusiveTech Ltd.,Germany
1899,10,400,2024-09-11,Metro Medical Center,Abuja,Surgical Table,HealthEquip Ltd.,UK
1900,12,200,2024-09-16,State Hospital,Oyo,MRI Machine,MedTech Co.,USA
1901,10,250,2024-01-15,General Hospital,Lagos,MRI Machine,MedTech Co.,USA
1902,5,200,2024-01-20,City Hospital,Abuja,MRI Machine,HealthEquip Ltd.,UK
1903,20,150,2024-01-25,Central Hospital,Rivers,X-Ray Machine,Radiant Suppliers,China
1904,15,300,2024-01-30,Sunshine Hospital,Lagos,CT Scanner,TechHealth Inc.,Canada
1905,8,500,2024-02-04,Community Hospital,Kaduna,Ultrasound,HealthEquip Ltd.,UK
1906,12,180,2024-02-09,Healing Hands Hospital,Enugu,X-Ray Machine,Radiant Suppliers,China
1907,25,220,2024-02-14,Hope Hospital,Kano,MRI Machine,MedTech Co.,USA
1908,30,320,2024-02-19,Unity Hospital,Lagos,CT Scanner,TechHealth Inc.,Canada
1909,10,550,2024-02-24,Metro Hospital,Abuja,Ultrasound,HealthEquip Ltd.,UK
1910,50,130,2024-02-29,State Hospital,Oyo,X-Ray Machine,Radiant Suppliers,China
1911,20,270,2024-03-05,City Medical Center,Lagos,MRI Machine,MedTech Co.,USA
1912,6,300,2024-03-10,General Hospital,Rivers,CT Scanner,TechHealth Inc.,Canada
1913,15,250,2024-03-15,Central Clinic,Ogun,Ultrasound,HealthEquip Ltd.,UK
1914,4,450,2024-03-20,Healing Touch Hospital,Enugu,MRI Machine,Radiant Suppliers,China
1915,25,180,2024-03-25,Sunshine Medical,Lagos,X-Ray Machine,MedTech Co.,USA
1916,18,600,2024-03-30,Hope Clinic,Kano,CT Scanner,HealthEquip Ltd.,UK
1917,14,150,2024-04-04,Metro Medical Center,Abuja,Ultrasound,TechHealth Inc.,Canada
1918,11,200,2024-04-09,State Medical Center,Oyo,MRI Machine,MedTech Co.,USA
1919,30,400,2024-04-14,General Clinic,Lagos,CT Scanner,HealthEquip Ltd.,UK
1920,10,150,2024-04-19,City Hospital,Rivers,Ultrasound,TechHealth Inc.,Canada
1921,12,350,2024-04-24,Hope Hospital,Abuja,MRI Machine,Radiant Suppliers,China
1922,10,450,2024-04-29,Healing Hands Hospital,Enugu,X-Ray Machine,HealthEquip Ltd.,UK
1923,5,600,2024-05-04,Central Hospital,Kaduna,Ultrasound,MedTech Co.,USA
1924,20,120,2024-05-09,State Hospital,Oyo,X-Ray Machine,Radiant Suppliers,China
1925,15,330,2024-05-14,City Medical Center,Lagos,MRI Machine,TechHealth Inc.,Canada
1926,10,450,2024-05-19,Central Hospital,Rivers,Ultrasound,HealthEquip Ltd.,UK
1927,7,200,2024-05-24,Metro Hospital,Abuja,X-Ray Machine,Radiant Suppliers,China
1928,25,280,2024-05-29,Hope Clinic,Kano,CT Scanner,TechHealth Inc.,Canada
1929,30,400,2024-06-03,Sunshine Hospital,Lagos,MRI Machine,MedTech Co.,USA
1930,15,170,2024-06-08,General Hospital,Enugu,Ultrasound,HealthEquip Ltd.,UK
1931,12,300,2024-06-13,State Medical Center,Oyo,CT Scanner,MedTech Co.,USA
1932,6,400,2024-06-18,Healing Hands Hospital,Rivers,MRI Machine,HealthEquip Ltd.,Canada
1933,8,250,2024-06-23,Metro Medical Center,Abuja,X-Ray Machine,TechHealth Inc.,UK
1934,14,150,2024-06-28,Central Clinic,Kaduna,Ultrasound,MedTech Co.,China
1935,25,220,2024-07-03,Community Hospital,Lagos,MRI Machine,MedTech Co.,USA
1936,18,600,2024-07-08,Sunshine Medical,Kano,CT Scanner,HealthEquip Ltd.,UK
1937,10,150,2024-07-13,Hope Hospital,Enugu,Ultrasound,Radiant Suppliers,China
1938,11,300,2024-07-18,City Medical Center,Oyo,X-Ray Machine,HealthEquip Ltd.,UK
1939,25,320,2024-07-23,State Hospital,Lagos,MRI Machine,Radiant Suppliers,China
1940,12,400,2024-07-28,General Hospital,Kaduna,CT Scanner,HealthEquip Ltd.,UK
1941,30,200,2024-08-02,Healing Touch Hospital,Rivers,X-Ray Machine,Radiant Suppliers,China
1942,15,150,2024-08-07,Metro Hospital,Abuja,Ultrasound,TechHealth Inc.,Canada
1943,20,350,2024-08-12,Central Hospital,Enugu,MRI Machine,MedTech Co.,USA
1944,5,450,2024-08-17,Sunshine Hospital,Lagos,CT Scanner,HealthEquip Ltd.,UK
1945,10,250,2024-08-22,Community Hospital,Abuja,Ultrasound,Radiant Suppliers,China
1946,14,150,2024-08-27,Hope Clinic,Kano,MRI Machine,TechHealth Inc.,Canada
1947,20,300,2024-09-01,Healing Hands Hospital,Lagos,Defibrillator,SoloSupplier Inc.,UK
1948,5,750,2024-09-06,City Hospital,Rivers,Ventilator,ExclusiveTech Ltd.,Germany
1949,10,400,2024-09-11,Metro Medical Center,Abuja,Surgical Table,HealthEquip Ltd.,UK
1950,12,200,2024-09-16,State Hospital,Oyo,MRI Machine,MedTech Co.,USA
1951,10,250,2024-01-15,General Hospital,Lagos,MRI Machine,MedTech Co.,USA
1952,5,200,2024-01-20,City Hospital,Abuja,MRI Machine,HealthEquip Ltd.,UK
1953,20,150,2024-01-25,Central Hospital,Rivers,X-Ray Machine,Radiant Suppliers,China
1954,15,300,2024-01-30,Sunshine Hospital,Lagos,CT Scanner,TechHealth Inc.,Canada
1955,8,500,2024-02-04,Community Hospital,Kaduna,Ultrasound,HealthEquip Ltd.,UK
1956,12,180,2024-02-09,Healing Hands Hospital,Enugu,X-Ray Machine,Radiant Suppliers,China
1957,25,220,2024-02-14,Hope Hospital,Kano,MRI Machine,MedTech Co.,USA
1958,30,320,2024-02-19,Unity Hospital,Lagos,CT Scanner,TechHealth Inc.,Canada
1959,10,550,2024-02-24,Metro Hospital,Abuja,Ultrasound,HealthEquip Ltd.,UK
1960,50,130,2024-02-29,State Hospital,Oyo,X-Ray Machine,Radiant Suppliers,China
1961,20,270,2024-03-05,City Medical Center,Lagos,MRI Machine,MedTech Co.,USA
1962,6,300,2024-03-10,General Hospital,Rivers,CT Scanner,TechHealth Inc.,Canada
1963,15,250,2024-03-15,Central Clinic,Ogun,Ultrasound,HealthEquip Ltd.,UK
1964,4,450,2024-03-20,Healing Touch Hospital,Enugu,MRI Machine,Radiant Suppliers,China
1965,25,180,2024-03-25,Sunshine Medical,Lagos,X-Ray Machine,MedTech Co.,USA
1966,18,600,2024-03-30,Hope Clinic,Kano,CT Scanner,HealthEquip Ltd.,UK
1967,14,150,2024-04-04,Metro Medical Center,Abuja,Ultrasound,TechHealth Inc.,Canada
1968,11,200,2024-04-09,State Medical Center,Oyo,MRI Machine,MedTech Co.,USA
1969,30,400,2024-04-14,General Clinic,Lagos,CT Scanner,HealthEquip Ltd.,UK
1970,10,150,2024-04-19,City Hospital,Rivers,Ultrasound,TechHealth Inc.,Canada
1971,12,350,2024-04-24,Hope Hospital,Abuja,MRI Machine,Radiant Suppliers,China
1972,10,450,2024-04-29,Healing Hands Hospital,Enugu,X-Ray Machine,HealthEquip Ltd.,UK
1973,5,600,2024-05-04,Central Hospital,Kaduna,Ultrasound,MedTech Co.,USA
1974,20,120,2024-05-09,State Hospital,Oyo,X-Ray Machine,Radiant Suppliers,China
1975,15,330,2024-05-14,City Medical Center,Lagos,MRI Machine,TechHealth Inc.,Canada
1976,10,450,2024-05-19,Central Hospital,Rivers,Ultrasound,HealthEquip Ltd.,UK
1977,7,200,2024-05-24,Metro Hospital,Abuja,X-Ray Machine,Radiant Suppliers,China
1978,25,280,2024-05-29,Hope Clinic,Kano,CT Scanner,TechHealth Inc.,Canada
1979,30,400,2024-06-03,Sunshine Hospital,Lagos,MRI Machine,MedTech Co.,USA
1980,15,170,2024-06-08,General Hospital,Enugu,Ultrasound,HealthEquip Ltd.,UK
1981,12,300,2024-06-13,State Medical Center,Oyo,CT Scanner,MedTech Co.,USA
1982,6,400,2024-06-18,Healing Hands Hospital,Rivers,MRI Machine,HealthEquip Ltd.,Canada
1983,8,250,2024-06-23,Metro Medical Center,Abuja,X-Ray Machine,TechHealth Inc.,UK
1984,14,150,2024-06-28,Central Clinic,Kaduna,Ultrasound,MedTech Co.,China
1985,25,220,2024-07-03,Community Hospital,Lagos,MRI Machine,MedTech Co.,USA
1986,18,600,2024-07-08,Sunshine Medical,Kano,CT Scanner,HealthEquip Ltd.,UK
1987,10,150,2024-07-13,Hope Hospital,Enugu,Ultrasound,Radiant Suppliers,China
1988,11,300,2024-07-18,City Medical Center,Oyo,X-Ray Machine,HealthEquip Ltd.,UK
1989,25,320,2024-07-23,State Hospital,Lagos,MRI Machine,Radiant Suppliers,China
1990,12,400,2024-07-28,General Hospital,Kaduna,CT Scanner,HealthEquip Ltd.,UK
1991,30,200,2024-08-02,Healing Touch Hospital,Rivers,X-Ray Machine,Radiant Suppliers,China
1992,15,150,2024-08-07,Metro Hospital,Abuja,Ultrasound,TechHealth Inc.,Canada
1993,20,350,2024-08-12,Central Hospital,Enugu,MRI Machine,MedTech Co.,USA
1994,5,450,2024-08-17,Sunshine Hospital,Lagos,CT Scanner,HealthEquip Ltd.,UK
1995,10,250,2024-08-22,Community Hospital,Abuja,Ultrasound,Radiant Suppliers,China
1996,14,150,2024-08-27,Hope Clinic,Kano,MRI Machine,TechHealth Inc.,Canada
1997,20,300,2024-09-01,Healing Hands Hospital,Lagos,Defibrillator,SoloSupplier Inc.,UK
1998,5,750,2024-09-06,City Hospital,Rivers,Ventilator,ExclusiveTech Ltd.,Germany
1999,10,400,2024-09-11,Metro Medical Center,Abuja,Surgical Table,HealthEquip Ltd.,UK
2000,12,200,2024-09-16,State Hospital,Oyo,MRI Machine,MedTech Co.,USA
2001,10,250,2024-01-15,General Hospital,Lagos,MRI Machine,MedTech Co.,USA
2002,5,200,2024-01-20,City Hospital,Abuja,MRI Machine,HealthEquip Ltd.,UK
2003,20,150,2024-01-25,Central Hospital,Rivers,X-Ray Machine,Radiant Suppliers,China
2004,15,300,2024-01-30,Sunshine Hospital,Lagos,CT Scanner,TechHealth Inc.,Canada
2005,8,500,2024-02-04,Community Hospital,Kaduna,Ultrasound,HealthEquip Ltd.,UK
2006,12,180,2024-02-09,Healing Hands Hospital,Enugu,X-Ray Machine,Radiant Suppliers,China
2007,25,220,2024-02-14,Hope Hospital,Kano,MRI Machine,MedTech Co.,USA
2008,30,320,2024-02-19,Unity Hospital,Lagos,CT Scanner,TechHealth Inc.,Canada
2009,10,550,2024-02-24,Metro Hospital,Abuja,Ultrasound,HealthEquip Ltd.,UK
2010,50,130,2024-02-29,State Hospital,Oyo,X-Ray Machine,Radiant Suppliers,China
2011,20,270,2024-03-05,City Medical Center,Lagos,MRI Machine,MedTech Co.,USA
2012,6,300,2024-03-10,General Hospital,Rivers,CT Scanner,TechHealth Inc.,Canada
2013,15,250,2024-03-15,Central Clinic,Ogun,Ultrasound,HealthEquip Ltd.,UK
2014,4,450,2024-03-20,Healing Touch Hospital,Enugu,MRI Machine,Radiant Suppliers,China
2015,25,180,2024-03-25,Sunshine Medical,Lagos,X-Ray Machine,MedTech Co.,USA
2016,18,600,2024-03-30,Hope Clinic,Kano,CT Scanner,HealthEquip Ltd.,UK
2017,14,150,2024-04-04,Metro Medical Center,Abuja,Ultrasound,TechHealth Inc.,Canada
2018,11,200,2024-04-09,State Medical Center,Oyo,MRI Machine,MedTech Co.,USA
2019,30,400,2024-04-14,General Clinic,Lagos,CT Scanner,HealthEquip Ltd.,UK
2020,10,150,2024-04-19,City Hospital,Rivers,Ultrasound,TechHealth Inc.,Canada
2021,12,350,2024-04-24,Hope Hospital,Abuja,MRI Machine,Radiant Suppliers,China
2022,10,450,2024-04-29,Healing Hands Hospital,Enugu,X-Ray Machine,HealthEquip Ltd.,UK
2023,5,600,2024-05-04,Central Hospital,Kaduna,Ultrasound,MedTech Co.,USA
2024,20,120,2024-05-09,State Hospital,Oyo,X-Ray Machine,Radiant Suppliers,China
2025,15,330,2024-05-14,City Medical Center,Lagos,MRI Machine,TechHealth Inc.,Canada
2026,10,450,2024-05-19,Central Hospital,Rivers,Ultrasound,HealthEquip Ltd.,UK
2027,7,200,2024-05-24,Metro Hospital,Abuja,X-Ray Machine,Radiant Suppliers,China
2028,25,280,2024-05-29,Hope Clinic,Kano,CT Scanner,TechHealth Inc.,Canada
2029,30,400,2024-06-03,Sunshine Hospital,Lagos,MRI Machine,MedTech Co.,USA
2030,15,170,2024-06-08,General Hospital,Enugu,Ultrasound,HealthEquip Ltd.,UK
2031,12,300,2024-06-13,State Medical Center,Oyo,CT Scanner,MedTech Co.,USA
2032,6,400,2024-06-18,Healing Hands Hospital,Rivers,MRI Machine,HealthEquip Ltd.,Canada
2033,8,250,2024-06-23,Metro Medical Center,Abuja,X-Ray Machine,TechHealth Inc.,UK
2034,14,150,2024-06-28,Central Clinic,Kaduna,Ultrasound,MedTech Co.,China
2035,25,220,2024-07-03,Community Hospital,Lagos,MRI Machine,MedTech Co.,USA
2036,18,600,2024-07-08,Sunshine Medical,Kano,CT Scanner,HealthEquip Ltd.,UK
2037,10,150,2024-07-13,Hope Hospital,Enugu,Ultrasound,Radiant Suppliers,China
2038,11,300,2024-07-18,City Medical Center,Oyo,X-Ray Machine,HealthEquip Ltd.,UK
2039,25,320,2024-07-23,State Hospital,Lagos,MRI Machine,Radiant Suppliers,China
2040,12,400,2024-07-28,General Hospital,Kaduna,CT Scanner,HealthEquip Ltd.,UK
2041,30,200,2024-08-02,Healing Touch Hospital,Rivers,X-Ray Machine,Radiant Suppliers,China
2042,15,150,2024-08-07,Metro Hospital,Abuja,Ultrasound,TechHealth Inc.,Canada
2043,20,350,2024-08-12,Central Hospital,Enugu,MRI Machine,MedTech Co.,USA
2044,5,450,2024-08-17,Sunshine Hospital,Lagos,CT Scanner,HealthEquip Ltd.,UK
2045,10,250,2024-08-22,Community Hospital,Abuja,Ultrasound,Radiant Suppliers,China
2046,14,150,2024-08-27,Hope Clinic,Kano,MRI Machine,TechHealth Inc.,Canada
2047,20,300,2024-09-01,Healing Hands Hospital,Lagos,Defibrillator,SoloSupplier Inc.,UK
2048,5,750,2024-09-06,City Hospital,Rivers,Ventilator,ExclusiveTech Ltd.,Germany
2049,10,400,2024-09-11,Metro Medical Center,Abuja,Surgical Table,HealthEquip Ltd.,UK
2050,12,200,2024-09-16,State Hospital,Oyo,MRI Machine,MedTech Co.,USA
2051,10,250,2024-01-15,General Hospital,Lagos,MRI Machine,MedTech Co.,USA
2052,5,200,2024-01-20,City Hospital,Abuja,MRI Machine,HealthEquip Ltd.,UK
2053,20,150,2024-01-25,Central Hospital,Rivers,X-Ray Machine,Radiant Suppliers,China
2054,15,300,2024-01-30,Sunshine Hospital,Lagos,CT Scanner,TechHealth Inc.,Canada
2055,8,500,2024-02-04,Community Hospital,Kaduna,Ultrasound,HealthEquip Ltd.,UK
2056,12,180,2024-02-09,Healing Hands Hospital,Enugu,X-Ray Machine,Radiant Suppliers,China
2057,25,220,2024-02-14,Hope Hospital,Kano,MRI Machine,MedTech Co.,USA
2058,30,320,2024-02-19,Unity Hospital,Lagos,CT Scanner,TechHealth Inc.,Canada
2059,10,550,2024-02-24,Metro Hospital,Abuja,Ultrasound,HealthEquip Ltd.,UK
2060,50,130,2024-02-29,State Hospital,Oyo,X-Ray Machine,Radiant Suppliers,China
2061,20,270,2024-03-05,City Medical Center,Lagos,MRI Machine,MedTech Co.,USA
2062,6,300,2024-03-10,General Hospital,Rivers,CT Scanner,TechHealth Inc.,Canada
2063,15,250,2024-03-15,Central Clinic,Ogun,Ultrasound,HealthEquip Ltd.,UK
2064,4,450,2024-03-20,Healing Touch Hospital,Enugu,MRI Machine,Radiant Suppliers,China
2065,25,180,2024-03-25,Sunshine Medical,Lagos,X-Ray Machine,MedTech Co.,USA
2066,18,600,2024-03-30,Hope Clinic,Kano,CT Scanner,HealthEquip Ltd.,UK
2067,14,150,2024-04-04,Metro Medical Center,Abuja,Ultrasound,TechHealth Inc.,Canada
2068,11,200,2024-04-09,State Medical Center,Oyo,MRI Machine,MedTech Co.,USA
2069,30,400,2024-04-14,General Clinic,Lagos,CT Scanner,HealthEquip Ltd.,UK
2070,10,150,2024-04-19,City Hospital,Rivers,Ultrasound,TechHealth Inc.,Canada
2071,12,350,2024-04-24,Hope Hospital,Abuja,MRI Machine,Radiant Suppliers,China
2072,10,450,2024-04-29,Healing Hands Hospital,Enugu,X-Ray Machine,HealthEquip Ltd.,UK
2073,5,600,2024-05-04,Central Hospital,Kaduna,Ultrasound,MedTech Co.,USA
2074,20,120,2024-05-09,State Hospital,Oyo,X-Ray Machine,Radiant Suppliers,China
2075,15,330,2024-05-14,City Medical Center,Lagos,MRI Machine,TechHealth Inc.,Canada
2076,10,450,2024-05-19,Central Hospital,Rivers,Ultrasound,HealthEquip Ltd.,UK
2077,7,200,2024-05-24,Metro Hospital,Abuja,X-Ray Machine,Radiant Suppliers,China
2078,25,280,2024-05-29,Hope Clinic,Kano,CT Scanner,TechHealth Inc.,Canada
2079,30,400,2024-06-03,Sunshine Hospital,Lagos,MRI Machine,MedTech Co.,USA
2080,15,170,2024-06-08,General Hospital,Enugu,Ultrasound,HealthEquip Ltd.,UK
2081,12,300,2024-06-13,State Medical Center,Oyo,CT Scanner,MedTech Co.,USA
2082,6,400,2024-06-18,Healing Hands Hospital,Rivers,MRI Machine,HealthEquip Ltd.,Canada
2083,8,250,2024-06-23,Metro Medical Center,Abuja,X-Ray Machine,TechHealth Inc.,UK
2084,14,150,2024-06-28,Central Clinic,Kaduna,Ultrasound,MedTech Co.,China
2085,25,220,2024-07-03,Community Hospital,Lagos,MRI Machine,MedTech Co.,USA
2086,18,600,2024-07-08,Sunshine Medical,Kano,CT Scanner,HealthEquip Ltd.,UK
2087,10,150,2024-07-13,Hope Hospital,Enugu,Ultrasound,Radiant Suppliers,China
2088,11,300,2024-07-18,City Medical Center,Oyo,X-Ray Machine,HealthEquip Ltd.,UK
2089,25,320,2024-07-23,State Hospital,Lagos,MRI Machine,Radiant Suppliers,China
2090,12,400,2024-07-28,General Hospital,Kaduna,CT Scanner,HealthEquip Ltd.,UK
2091,30,200,2024-08-02,Healing Touch Hospital,Rivers,X-Ray Machine,Radiant Suppliers,China
2092,15,150,2024-08-07,Metro Hospital,Abuja,Ultrasound,TechHealth Inc.,Canada
2093,20,350,2024-08-12,Central Hospital,Enugu,MRI Machine,MedTech Co.,USA
2094,5,450,2024-08-17,Sunshine Hospital,Lagos,CT Scanner,HealthEquip Ltd.,UK
2095,10,250,2024-08-22,Community Hospital,Abuja,Ultrasound,Radiant Suppliers,China
2096,14,150,2024-08-27,Hope Clinic,Kano,MRI Machine,TechHealth Inc.,Canada
2097,20,300,2024-09-01,Healing Hands Hospital,Lagos,Defibrillator,SoloSupplier Inc.,UK
2098,5,750,2024-09-06,City Hospital,Rivers,Ventilator,ExclusiveTech Ltd.,Germany
2099,10,400,2024-09-11,Metro Medical Center,Abuja,Surgical Table,HealthEquip Ltd.,UK
2100,12,200,2024-09-16,State Hospital,Oyo,MRI Machine,MedTech Co.,USA
2101,10,250,2024-01-15,General Hospital,Lagos,MRI Machine,MedTech Co.,USA
2102,5,200,2024-01-20,City Hospital,Abuja,MRI Machine,HealthEquip Ltd.,UK
2103,20,150,2024-01-25,Central Hospital,Rivers,X-Ray Machine,Radiant Suppliers,China
2104,15,300,2024-01-30,Sunshine Hospital,Lagos,CT Scanner,TechHealth Inc.,Canada
2105,8,500,2024-02-04,Community Hospital,Kaduna,Ultrasound,HealthEquip Ltd.,UK
2106,12,180,2024-02-09,Healing Hands Hospital,Enugu,X-Ray Machine,Radiant Suppliers,China
2107,25,220,2024-02-14,Hope Hospital,Kano,MRI Machine,MedTech Co.,USA
2108,30,320,2024-02-19,Unity Hospital,Lagos,CT Scanner,TechHealth Inc.,Canada
2109,10,550,2024-02-24,Metro Hospital,Abuja,Ultrasound,HealthEquip Ltd.,UK
2110,50,130,2024-02-29,State Hospital,Oyo,X-Ray Machine,Radiant Suppliers,China
2111,20,270,2024-03-05,City Medical Center,Lagos,MRI Machine,MedTech Co.,USA
2112,6,300,2024-03-10,General Hospital,Rivers,CT Scanner,TechHealth Inc.,Canada
2113,15,250,2024-03-15,Central Clinic,Ogun,Ultrasound,HealthEquip Ltd.,UK
2114,4,450,2024-03-20,Healing Touch Hospital,Enugu,MRI Machine,Radiant Suppliers,China
2115,25,180,2024-03-25,Sunshine Medical,Lagos,X-Ray Machine,MedTech Co.,USA
2116,18,600,2024-03-30,Hope Clinic,Kano,CT Scanner,HealthEquip Ltd.,UK
2117,14,150,2024-04-04,Metro Medical Center,Abuja,Ultrasound,TechHealth Inc.,Canada
2118,11,200,2024-04-09,State Medical Center,Oyo,MRI Machine,MedTech Co.,USA
2119,30,400,2024-04-14,General Clinic,Lagos,CT Scanner,HealthEquip Ltd.,UK
2120,10,150,2024-04-19,City Hospital,Rivers,Ultrasound,TechHealth Inc.,Canada
2121,12,350,2024-04-24,Hope Hospital,Abuja,MRI Machine,Radiant Suppliers,China
2122,10,450,2024-04-29,Healing Hands Hospital,Enugu,X-Ray Machine,HealthEquip Ltd.,UK
2123,5,600,2024-05-04,Central Hospital,Kaduna,Ultrasound,MedTech Co.,USA
2124,20,120,2024-05-09,State Hospital,Oyo,X-Ray Machine,Radiant Suppliers,China
2125,15,330,2024-05-14,City Medical Center,Lagos,MRI Machine,TechHealth Inc.,Canada
2126,10,450,2024-05-19,Central Hospital,Rivers,Ultrasound,HealthEquip Ltd.,UK
2127,7,200,2024-05-24,Metro Hospital,Abuja,X-Ray Machine,Radiant Suppliers,China
2128,25,280,2024-05-29,Hope Clinic,Kano,CT Scanner,TechHealth Inc.,Canada
2129,30,400,2024-06-03,Sunshine Hospital,Lagos,MRI Machine,MedTech Co.,USA
2130,15,170,2024-06-08,General Hospital,Enugu,Ultrasound,HealthEquip Ltd.,UK
2131,12,300,2024-06-13,State Medical Center,Oyo,CT Scanner,MedTech Co.,USA
2132,6,400,2024-06-18,Healing Hands Hospital,Rivers,MRI Machine,HealthEquip Ltd.,Canada
2133,8,250,2024-06-23,Metro Medical Center,Abuja,X-Ray Machine,TechHealth Inc.,UK
2134,14,150,2024-06-28,Central Clinic,Kaduna,Ultrasound,MedTech Co.,China
2135,25,220,2024-07-03,Community Hospital,Lagos,MRI Machine,MedTech Co.,USA
2136,18,600,2024-07-08,Sunshine Medical,Kano,CT Scanner,HealthEquip Ltd.,UK
2137,10,150,2024-07-13,Hope Hospital,Enugu,Ultrasound,Radiant Suppliers,China
2138,11,300,2024-07-18,City Medical Center,Oyo,X-Ray Machine,HealthEquip Ltd.,UK
2139,25,320,2024-07-23,State Hospital,Lagos,MRI Machine,Radiant Suppliers,China
2140,12,400,2024-07-28,General Hospital,Kaduna,CT Scanner,HealthEquip Ltd.,UK
2141,30,200,2024-08-02,Healing Touch Hospital,Rivers,X-Ray Machine,Radiant Suppliers,China
2142,15,150,2024-08-07,Metro Hospital,Abuja,Ultrasound,TechHealth Inc.,Canada
2143,20,350,2024-08-12,Central Hospital,Enugu,MRI Machine,MedTech Co.,USA
2144,5,450,2024-08-17,Sunshine Hospital,Lagos,CT Scanner,HealthEquip Ltd.,UK
2145,10,250,2024-08-22,Community Hospital,Abuja,Ultrasound,Radiant Suppliers,China
2146,14,150,2024-08-27,Hope Clinic,Kano,MRI Machine,TechHealth Inc.,Canada
2147,20,300,2024-09-01,Healing Hands Hospital,Lagos,Defibrillator,SoloSupplier Inc.,UK
2148,5,750,2024-09-06,City Hospital,Rivers,Ventilator,ExclusiveTech Ltd.,Germany
2149,10,400,2024-09-11,Metro Medical Center,Abuja,Surgical Table,HealthEquip Ltd.,UK
2150,12,200,2024-09-16,State Hospital,Oyo,MRI Machine,MedTech Co.,USA
2151,10,250,2024-01-15,General Hospital,Lagos,MRI Machine,MedTech Co.,USA
2152,5,200,2024-01-20,City Hospital,Abuja,MRI Machine,HealthEquip Ltd.,UK
2153,20,150,2024-01-25,Central Hospital,Rivers,X-Ray Machine,Radiant Suppliers,China
2154,15,300,2024-01-30,Sunshine Hospital,Lagos,CT Scanner,TechHealth Inc.,Canada
2155,8,500,2024-02-04,Community Hospital,Kaduna,Ultrasound,HealthEquip Ltd.,UK
2156,12,180,2024-02-09,Healing Hands Hospital,Enugu,X-Ray Machine,Radiant Suppliers,China
2157,25,220,2024-02-14,Hope Hospital,Kano,MRI Machine,MedTech Co.,USA
2158,30,320,2024-02-19,Unity Hospital,Lagos,CT Scanner,TechHealth Inc.,Canada
2159,10,550,2024-02-24,Metro Hospital,Abuja,Ultrasound,HealthEquip Ltd.,UK
2160,50,130,2024-02-29,State Hospital,Oyo,X-Ray Machine,Radiant Suppliers,China
2161,20,270,2024-03-05,City Medical Center,Lagos,MRI Machine,MedTech Co.,USA
2162,6,300,2024-03-10,General Hospital,Rivers,CT Scanner,TechHealth Inc.,Canada
2163,15,250,2024-03-15,Central Clinic,Ogun,Ultrasound,HealthEquip Ltd.,UK
2164,4,450,2024-03-20,Healing Touch Hospital,Enugu,MRI Machine,Radiant Suppliers,China
2165,25,180,2024-03-25,Sunshine Medical,Lagos,X-Ray Machine,MedTech Co.,USA
2166,18,600,2024-03-30,Hope Clinic,Kano,CT Scanner,HealthEquip Ltd.,UK
2167,14,150,2024-04-04,Metro Medical Center,Abuja,Ultrasound,TechHealth Inc.,Canada
2168,11,200,2024-04-09,State Medical Center,Oyo,MRI Machine,MedTech Co.,USA
2169,30,400,2024-04-14,General Clinic,Lagos,CT Scanner,HealthEquip Ltd.,UK
2170,10,150,2024-04-19,City Hospital,Rivers,Ultrasound,TechHealth Inc.,Canada
2171,12,350,2024-04-24,Hope Hospital,Abuja,MRI Machine,Radiant Suppliers,China
2172,10,450,2024-04-29,Healing Hands Hospital,Enugu,X-Ray Machine,HealthEquip Ltd.,UK
2173,5,600,2024-05-04,Central Hospital,Kaduna,Ultrasound,MedTech Co.,USA
2174,20,120,2024-05-09,State Hospital,Oyo,X-Ray Machine,Radiant Suppliers,China
2175,15,330,2024-05-14,City Medical Center,Lagos,MRI Machine,TechHealth Inc.,Canada
2176,10,450,2024-05-19,Central Hospital,Rivers,Ultrasound,HealthEquip Ltd.,UK
2177,7,200,2024-05-24,Metro Hospital,Abuja,X-Ray Machine,Radiant Suppliers,China
2178,25,280,2024-05-29,Hope Clinic,Kano,CT Scanner,TechHealth Inc.,Canada
2179,30,400,2024-06-03,Sunshine Hospital,Lagos,MRI Machine,MedTech Co.,USA
2180,15,170,2024-06-08,General Hospital,Enugu,Ultrasound,HealthEquip Ltd.,UK
2181,12,300,2024-06-13,State Medical Center,Oyo,CT Scanner,MedTech Co.,USA
2182,6,400,2024-06-18,Healing Hands Hospital,Rivers,MRI Machine,HealthEquip Ltd.,Canada
2183,8,250,2024-06-23,Metro Medical Center,Abuja,X-Ray Machine,TechHealth Inc.,UK
2184,14,150,2024-06-28,Central Clinic,Kaduna,Ultrasound,MedTech Co.,China
2185,25,220,2024-07-03,Community Hospital,Lagos,MRI Machine,MedTech Co.,USA
2186,18,600,2024-07-08,Sunshine Medical,Kano,CT Scanner,HealthEquip Ltd.,UK
2187,10,150,2024-07-13,Hope Hospital,Enugu,Ultrasound,Radiant Suppliers,China
2188,11,300,2024-07-18,City Medical Center,Oyo,X-Ray Machine,HealthEquip Ltd.,UK
2189,25,320,2024-07-23,State Hospital,Lagos,MRI Machine,Radiant Suppliers,China
2190,12,400,2024-07-28,General Hospital,Kaduna,CT Scanner,HealthEquip Ltd.,UK
2191,30,200,2024-08-02,Healing Touch Hospital,Rivers,X-Ray Machine,Radiant Suppliers,China
2192,15,150,2024-08-07,Metro Hospital,Abuja,Ultrasound,TechHealth Inc.,Canada
2193,20,350,2024-08-12,Central Hospital,Enugu,MRI Machine,MedTech Co.,USA
2194,5,450,2024-08-17,Sunshine Hospital,Lagos,CT Scanner,HealthEquip Ltd.,UK
2195,10,250,2024-08-22,Community Hospital,Abuja,Ultrasound,Radiant Suppliers,China
2196,14,150,2024-08-27,Hope Clinic,Kano,MRI Machine,TechHealth Inc.,Canada
2197,20,300,2024-09-01,Healing Hands Hospital,Lagos,Defibrillator,SoloSupplier Inc.,UK
2198,5,750,2024-09-06,City Hospital,Rivers,Ventilator,ExclusiveTech Ltd.,Germany
2199,10,400,2024-09-11,Metro Medical Center,Abuja,Surgical Table,HealthEquip Ltd.,UK
2200,12,200,2024-09-16,State Hospital,Oyo,MRI Machine,MedTech Co.,USA
2201,10,250,2024-01-15,General Hospital,Lagos,MRI Machine,MedTech Co.,USA
2202,5,200,2024-01-20,City Hospital,Abuja,MRI Machine,HealthEquip Ltd.,UK
2203,20,150,2024-01-25,Central Hospital,Rivers,X-Ray Machine,Radiant Suppliers,China
2204,15,300,2024-01-30,Sunshine Hospital,Lagos,CT Scanner,TechHealth Inc.,Canada
2205,8,500,2024-02-04,Community Hospital,Kaduna,Ultrasound,HealthEquip Ltd.,UK
2206,12,180,2024-02-09,Healing Hands Hospital,Enugu,X-Ray Machine,Radiant Suppliers,China
2207,25,220,2024-02-14,Hope Hospital,Kano,MRI Machine,MedTech Co.,USA
2208,30,320,2024-02-19,Unity Hospital,Lagos,CT Scanner,TechHealth Inc.,Canada
2209,10,550,2024-02-24,Metro Hospital,Abuja,Ultrasound,HealthEquip Ltd.,UK
2210,50,130,2024-02-29,State Hospital,Oyo,X-Ray Machine,Radiant Suppliers,China
2211,20,270,2024-03-05,City Medical Center,Lagos,MRI Machine,MedTech Co.,USA
2212,6,300,2024-03-10,General Hospital,Rivers,CT Scanner,TechHealth Inc.,Canada
2213,15,250,2024-03-15,Central Clinic,Ogun,Ultrasound,HealthEquip Ltd.,UK
2214,4,450,2024-03-20,Healing Touch Hospital,Enugu,MRI Machine,Radiant Suppliers,China
2215,25,180,2024-03-25,Sunshine Medical,Lagos,X-Ray Machine,MedTech Co.,USA
2216,18,600,2024-03-30,Hope Clinic,Kano,CT Scanner,HealthEquip Ltd.,UK
2217,14,150,2024-04-04,Metro Medical Center,Abuja,Ultrasound,TechHealth Inc.,Canada
2218,11,200,2024-04-09,State Medical Center,Oyo,MRI Machine,MedTech Co.,USA
2219,30,400,2024-04-14,General Clinic,Lagos,CT Scanner,HealthEquip Ltd.,UK
2220,10,150,2024-04-19,City Hospital,Rivers,Ultrasound,TechHealth Inc.,Canada
2221,12,350,2024-04-24,Hope Hospital,Abuja,MRI Machine,Radiant Suppliers,China
2222,10,450,2024-04-29,Healing Hands Hospital,Enugu,X-Ray Machine,HealthEquip Ltd.,UK
2223,5,600,2024-05-04,Central Hospital,Kaduna,Ultrasound,MedTech Co.,USA
2224,20,120,2024-05-09,State Hospital,Oyo,X-Ray Machine,Radiant Suppliers,China
2225,15,330,2024-05-14,City Medical Center,Lagos,MRI Machine,TechHealth Inc.,Canada
2226,10,450,2024-05-19,Central Hospital,Rivers,Ultrasound,HealthEquip Ltd.,UK
2227,7,200,2024-05-24,Metro Hospital,Abuja,X-Ray Machine,Radiant Suppliers,China
2228,25,280,2024-05-29,Hope Clinic,Kano,CT Scanner,TechHealth Inc.,Canada
2229,30,400,2024-06-03,Sunshine Hospital,Lagos,MRI Machine,MedTech Co.,USA
2230,15,170,2024-06-08,General Hospital,Enugu,Ultrasound,HealthEquip Ltd.,UK
2231,12,300,2024-06-13,State Medical Center,Oyo,CT Scanner,MedTech Co.,USA
2232,6,400,2024-06-18,Healing Hands Hospital,Rivers,MRI Machine,HealthEquip Ltd.,Canada
2233,8,250,2024-06-23,Metro Medical Center,Abuja,X-Ray Machine,TechHealth Inc.,UK
2234,14,150,2024-06-28,Central Clinic,Kaduna,Ultrasound,MedTech Co.,China
2235,25,220,2024-07-03,Community Hospital,Lagos,MRI Machine,MedTech Co.,USA
2236,18,600,2024-07-08,Sunshine Medical,Kano,CT Scanner,HealthEquip Ltd.,UK
2237,10,150,2024-07-13,Hope Hospital,Enugu,Ultrasound,Radiant Suppliers,China
2238,11,300,2024-07-18,City Medical Center,Oyo,X-Ray Machine,HealthEquip Ltd.,UK
2239,25,320,2024-07-23,State Hospital,Lagos,MRI Machine,Radiant Suppliers,China
2240,12,400,2024-07-28,General Hospital,Kaduna,CT Scanner,HealthEquip Ltd.,UK
2241,30,200,2024-08-02,Healing Touch Hospital,Rivers,X-Ray Machine,Radiant Suppliers,China
2242,15,150,2024-08-07,Metro Hospital,Abuja,Ultrasound,TechHealth Inc.,Canada
2243,20,350,2024-08-12,Central Hospital,Enugu,MRI Machine,MedTech Co.,USA
2244,5,450,2024-08-17,Sunshine Hospital,Lagos,CT Scanner,HealthEquip Ltd.,UK
2245,10,250,2024-08-22,Community Hospital,Abuja,Ultrasound,Radiant Suppliers,China
2246,14,150,2024-08-27,Hope Clinic,Kano,MRI Machine,TechHealth Inc.,Canada
2247,20,300,2024-09-01,Healing Hands Hospital,Lagos,Defibrillator,SoloSupplier Inc.,UK
2248,5,750,2024-09-06,City Hospital,Rivers,Ventilator,ExclusiveTech Ltd.,Germany
2249,10,400,2024-09-11,Metro Medical Center,Abuja,Surgical Table,HealthEquip Ltd.,UK
2250,12,200,2024-09-16,State Hospital,Oyo,MRI Machine,MedTech Co.,USA
2251,10,250,2024-01-15,General Hospital,Lagos,MRI Machine,MedTech Co.,USA
2252,5,200,2024-01-20,City Hospital,Abuja,MRI Machine,HealthEquip Ltd.,UK
2253,20,150,2024-01-25,Central Hospital,Rivers,X-Ray Machine,Radiant Suppliers,China
2254,15,300,2024-01-30,Sunshine Hospital,Lagos,CT Scanner,TechHealth Inc.,Canada
2255,8,500,2024-02-04,Community Hospital,Kaduna,Ultrasound,HealthEquip Ltd.,UK
2256,12,180,2024-02-09,Healing Hands Hospital,Enugu,X-Ray Machine,Radiant Suppliers,China
2257,25,220,2024-02-14,Hope Hospital,Kano,MRI Machine,MedTech Co.,USA
2258,30,320,2024-02-19,Unity Hospital,Lagos,CT Scanner,TechHealth Inc.,Canada
2259,10,550,2024-02-24,Metro Hospital,Abuja,Ultrasound,HealthEquip Ltd.,UK
2260,50,130,2024-02-29,State Hospital,Oyo,X-Ray Machine,Radiant Suppliers,China
2261,20,270,2024-03-05,City Medical Center,Lagos,MRI Machine,MedTech Co.,USA
2262,6,300,2024-03-10,General Hospital,Rivers,CT Scanner,TechHealth Inc.,Canada
2263,15,250,2024-03-15,Central Clinic,Ogun,Ultrasound,HealthEquip Ltd.,UK
2264,4,450,2024-03-20,Healing Touch Hospital,Enugu,MRI Machine,Radiant Suppliers,China
2265,25,180,2024-03-25,Sunshine Medical,Lagos,X-Ray Machine,MedTech Co.,USA
2266,18,600,2024-03-30,Hope Clinic,Kano,CT Scanner,HealthEquip Ltd.,UK
2267,14,150,2024-04-04,Metro Medical Center,Abuja,Ultrasound,TechHealth Inc.,Canada
2268,11,200,2024-04-09,State Medical Center,Oyo,MRI Machine,MedTech Co.,USA
2269,30,400,2024-04-14,General Clinic,Lagos,CT Scanner,HealthEquip Ltd.,UK
2270,10,150,2024-04-19,City Hospital,Rivers,Ultrasound,TechHealth Inc.,Canada
2271,12,350,2024-04-24,Hope Hospital,Abuja,MRI Machine,Radiant Suppliers,China
2272,10,450,2024-04-29,Healing Hands Hospital,Enugu,X-Ray Machine,HealthEquip Ltd.,UK
2273,5,600,2024-05-04,Central Hospital,Kaduna,Ultrasound,MedTech Co.,USA
2274,20,120,2024-05-09,State Hospital,Oyo,X-Ray Machine,Radiant Suppliers,China
2275,15,330,2024-05-14,City Medical Center,Lagos,MRI Machine,TechHealth Inc.,Canada
2276,10,450,2024-05-19,Central Hospital,Rivers,Ultrasound,HealthEquip Ltd.,UK
2277,7,200,2024-05-24,Metro Hospital,Abuja,X-Ray Machine,Radiant Suppliers,China
2278,25,280,2024-05-29,Hope Clinic,Kano,CT Scanner,TechHealth Inc.,Canada
2279,30,400,2024-06-03,Sunshine Hospital,Lagos,MRI Machine,MedTech Co.,USA
2280,15,170,2024-06-08,General Hospital,Enugu,Ultrasound,HealthEquip Ltd.,UK
2281,12,300,2024-06-13,State Medical Center,Oyo,CT Scanner,MedTech Co.,USA
2282,6,400,2024-06-18,Healing Hands Hospital,Rivers,MRI Machine,HealthEquip Ltd.,Canada
2283,8,250,2024-06-23,Metro Medical Center,Abuja,X-Ray Machine,TechHealth Inc.,UK
2284,14,150,2024-06-28,Central Clinic,Kaduna,Ultrasound,MedTech Co.,China
2285,25,220,2024-07-03,Community Hospital,Lagos,MRI Machine,MedTech Co.,USA
2286,18,600,2024-07-08,Sunshine Medical,Kano,CT Scanner,HealthEquip Ltd.,UK
2287,10,150,2024-07-13,Hope Hospital,Enugu,Ultrasound,Radiant Suppliers,China
2288,11,300,2024-07-18,City Medical Center,Oyo,X-Ray Machine,HealthEquip Ltd.,UK
2289,25,320,2024-07-23,State Hospital,Lagos,MRI Machine,Radiant Suppliers,China
2290,12,400,2024-07-28,General Hospital,Kaduna,CT Scanner,HealthEquip Ltd.,UK
2291,30,200,2024-08-02,Healing Touch Hospital,Rivers,X-Ray Machine,Radiant Suppliers,China
2292,15,150,2024-08-07,Metro Hospital,Abuja,Ultrasound,TechHealth Inc.,Canada
2293,20,350,2024-08-12,Central Hospital,Enugu,MRI Machine,MedTech Co.,USA
2294,5,450,2024-08-17,Sunshine Hospital,Lagos,CT Scanner,HealthEquip Ltd.,UK
2295,10,250,2024-08-22,Community Hospital,Abuja,Ultrasound,Radiant Suppliers,China
2296,14,150,2024-08-27,Hope Clinic,Kano,MRI Machine,TechHealth Inc.,Canada
2297,20,300,2024-09-01,Healing Hands Hospital,Lagos,Defibrillator,SoloSupplier Inc.,UK
2298,5,750,2024-09-06,City Hospital,Rivers,Ventilator,ExclusiveTech Ltd.,Germany
2299,10,400,2024-09-11,Metro Medical Center,Abuja,Surgical Table,HealthEquip Ltd.,UK
2300,12,200,2024-09-16,State Hospital,Oyo,MRI Machine,MedTech Co.,USA
2301,10,250,2024-01-15,General Hospital,Lagos,MRI Machine,MedTech Co.,USA
2302,5,200,2024-01-20,City Hospital,Abuja,MRI Machine,HealthEquip Ltd.,UK
2303,20,150,2024-01-25,Central Hospital,Rivers,X-Ray Machine,Radiant Suppliers,China
2304,15,300,2024-01-30,Sunshine Hospital,Lagos,CT Scanner,TechHealth Inc.,Canada
2305,8,500,2024-02-04,Community Hospital,Kaduna,Ultrasound,HealthEquip Ltd.,UK
2306,12,180,2024-02-09,Healing Hands Hospital,Enugu,X-Ray Machine,Radiant Suppliers,China
2307,25,220,2024-02-14,Hope Hospital,Kano,MRI Machine,MedTech Co.,USA
2308,30,320,2024-02-19,Unity Hospital,Lagos,CT Scanner,TechHealth Inc.,Canada
2309,10,550,2024-02-24,Metro Hospital,Abuja,Ultrasound,HealthEquip Ltd.,UK
2310,50,130,2024-02-29,State Hospital,Oyo,X-Ray Machine,Radiant Suppliers,China
2311,20,270,2024-03-05,City Medical Center,Lagos,MRI Machine,MedTech Co.,USA
2312,6,300,2024-03-10,General Hospital,Rivers,CT Scanner,TechHealth Inc.,Canada
2313,15,250,2024-03-15,Central Clinic,Ogun,Ultrasound,HealthEquip Ltd.,UK
2314,4,450,2024-03-20,Healing Touch Hospital,Enugu,MRI Machine,Radiant Suppliers,China
2315,25,180,2024-03-25,Sunshine Medical,Lagos,X-Ray Machine,MedTech Co.,USA
2316,18,600,2024-03-30,Hope Clinic,Kano,CT Scanner,HealthEquip Ltd.,UK
2317,14,150,2024-04-04,Metro Medical Center,Abuja,Ultrasound,TechHealth Inc.,Canada
2318,11,200,2024-04-09,State Medical Center,Oyo,MRI Machine,MedTech Co.,USA
2319,30,400,2024-04-14,General Clinic,Lagos,CT Scanner,HealthEquip Ltd.,UK
2320,10,150,2024-04-19,City Hospital,Rivers,Ultrasound,TechHealth Inc.,Canada
2321,12,350,2024-04-24,Hope Hospital,Abuja,MRI Machine,Radiant Suppliers,China
2322,10,450,2024-04-29,Healing Hands Hospital,Enugu,X-Ray Machine,HealthEquip Ltd.,UK
2323,5,600,2024-05-04,Central Hospital,Kaduna,Ultrasound,MedTech Co.,USA
2324,20,120,2024-05-09,State Hospital,Oyo,X-Ray Machine,Radiant Suppliers,China
2325,15,330,2024-05-14,City Medical Center,Lagos,MRI Machine,TechHealth Inc.,Canada
2326,10,450,2024-05-19,Central Hospital,Rivers,Ultrasound,HealthEquip Ltd.,UK
2327,7,200,2024-05-24,Metro Hospital,Abuja,X-Ray Machine,Radiant Suppliers,China
2328,25,280,2024-05-29,Hope Clinic,Kano,CT Scanner,TechHealth Inc.,Canada
2329,30,400,2024-06-03,Sunshine Hospital,Lagos,MRI Machine,MedTech Co.,USA
2330,15,170,2024-06-08,General Hospital,Enugu,Ultrasound,HealthEquip Ltd.,UK
2331,12,300,2024-06-13,State Medical Center,Oyo,CT Scanner,MedTech Co.,USA
2332,6,400,2024-06-18,Healing Hands Hospital,Rivers,MRI Machine,HealthEquip Ltd.,Canada
2333,8,250,2024-06-23,Metro Medical Center,Abuja,X-Ray Machine,TechHealth Inc.,UK
2334,14,150,2024-06-28,Central Clinic,Kaduna,Ultrasound,MedTech Co.,China
2335,25,220,2024-07-03,Community Hospital,Lagos,MRI Machine,MedTech Co.,USA
2336,18,600,2024-07-08,Sunshine Medical,Kano,CT Scanner,HealthEquip Ltd.,UK
2337,10,150,2024-07-13,Hope Hospital,Enugu,Ultrasound,Radiant Suppliers,China
2338,11,300,2024-07-18,City Medical Center,Oyo,X-Ray Machine,HealthEquip Ltd.,UK
2339,25,320,2024-07-23,State Hospital,Lagos,MRI Machine,Radiant Suppliers,China
2340,12,400,2024-07-28,General Hospital,Kaduna,CT Scanner,HealthEquip Ltd.,UK
2341,30,200,2024-08-02,Healing Touch Hospital,Rivers,X-Ray Machine,Radiant Suppliers,China
2342,15,150,2024-08-07,Metro Hospital,Abuja,Ultrasound,TechHealth Inc.,Canada
2343,20,350,2024-08-12,Central Hospital,Enugu,MRI Machine,MedTech Co.,USA
2344,5,450,2024-08-17,Sunshine Hospital,Lagos,CT Scanner,HealthEquip Ltd.,UK
2345,10,250,2024-08-22,Community Hospital,Abuja,Ultrasound,Radiant Suppliers,China
2346,14,150,2024-08-27,Hope Clinic,Kano,MRI Machine,TechHealth Inc.,Canada
2347,20,300,2024-09-01,Healing Hands Hospital,Lagos,Defibrillator,SoloSupplier Inc.,UK
2348,5,750,2024-09-06,City Hospital,Rivers,Ventilator,ExclusiveTech Ltd.,Germany
2349,10,400,2024-09-11,Metro Medical Center,Abuja,Surgical Table,HealthEquip Ltd.,UK
2350,12,200,2024-09-16,State Hospital,Oyo,MRI Machine,MedTech Co.,USA
2351,10,250,2024-01-15,General Hospital,Lagos,MRI Machine,MedTech Co.,USA
2352,5,200,2024-01-20,City Hospital,Abuja,MRI Machine,HealthEquip Ltd.,UK
2353,20,150,2024-01-25,Central Hospital,Rivers,X-Ray Machine,Radiant Suppliers,China
2354,15,300,2024-01-30,Sunshine Hospital,Lagos,CT Scanner,TechHealth Inc.,Canada
2355,8,500,2024-02-04,Community Hospital,Kaduna,Ultrasound,HealthEquip Ltd.,UK
2356,12,180,2024-02-09,Healing Hands Hospital,Enugu,X-Ray Machine,Radiant Suppliers,China
2357,25,220,2024-02-14,Hope Hospital,Kano,MRI Machine,MedTech Co.,USA
2358,30,320,2024-02-19,Unity Hospital,Lagos,CT Scanner,TechHealth Inc.,Canada
2359,10,550,2024-02-24,Metro Hospital,Abuja,Ultrasound,HealthEquip Ltd.,UK
2360,50,130,2024-02-29,State Hospital,Oyo,X-Ray Machine,Radiant Suppliers,China
2361,20,270,2024-03-05,City Medical Center,Lagos,MRI Machine,MedTech Co.,USA
2362,6,300,2024-03-10,General Hospital,Rivers,CT Scanner,TechHealth Inc.,Canada
2363,15,250,2024-03-15,Central Clinic,Ogun,Ultrasound,HealthEquip Ltd.,UK
2364,4,450,2024-03-20,Healing Touch Hospital,Enugu,MRI Machine,Radiant Suppliers,China
2365,25,180,2024-03-25,Sunshine Medical,Lagos,X-Ray Machine,MedTech Co.,USA
2366,18,600,2024-03-30,Hope Clinic,Kano,CT Scanner,HealthEquip Ltd.,UK
2367,14,150,2024-04-04,Metro Medical Center,Abuja,Ultrasound,TechHealth Inc.,Canada
2368,11,200,2024-04-09,State Medical Center,Oyo,MRI Machine,MedTech Co.,USA
2369,30,400,2024-04-14,General Clinic,Lagos,CT Scanner,HealthEquip Ltd.,UK
2370,10,150,2024-04-19,City Hospital,Rivers,Ultrasound,TechHealth Inc.,Canada
2371,12,350,2024-04-24,Hope Hospital,Abuja,MRI Machine,Radiant Suppliers,China
2372,10,450,2024-04-29,Healing Hands Hospital,Enugu,X-Ray Machine,HealthEquip Ltd.,UK
2373,5,600,2024-05-04,Central Hospital,Kaduna,Ultrasound,MedTech Co.,USA
2374,20,120,2024-05-09,State Hospital,Oyo,X-Ray Machine,Radiant Suppliers,China
2375,15,330,2024-05-14,City Medical Center,Lagos,MRI Machine,TechHealth Inc.,Canada
2376,10,450,2024-05-19,Central Hospital,Rivers,Ultrasound,HealthEquip Ltd.,UK
2377,7,200,2024-05-24,Metro Hospital,Abuja,X-Ray Machine,Radiant Suppliers,China
2378,25,280,2024-05-29,Hope Clinic,Kano,CT Scanner,TechHealth Inc.,Canada
2379,30,400,2024-06-03,Sunshine Hospital,Lagos,MRI Machine,MedTech Co.,USA
2380,15,170,2024-06-08,General Hospital,Enugu,Ultrasound,HealthEquip Ltd.,UK
2381,12,300,2024-06-13,State Medical Center,Oyo,CT Scanner,MedTech Co.,USA
2382,6,400,2024-06-18,Healing Hands Hospital,Rivers,MRI Machine,HealthEquip Ltd.,Canada
2383,8,250,2024-06-23,Metro Medical Center,Abuja,X-Ray Machine,TechHealth Inc.,UK
2384,14,150,2024-06-28,Central Clinic,Kaduna,Ultrasound,MedTech Co.,China
2385,25,220,2024-07-03,Community Hospital,Lagos,MRI Machine,MedTech Co.,USA
2386,18,600,2024-07-08,Sunshine Medical,Kano,CT Scanner,HealthEquip Ltd.,UK
2387,10,150,2024-07-13,Hope Hospital,Enugu,Ultrasound,Radiant Suppliers,China
2388,11,300,2024-07-18,City Medical Center,Oyo,X-Ray Machine,HealthEquip Ltd.,UK
2389,25,320,2024-07-23,State Hospital,Lagos,MRI Machine,Radiant Suppliers,China
2390,12,400,2024-07-28,General Hospital,Kaduna,CT Scanner,HealthEquip Ltd.,UK
2391,30,200,2024-08-02,Healing Touch Hospital,Rivers,X-Ray Machine,Radiant Suppliers,China
2392,15,150,2024-08-07,Metro Hospital,Abuja,Ultrasound,TechHealth Inc.,Canada
2393,20,350,2024-08-12,Central Hospital,Enugu,MRI Machine,MedTech Co.,USA
2394,5,450,2024-08-17,Sunshine Hospital,Lagos,CT Scanner,HealthEquip Ltd.,UK
2395,10,250,2024-08-22,Community Hospital,Abuja,Ultrasound,Radiant Suppliers,China
2396,14,150,2024-08-27,Hope Clinic,Kano,MRI Machine,TechHealth Inc.,Canada
2397,20,300,2024-09-01,Healing Hands Hospital,Lagos,Defibrillator,SoloSupplier Inc.,UK
2398,5,750,2024-09-06,City Hospital,Rivers,Ventilator,ExclusiveTech Ltd.,Germany
2399,10,400,2024-09-11,Metro Medical Center,Abuja,Surgical Table,HealthEquip Ltd.,UK
2400,12,200,2024-09-16,State Hospital,Oyo,MRI Machine,MedTech Co.,USA
2401,10,250,2024-01-15,General Hospital,Lagos,MRI Machine,MedTech Co.,USA
2402,5,200,2024-01-20,City Hospital,Abuja,MRI Machine,HealthEquip Ltd.,UK
2403,20,150,2024-01-25,Central Hospital,Rivers,X-Ray Machine,Radiant Suppliers,China
2404,15,300,2024-01-30,Sunshine Hospital,Lagos,CT Scanner,TechHealth Inc.,Canada
2405,8,500,2024-02-04,Community Hospital,Kaduna,Ultrasound,HealthEquip Ltd.,UK
2406,12,180,2024-02-09,Healing Hands Hospital,Enugu,X-Ray Machine,Radiant Suppliers,China
2407,25,220,2024-02-14,Hope Hospital,Kano,MRI Machine,MedTech Co.,USA
2408,30,320,2024-02-19,Unity Hospital,Lagos,CT Scanner,TechHealth Inc.,Canada
2409,10,550,2024-02-24,Metro Hospital,Abuja,Ultrasound,HealthEquip Ltd.,UK
2410,50,130,2024-02-29,State Hospital,Oyo,X-Ray Machine,Radiant Suppliers,China
2411,20,270,2024-03-05,City Medical Center,Lagos,MRI Machine,MedTech Co.,USA
2412,6,300,2024-03-10,General Hospital,Rivers,CT Scanner,TechHealth Inc.,Canada
2413,15,250,2024-03-15,Central Clinic,Ogun,Ultrasound,HealthEquip Ltd.,UK
2414,4,450,2024-03-20,Healing Touch Hospital,Enugu,MRI Machine,Radiant Suppliers,China
2415,25,180,2024-03-25,Sunshine Medical,Lagos,X-Ray Machine,MedTech Co.,USA
2416,18,600,2024-03-30,Hope Clinic,Kano,CT Scanner,HealthEquip Ltd.,UK
2417,14,150,2024-04-04,Metro Medical Center,Abuja,Ultrasound,TechHealth Inc.,Canada
2418,11,200,2024-04-09,State Medical Center,Oyo,MRI Machine,MedTech Co.,USA
2419,30,400,2024-04-14,General Clinic,Lagos,CT Scanner,HealthEquip Ltd.,UK
2420,10,150,2024-04-19,City Hospital,Rivers,Ultrasound,TechHealth Inc.,Canada
2421,12,350,2024-04-24,Hope Hospital,Abuja,MRI Machine,Radiant Suppliers,China
2422,10,450,2024-04-29,Healing Hands Hospital,Enugu,X-Ray Machine,HealthEquip Ltd.,UK
2423,5,600,2024-05-04,Central Hospital,Kaduna,Ultrasound,MedTech Co.,USA
2424,20,120,2024-05-09,State Hospital,Oyo,X-Ray Machine,Radiant Suppliers,China
2425,15,330,2024-05-14,City Medical Center,Lagos,MRI Machine,TechHealth Inc.,Canada
2426,10,450,2024-05-19,Central Hospital,Rivers,Ultrasound,HealthEquip Ltd.,UK
2427,7,200,2024-05-24,Metro Hospital,Abuja,X-Ray Machine,Radiant Suppliers,China
2428,25,280,2024-05-29,Hope Clinic,Kano,CT Scanner,TechHealth Inc.,Canada
2429,30,400,2024-06-03,Sunshine Hospital,Lagos,MRI Machine,MedTech Co.,USA
2430,15,170,2024-06-08,General Hospital,Enugu,Ultrasound,HealthEquip Ltd.,UK
2431,12,300,2024-06-13,State Medical Center,Oyo,CT Scanner,MedTech Co.,USA
2432,6,400,2024-06-18,Healing Hands Hospital,Rivers,MRI Machine,HealthEquip Ltd.,Canada
2433,8,250,2024-06-23,Metro Medical Center,Abuja,X-Ray Machine,TechHealth Inc.,UK
2434,14,150,2024-06-28,Central Clinic,Kaduna,Ultrasound,MedTech Co.,China
2435,25,220,2024-07-03,Community Hospital,Lagos,MRI Machine,MedTech Co.,USA
2436,18,600,2024-07-08,Sunshine Medical,Kano,CT Scanner,HealthEquip Ltd.,UK
2437,10,150,2024-07-13,Hope Hospital,Enugu,Ultrasound,Radiant Suppliers,China
2438,11,300,2024-07-18,City Medical Center,Oyo,X-Ray Machine,HealthEquip Ltd.,UK
2439,25,320,2024-07-23,State Hospital,Lagos,MRI Machine,Radiant Suppliers,China
2440,12,400,2024-07-28,General Hospital,Kaduna,CT Scanner,HealthEquip Ltd.,UK
2441,30,200,2024-08-02,Healing Touch Hospital,Rivers,X-Ray Machine,Radiant Suppliers,China
2442,15,150,2024-08-07,Metro Hospital,Abuja,Ultrasound,TechHealth Inc.,Canada
2443,20,350,2024-08-12,Central Hospital,Enugu,MRI Machine,MedTech Co.,USA
2444,5,450,2024-08-17,Sunshine Hospital,Lagos,CT Scanner,HealthEquip Ltd.,UK
2445,10,250,2024-08-22,Community Hospital,Abuja,Ultrasound,Radiant Suppliers,China
2446,14,150,2024-08-27,Hope Clinic,Kano,MRI Machine,TechHealth Inc.,Canada
2447,20,300,2024-09-01,Healing Hands Hospital,Lagos,Defibrillator,SoloSupplier Inc.,UK
2448,5,750,2024-09-06,City Hospital,Rivers,Ventilator,ExclusiveTech Ltd.,Germany
2449,10,400,2024-09-11,Metro Medical Center,Abuja,Surgical Table,HealthEquip Ltd.,UK
2450,12,200,2024-09-16,State Hospital,Oyo,MRI Machine,MedTech Co.,USA
2451,10,250,2024-01-15,General Hospital,Lagos,MRI Machine,MedTech Co.,USA
2452,5,200,2024-01-20,City Hospital,Abuja,MRI Machine,HealthEquip Ltd.,UK
2453,20,150,2024-01-25,Central Hospital,Rivers,X-Ray Machine,Radiant Suppliers,China
2454,15,300,2024-01-30,Sunshine Hospital,Lagos,CT Scanner,TechHealth Inc.,Canada
2455,8,500,2024-02-04,Community Hospital,Kaduna,Ultrasound,HealthEquip Ltd.,UK
2456,12,180,2024-02-09,Healing Hands Hospital,Enugu,X-Ray Machine,Radiant Suppliers,China
2457,25,220,2024-02-14,Hope Hospital,Kano,MRI Machine,MedTech Co.,USA
2458,30,320,2024-02-19,Unity Hospital,Lagos,CT Scanner,TechHealth Inc.,Canada
2459,10,550,2024-02-24,Metro Hospital,Abuja,Ultrasound,HealthEquip Ltd.,UK
2460,50,130,2024-02-29,State Hospital,Oyo,X-Ray Machine,Radiant Suppliers,China
2461,20,270,2024-03-05,City Medical Center,Lagos,MRI Machine,MedTech Co.,USA
2462,6,300,2024-03-10,General Hospital,Rivers,CT Scanner,TechHealth Inc.,Canada
2463,15,250,2024-03-15,Central Clinic,Ogun,Ultrasound,HealthEquip Ltd.,UK
2464,4,450,2024-03-20,Healing Touch Hospital,Enugu,MRI Machine,Radiant Suppliers,China
2465,25,180,2024-03-25,Sunshine Medical,Lagos,X-Ray Machine,MedTech Co.,USA
2466,18,600,2024-03-30,Hope Clinic,Kano,CT Scanner,HealthEquip Ltd.,UK
2467,14,150,2024-04-04,Metro Medical Center,Abuja,Ultrasound,TechHealth Inc.,Canada
2468,11,200,2024-04-09,State Medical Center,Oyo,MRI Machine,MedTech Co.,USA
2469,30,400,2024-04-14,General Clinic,Lagos,CT Scanner,HealthEquip Ltd.,UK
2470,10,150,2024-04-19,City Hospital,Rivers,Ultrasound,TechHealth Inc.,Canada
2471,12,350,2024-04-24,Hope Hospital,Abuja,MRI Machine,Radiant Suppliers,China
2472,10,450,2024-04-29,Healing Hands Hospital,Enugu,X-Ray Machine,HealthEquip Ltd.,UK
2473,5,600,2024-05-04,Central Hospital,Kaduna,Ultrasound,MedTech Co.,USA
2474,20,120,2024-05-09,State Hospital,Oyo,X-Ray Machine,Radiant Suppliers,China
2475,15,330,2024-05-14,City Medical Center,Lagos,MRI Machine,TechHealth Inc.,Canada
2476,10,450,2024-05-19,Central Hospital,Rivers,Ultrasound,HealthEquip Ltd.,UK
2477,7,200,2024-05-24,Metro Hospital,Abuja,X-Ray Machine,Radiant Suppliers,China
2478,25,280,2024-05-29,Hope Clinic,Kano,CT Scanner,TechHealth Inc.,Canada
2479,30,400,2024-06-03,Sunshine Hospital,Lagos,MRI Machine,MedTech Co.,USA
2480,15,170,2024-06-08,General Hospital,Enugu,Ultrasound,HealthEquip Ltd.,UK
2481,12,300,2024-06-13,State Medical Center,Oyo,CT Scanner,MedTech Co.,USA
2482,6,400,2024-06-18,Healing Hands Hospital,Rivers,MRI Machine,HealthEquip Ltd.,Canada
2483,8,250,2024-06-23,Metro Medical Center,Abuja,X-Ray Machine,TechHealth Inc.,UK
2484,14,150,2024-06-28,Central Clinic,Kaduna,Ultrasound,MedTech Co.,China
2485,25,220,2024-07-03,Community Hospital,Lagos,MRI Machine,MedTech Co.,USA
2486,18,600,2024-07-08,Sunshine Medical,Kano,CT Scanner,HealthEquip Ltd.,UK
2487,10,150,2024-07-13,Hope Hospital,Enugu,Ultrasound,Radiant Suppliers,China
2488,11,300,2024-07-18,City Medical Center,Oyo,X-Ray Machine,HealthEquip Ltd.,UK
2489,25,320,2024-07-23,State Hospital,Lagos,MRI Machine,Radiant Suppliers,China
2490,12,400,2024-07-28,General Hospital,Kaduna,CT Scanner,HealthEquip Ltd.,UK
2491,30,200,2024-08-02,Healing Touch Hospital,Rivers,X-Ray Machine,Radiant Suppliers,China
2492,15,150,2024-08-07,Metro Hospital,Abuja,Ultrasound,TechHealth Inc.,Canada
2493,20,350,2024-08-12,Central Hospital,Enugu,MRI Machine,MedTech Co.,USA
2494,5,450,2024-08-17,Sunshine Hospital,Lagos,CT Scanner,HealthEquip Ltd.,UK
2495,10,250,2024-08-22,Community Hospital,Abuja,Ultrasound,Radiant Suppliers,China
2496,14,150,2024-08-27,Hope Clinic,Kano,MRI Machine,TechHealth Inc.,Canada
2497,20,300,2024-09-01,Healing Hands Hospital,Lagos,Defibrillator,SoloSupplier Inc.,UK
2498,5,750,2024-09-06,City Hospital,Rivers,Ventilator,ExclusiveTech Ltd.,Germany
2499,10,400,2024-09-11,Metro Medical Center,Abuja,Surgical Table,HealthEquip Ltd.,UK
2500,12,200,2024-09-16,State Hospital,Oyo,MRI Machine,MedTech Co.,USA
2501,10,250,2024-01-15,General Hospital,Lagos,MRI Machine,MedTech Co.,USA
2502,5,200,2024-01-20,City Hospital,Abuja,MRI Machine,HealthEquip Ltd.,UK
2503,20,150,2024-01-25,Central Hospital,Rivers,X-Ray Machine,Radiant Suppliers,China
2504,15,300,2024-01-30,Sunshine Hospital,Lagos,CT Scanner,TechHealth Inc.,Canada
2505,8,500,2024-02-04,Community Hospital,Kaduna,Ultrasound,HealthEquip Ltd.,UK
2506,12,180,2024-02-09,Healing Hands Hospital,Enugu,X-Ray Machine,Radiant Suppliers,China
2507,25,220,2024-02-14,Hope Hospital,Kano,MRI Machine,MedTech Co.,USA
2508,30,320,2024-02-19,Unity Hospital,Lagos,CT Scanner,TechHealth Inc.,Canada
2509,10,550,2024-02-24,Metro Hospital,Abuja,Ultrasound,HealthEquip Ltd.,UK
2510,50,130,2024-02-29,State Hospital,Oyo,X-Ray Machine,Radiant Suppliers,China
2511,20,270,2024-03-05,City Medical Center,Lagos,MRI Machine,MedTech Co.,USA
2512,6,300,2024-03-10,General Hospital,Rivers,CT Scanner,TechHealth Inc.,Canada
2513,15,250,2024-03-15,Central Clinic,Ogun,Ultrasound,HealthEquip Ltd.,UK
2514,4,450,2024-03-20,Healing Touch Hospital,Enugu,MRI Machine,Radiant Suppliers,China
2515,25,180,2024-03-25,Sunshine Medical,Lagos,X-Ray Machine,MedTech Co.,USA
2516,18,600,2024-03-30,Hope Clinic,Kano,CT Scanner,HealthEquip Ltd.,UK
2517,14,150,2024-04-04,Metro Medical Center,Abuja,Ultrasound,TechHealth Inc.,Canada
2518,11,200,2024-04-09,State Medical Center,Oyo,MRI Machine,MedTech Co.,USA
2519,30,400,2024-04-14,General Clinic,Lagos,CT Scanner,HealthEquip Ltd.,UK
2520,10,150,2024-04-19,City Hospital,Rivers,Ultrasound,TechHealth Inc.,Canada
2521,12,350,2024-04-24,Hope Hospital,Abuja,MRI Machine,Radiant Suppliers,China
2522,10,450,2024-04-29,Healing Hands Hospital,Enugu,X-Ray Machine,HealthEquip Ltd.,UK
2523,5,600,2024-05-04,Central Hospital,Kaduna,Ultrasound,MedTech Co.,USA
2524,20,120,2024-05-09,State Hospital,Oyo,X-Ray Machine,Radiant Suppliers,China
2525,15,330,2024-05-14,City Medical Center,Lagos,MRI Machine,TechHealth Inc.,Canada
2526,10,450,2024-05-19,Central Hospital,Rivers,Ultrasound,HealthEquip Ltd.,UK
2527,7,200,2024-05-24,Metro Hospital,Abuja,X-Ray Machine,Radiant Suppliers,China
2528,25,280,2024-05-29,Hope Clinic,Kano,CT Scanner,TechHealth Inc.,Canada
2529,30,400,2024-06-03,Sunshine Hospital,Lagos,MRI Machine,MedTech Co.,USA
2530,15,170,2024-06-08,General Hospital,Enugu,Ultrasound,HealthEquip Ltd.,UK
2531,12,300,2024-06-13,State Medical Center,Oyo,CT Scanner,MedTech Co.,USA
2532,6,400,2024-06-18,Healing Hands Hospital,Rivers,MRI Machine,HealthEquip Ltd.,Canada
2533,8,250,2024-06-23,Metro Medical Center,Abuja,X-Ray Machine,TechHealth Inc.,UK
2534,14,150,2024-06-28,Central Clinic,Kaduna,Ultrasound,MedTech Co.,China
2535,25,220,2024-07-03,Community Hospital,Lagos,MRI Machine,MedTech Co.,USA
2536,18,600,2024-07-08,Sunshine Medical,Kano,CT Scanner,HealthEquip Ltd.,UK
2537,10,150,2024-07-13,Hope Hospital,Enugu,Ultrasound,Radiant Suppliers,China
2538,11,300,2024-07-18,City Medical Center,Oyo,X-Ray Machine,HealthEquip Ltd.,UK
2539,25,320,2024-07-23,State Hospital,Lagos,MRI Machine,Radiant Suppliers,China
2540,12,400,2024-07-28,General Hospital,Kaduna,CT Scanner,HealthEquip Ltd.,UK
2541,30,200,2024-08-02,Healing Touch Hospital,Rivers,X-Ray Machine,Radiant Suppliers,China
2542,15,150,2024-08-07,Metro Hospital,Abuja,Ultrasound,TechHealth Inc.,Canada
2543,20,350,2024-08-12,Central Hospital,Enugu,MRI Machine,MedTech Co.,USA
2544,5,450,2024-08-17,Sunshine Hospital,Lagos,CT Scanner,HealthEquip Ltd.,UK
2545,10,250,2024-08-22,Community Hospital,Abuja,Ultrasound,Radiant Suppliers,China
2546,14,150,2024-08-27,Hope Clinic,Kano,MRI Machine,TechHealth Inc.,Canada
2547,20,300,2024-09-01,Healing Hands Hospital,Lagos,Defibrillator,SoloSupplier Inc.,UK
2548,5,750,2024-09-06,City Hospital,Rivers,Ventilator,ExclusiveTech Ltd.,Germany
2549,10,400,2024-09-11,Metro Medical Center,Abuja,Surgical Table,HealthEquip Ltd.,UK
2550,12,200,2024-09-16,State Hospital,Oyo,MRI Machine,MedTech Co.,USA
2551,10,250,2024-01-15,General Hospital,Lagos,MRI Machine,MedTech Co.,USA
2552,5,200,2024-01-20,City Hospital,Abuja,MRI Machine,HealthEquip Ltd.,UK
2553,20,150,2024-01-25,Central Hospital,Rivers,X-Ray Machine,Radiant Suppliers,China
2554,15,300,2024-01-30,Sunshine Hospital,Lagos,CT Scanner,TechHealth Inc.,Canada
2555,8,500,2024-02-04,Community Hospital,Kaduna,Ultrasound,HealthEquip Ltd.,UK
2556,12,180,2024-02-09,Healing Hands Hospital,Enugu,X-Ray Machine,Radiant Suppliers,China
2557,25,220,2024-02-14,Hope Hospital,Kano,MRI Machine,MedTech Co.,USA
2558,30,320,2024-02-19,Unity Hospital,Lagos,CT Scanner,TechHealth Inc.,Canada
2559,10,550,2024-02-24,Metro Hospital,Abuja,Ultrasound,HealthEquip Ltd.,UK
2560,50,130,2024-02-29,State Hospital,Oyo,X-Ray Machine,Radiant Suppliers,China
2561,20,270,2024-03-05,City Medical Center,Lagos,MRI Machine,MedTech Co.,USA
2562,6,300,2024-03-10,General Hospital,Rivers,CT Scanner,TechHealth Inc.,Canada
2563,15,250,2024-03-15,Central Clinic,Ogun,Ultrasound,HealthEquip Ltd.,UK
2564,4,450,2024-03-20,Healing Touch Hospital,Enugu,MRI Machine,Radiant Suppliers,China
2565,25,180,2024-03-25,Sunshine Medical,Lagos,X-Ray Machine,MedTech Co.,USA
2566,18,600,2024-03-30,Hope Clinic,Kano,CT Scanner,HealthEquip Ltd.,UK
2567,14,150,2024-04-04,Metro Medical Center,Abuja,Ultrasound,TechHealth Inc.,Canada
2568,11,200,2024-04-09,State Medical Center,Oyo,MRI Machine,MedTech Co.,USA
2569,30,400,2024-04-14,General Clinic,Lagos,CT Scanner,HealthEquip Ltd.,UK
2570,10,150,2024-04-19,City Hospital,Rivers,Ultrasound,TechHealth Inc.,Canada
2571,12,350,2024-04-24,Hope Hospital,Abuja,MRI Machine,Radiant Suppliers,China
2572,10,450,2024-04-29,Healing Hands Hospital,Enugu,X-Ray Machine,HealthEquip Ltd.,UK
2573,5,600,2024-05-04,Central Hospital,Kaduna,Ultrasound,MedTech Co.,USA
2574,20,120,2024-05-09,State Hospital,Oyo,X-Ray Machine,Radiant Suppliers,China
2575,15,330,2024-05-14,City Medical Center,Lagos,MRI Machine,TechHealth Inc.,Canada
2576,10,450,2024-05-19,Central Hospital,Rivers,Ultrasound,HealthEquip Ltd.,UK
2577,7,200,2024-05-24,Metro Hospital,Abuja,X-Ray Machine,Radiant Suppliers,China
2578,25,280,2024-05-29,Hope Clinic,Kano,CT Scanner,TechHealth Inc.,Canada
2579,30,400,2024-06-03,Sunshine Hospital,Lagos,MRI Machine,MedTech Co.,USA
2580,15,170,2024-06-08,General Hospital,Enugu,Ultrasound,HealthEquip Ltd.,UK
2581,12,300,2024-06-13,State Medical Center,Oyo,CT Scanner,MedTech Co.,USA
2582,6,400,2024-06-18,Healing Hands Hospital,Rivers,MRI Machine,HealthEquip Ltd.,Canada
2583,8,250,2024-06-23,Metro Medical Center,Abuja,X-Ray Machine,TechHealth Inc.,UK
2584,14,150,2024-06-28,Central Clinic,Kaduna,Ultrasound,MedTech Co.,China
2585,25,220,2024-07-03,Community Hospital,Lagos,MRI Machine,MedTech Co.,USA
2586,18,600,2024-07-08,Sunshine Medical,Kano,CT Scanner,HealthEquip Ltd.,UK
2587,10,150,2024-07-13,Hope Hospital,Enugu,Ultrasound,Radiant Suppliers,China
2588,11,300,2024-07-18,City Medical Center,Oyo,X-Ray Machine,HealthEquip Ltd.,UK
2589,25,320,2024-07-23,State Hospital,Lagos,MRI Machine,Radiant Suppliers,China
2590,12,400,2024-07-28,General Hospital,Kaduna,CT Scanner,HealthEquip Ltd.,UK
2591,30,200,2024-08-02,Healing Touch Hospital,Rivers,X-Ray Machine,Radiant Suppliers,China
2592,15,150,2024-08-07,Metro Hospital,Abuja,Ultrasound,TechHealth Inc.,Canada
2593,20,350,2024-08-12,Central Hospital,Enugu,MRI Machine,MedTech Co.,USA
2594,5,450,2024-08-17,Sunshine Hospital,Lagos,CT Scanner,HealthEquip Ltd.,UK
2595,10,250,2024-08-22,Community Hospital,Abuja,Ultrasound,Radiant Suppliers,China
2596,14,150,2024-08-27,Hope Clinic,Kano,MRI Machine,TechHealth Inc.,Canada
2597,20,300,2024-09-01,Healing Hands Hospital,Lagos,Defibrillator,SoloSupplier Inc.,UK
2598,5,750,2024-09-06,City Hospital,Rivers,Ventilator,ExclusiveTech Ltd.,Germany
2599,10,400,2024-09-11,Metro Medical Center,Abuja,Surgical Table,HealthEquip Ltd.,UK
2600,12,200,2024-09-16,State Hospital,Oyo,MRI Machine,MedTech Co.,USA
2601,10,250,2024-01-15,General Hospital,Lagos,MRI Machine,MedTech Co.,USA
2602,5,200,2024-01-20,City Hospital,Abuja,MRI Machine,HealthEquip Ltd.,UK
2603,20,150,2024-01-25,Central Hospital,Rivers,X-Ray Machine,Radiant Suppliers,China
2604,15,300,2024-01-30,Sunshine Hospital,Lagos,CT Scanner,TechHealth Inc.,Canada
2605,8,500,2024-02-04,Community Hospital,Kaduna,Ultrasound,HealthEquip Ltd.,UK
2606,12,180,2024-02-09,Healing Hands Hospital,Enugu,X-Ray Machine,Radiant Suppliers,China
2607,25,220,2024-02-14,Hope Hospital,Kano,MRI Machine,MedTech Co.,USA
2608,30,320,2024-02-19,Unity Hospital,Lagos,CT Scanner,TechHealth Inc.,Canada
2609,10,550,2024-02-24,Metro Hospital,Abuja,Ultrasound,HealthEquip Ltd.,UK
2610,50,130,2024-02-29,State Hospital,Oyo,X-Ray Machine,Radiant Suppliers,China
2611,20,270,2024-03-05,City Medical Center,Lagos,MRI Machine,MedTech Co.,USA
2612,6,300,2024-03-10,General Hospital,Rivers,CT Scanner,TechHealth Inc.,Canada
2613,15,250,2024-03-15,Central Clinic,Ogun,Ultrasound,HealthEquip Ltd.,UK
2614,4,450,2024-03-20,Healing Touch Hospital,Enugu,MRI Machine,Radiant Suppliers,China
2615,25,180,2024-03-25,Sunshine Medical,Lagos,X-Ray Machine,MedTech Co.,USA
2616,18,600,2024-03-30,Hope Clinic,Kano,CT Scanner,HealthEquip Ltd.,UK
2617,14,150,2024-04-04,Metro Medical Center,Abuja,Ultrasound,TechHealth Inc.,Canada
2618,11,200,2024-04-09,State Medical Center,Oyo,MRI Machine,MedTech Co.,USA
2619,30,400,2024-04-14,General Clinic,Lagos,CT Scanner,HealthEquip Ltd.,UK
2620,10,150,2024-04-19,City Hospital,Rivers,Ultrasound,TechHealth Inc.,Canada
2621,12,350,2024-04-24,Hope Hospital,Abuja,MRI Machine,Radiant Suppliers,China
2622,10,450,2024-04-29,Healing Hands Hospital,Enugu,X-Ray Machine,HealthEquip Ltd.,UK
2623,5,600,2024-05-04,Central Hospital,Kaduna,Ultrasound,MedTech Co.,USA
2624,20,120,2024-05-09,State Hospital,Oyo,X-Ray Machine,Radiant Suppliers,China
2625,15,330,2024-05-14,City Medical Center,Lagos,MRI Machine,TechHealth Inc.,Canada
2626,10,450,2024-05-19,Central Hospital,Rivers,Ultrasound,HealthEquip Ltd.,UK
2627,7,200,2024-05-24,Metro Hospital,Abuja,X-Ray Machine,Radiant Suppliers,China
2628,25,280,2024-05-29,Hope Clinic,Kano,CT Scanner,TechHealth Inc.,Canada
2629,30,400,2024-06-03,Sunshine Hospital,Lagos,MRI Machine,MedTech Co.,USA
2630,15,170,2024-06-08,General Hospital,Enugu,Ultrasound,HealthEquip Ltd.,UK
2631,12,300,2024-06-13,State Medical Center,Oyo,CT Scanner,MedTech Co.,USA
2632,6,400,2024-06-18,Healing Hands Hospital,Rivers,MRI Machine,HealthEquip Ltd.,Canada
2633,8,250,2024-06-23,Metro Medical Center,Abuja,X-Ray Machine,TechHealth Inc.,UK
2634,14,150,2024-06-28,Central Clinic,Kaduna,Ultrasound,MedTech Co.,China
2635,25,220,2024-07-03,Community Hospital,Lagos,MRI Machine,MedTech Co.,USA
2636,18,600,2024-07-08,Sunshine Medical,Kano,CT Scanner,HealthEquip Ltd.,UK
2637,10,150,2024-07-13,Hope Hospital,Enugu,Ultrasound,Radiant Suppliers,China
2638,11,300,2024-07-18,City Medical Center,Oyo,X-Ray Machine,HealthEquip Ltd.,UK
2639,25,320,2024-07-23,State Hospital,Lagos,MRI Machine,Radiant Suppliers,China
2640,12,400,2024-07-28,General Hospital,Kaduna,CT Scanner,HealthEquip Ltd.,UK
2641,30,200,2024-08-02,Healing Touch Hospital,Rivers,X-Ray Machine,Radiant Suppliers,China
2642,15,150,2024-08-07,Metro Hospital,Abuja,Ultrasound,TechHealth Inc.,Canada
2643,20,350,2024-08-12,Central Hospital,Enugu,MRI Machine,MedTech Co.,USA
2644,5,450,2024-08-17,Sunshine Hospital,Lagos,CT Scanner,HealthEquip Ltd.,UK
2645,10,250,2024-08-22,Community Hospital,Abuja,Ultrasound,Radiant Suppliers,China
2646,14,150,2024-08-27,Hope Clinic,Kano,MRI Machine,TechHealth Inc.,Canada
2647,20,300,2024-09-01,Healing Hands Hospital,Lagos,Defibrillator,SoloSupplier Inc.,UK
2648,5,750,2024-09-06,City Hospital,Rivers,Ventilator,ExclusiveTech Ltd.,Germany
2649,10,400,2024-09-11,Metro Medical Center,Abuja,Surgical Table,HealthEquip Ltd.,UK
2650,12,200,2024-09-16,State Hospital,Oyo,MRI Machine,MedTech Co.,USA
2651,10,250,2024-01-15,General Hospital,Lagos,MRI Machine,MedTech Co.,USA
2652,5,200,2024-01-20,City Hospital,Abuja,MRI Machine,HealthEquip Ltd.,UK
2653,20,150,2024-01-25,Central Hospital,Rivers,X-Ray Machine,Radiant Suppliers,China
2654,15,300,2024-01-30,Sunshine Hospital,Lagos,CT Scanner,TechHealth Inc.,Canada
2655,8,500,2024-02-04,Community Hospital,Kaduna,Ultrasound,HealthEquip Ltd.,UK
2656,12,180,2024-02-09,Healing Hands Hospital,Enugu,X-Ray Machine,Radiant Suppliers,China
2657,25,220,2024-02-14,Hope Hospital,Kano,MRI Machine,MedTech Co.,USA
2658,30,320,2024-02-19,Unity Hospital,Lagos,CT Scanner,TechHealth Inc.,Canada
2659,10,550,2024-02-24,Metro Hospital,Abuja,Ultrasound,HealthEquip Ltd.,UK
2660,50,130,2024-02-29,State Hospital,Oyo,X-Ray Machine,Radiant Suppliers,China
2661,20,270,2024-03-05,City Medical Center,Lagos,MRI Machine,MedTech Co.,USA
2662,6,300,2024-03-10,General Hospital,Rivers,CT Scanner,TechHealth Inc.,Canada
2663,15,250,2024-03-15,Central Clinic,Ogun,Ultrasound,HealthEquip Ltd.,UK
2664,4,450,2024-03-20,Healing Touch Hospital,Enugu,MRI Machine,Radiant Suppliers,China
2665,25,180,2024-03-25,Sunshine Medical,Lagos,X-Ray Machine,MedTech Co.,USA
2666,18,600,2024-03-30,Hope Clinic,Kano,CT Scanner,HealthEquip Ltd.,UK
2667,14,150,2024-04-04,Metro Medical Center,Abuja,Ultrasound,TechHealth Inc.,Canada
2668,11,200,2024-04-09,State Medical Center,Oyo,MRI Machine,MedTech Co.,USA
2669,30,400,2024-04-14,General Clinic,Lagos,CT Scanner,HealthEquip Ltd.,UK
2670,10,150,2024-04-19,City Hospital,Rivers,Ultrasound,TechHealth Inc.,Canada
2671,12,350,2024-04-24,Hope Hospital,Abuja,MRI Machine,Radiant Suppliers,China
2672,10,450,2024-04-29,Healing Hands Hospital,Enugu,X-Ray Machine,HealthEquip Ltd.,UK
2673,5,600,2024-05-04,Central Hospital,Kaduna,Ultrasound,MedTech Co.,USA
2674,20,120,2024-05-09,State Hospital,Oyo,X-Ray Machine,Radiant Suppliers,China
2675,15,330,2024-05-14,City Medical Center,Lagos,MRI Machine,TechHealth Inc.,Canada
2676,10,450,2024-05-19,Central Hospital,Rivers,Ultrasound,HealthEquip Ltd.,UK
2677,7,200,2024-05-24,Metro Hospital,Abuja,X-Ray Machine,Radiant Suppliers,China
2678,25,280,2024-05-29,Hope Clinic,Kano,CT Scanner,TechHealth Inc.,Canada
2679,30,400,2024-06-03,Sunshine Hospital,Lagos,MRI Machine,MedTech Co.,USA
2680,15,170,2024-06-08,General Hospital,Enugu,Ultrasound,HealthEquip Ltd.,UK
2681,12,300,2024-06-13,State Medical Center,Oyo,CT Scanner,MedTech Co.,USA
2682,6,400,2024-06-18,Healing Hands Hospital,Rivers,MRI Machine,HealthEquip Ltd.,Canada
2683,8,250,2024-06-23,Metro Medical Center,Abuja,X-Ray Machine,TechHealth Inc.,UK
2684,14,150,2024-06-28,Central Clinic,Kaduna,Ultrasound,MedTech Co.,China
2685,25,220,2024-07-03,Community Hospital,Lagos,MRI Machine,MedTech Co.,USA
2686,18,600,2024-07-08,Sunshine Medical,Kano,CT Scanner,HealthEquip Ltd.,UK
2687,10,150,2024-07-13,Hope Hospital,Enugu,Ultrasound,Radiant Suppliers,China
2688,11,300,2024-07-18,City Medical Center,Oyo,X-Ray Machine,HealthEquip Ltd.,UK
2689,25,320,2024-07-23,State Hospital,Lagos,MRI Machine,Radiant Suppliers,China
2690,12,400,2024-07-28,General Hospital,Kaduna,CT Scanner,HealthEquip Ltd.,UK
2691,30,200,2024-08-02,Healing Touch Hospital,Rivers,X-Ray Machine,Radiant Suppliers,China
2692,15,150,2024-08-07,Metro Hospital,Abuja,Ultrasound,TechHealth Inc.,Canada
2693,20,350,2024-08-12,Central Hospital,Enugu,MRI Machine,MedTech Co.,USA
2694,5,450,2024-08-17,Sunshine Hospital,Lagos,CT Scanner,HealthEquip Ltd.,UK
2695,10,250,2024-08-22,Community Hospital,Abuja,Ultrasound,Radiant Suppliers,China
2696,14,150,2024-08-27,Hope Clinic,Kano,MRI Machine,TechHealth Inc.,Canada
2697,20,300,2024-09-01,Healing Hands Hospital,Lagos,Defibrillator,SoloSupplier Inc.,UK
2698,5,750,2024-09-06,City Hospital,Rivers,Ventilator,ExclusiveTech Ltd.,Germany
2699,10,400,2024-09-11,Metro Medical Center,Abuja,Surgical Table,HealthEquip Ltd.,UK
2700,12,200,2024-09-16,State Hospital,Oyo,MRI Machine,MedTech Co.,USA
2701,10,250,2024-01-15,General Hospital,Lagos,MRI Machine,MedTech Co.,USA
2702,5,200,2024-01-20,City Hospital,Abuja,MRI Machine,HealthEquip Ltd.,UK
2703,20,150,2024-01-25,Central Hospital,Rivers,X-Ray Machine,Radiant Suppliers,China
2704,15,300,2024-01-30,Sunshine Hospital,Lagos,CT Scanner,TechHealth Inc.,Canada
2705,8,500,2024-02-04,Community Hospital,Kaduna,Ultrasound,HealthEquip Ltd.,UK
2706,12,180,2024-02-09,Healing Hands Hospital,Enugu,X-Ray Machine,Radiant Suppliers,China
2707,25,220,2024-02-14,Hope Hospital,Kano,MRI Machine,MedTech Co.,USA
2708,30,320,2024-02-19,Unity Hospital,Lagos,CT Scanner,TechHealth Inc.,Canada
2709,10,550,2024-02-24,Metro Hospital,Abuja,Ultrasound,HealthEquip Ltd.,UK
2710,50,130,2024-02-29,State Hospital,Oyo,X-Ray Machine,Radiant Suppliers,China
2711,20,270,2024-03-05,City Medical Center,Lagos,MRI Machine,MedTech Co.,USA
2712,6,300,2024-03-10,General Hospital,Rivers,CT Scanner,TechHealth Inc.,Canada
2713,15,250,2024-03-15,Central Clinic,Ogun,Ultrasound,HealthEquip Ltd.,UK
2714,4,450,2024-03-20,Healing Touch Hospital,Enugu,MRI Machine,Radiant Suppliers,China
2715,25,180,2024-03-25,Sunshine Medical,Lagos,X-Ray Machine,MedTech Co.,USA
2716,18,600,2024-03-30,Hope Clinic,Kano,CT Scanner,HealthEquip Ltd.,UK
2717,14,150,2024-04-04,Metro Medical Center,Abuja,Ultrasound,TechHealth Inc.,Canada
2718,11,200,2024-04-09,State Medical Center,Oyo,MRI Machine,MedTech Co.,USA
2719,30,400,2024-04-14,General Clinic,Lagos,CT Scanner,HealthEquip Ltd.,UK
2720,10,150,2024-04-19,City Hospital,Rivers,Ultrasound,TechHealth Inc.,Canada
2721,12,350,2024-04-24,Hope Hospital,Abuja,MRI Machine,Radiant Suppliers,China
2722,10,450,2024-04-29,Healing Hands Hospital,Enugu,X-Ray Machine,HealthEquip Ltd.,UK
2723,5,600,2024-05-04,Central Hospital,Kaduna,Ultrasound,MedTech Co.,USA
2724,20,120,2024-05-09,State Hospital,Oyo,X-Ray Machine,Radiant Suppliers,China
2725,15,330,2024-05-14,City Medical Center,Lagos,MRI Machine,TechHealth Inc.,Canada
2726,10,450,2024-05-19,Central Hospital,Rivers,Ultrasound,HealthEquip Ltd.,UK
2727,7,200,2024-05-24,Metro Hospital,Abuja,X-Ray Machine,Radiant Suppliers,China
2728,25,280,2024-05-29,Hope Clinic,Kano,CT Scanner,TechHealth Inc.,Canada
2729,30,400,2024-06-03,Sunshine Hospital,Lagos,MRI Machine,MedTech Co.,USA
2730,15,170,2024-06-08,General Hospital,Enugu,Ultrasound,HealthEquip Ltd.,UK
2731,12,300,2024-06-13,State Medical Center,Oyo,CT Scanner,MedTech Co.,USA
2732,6,400,2024-06-18,Healing Hands Hospital,Rivers,MRI Machine,HealthEquip Ltd.,Canada
2733,8,250,2024-06-23,Metro Medical Center,Abuja,X-Ray Machine,TechHealth Inc.,UK
2734,14,150,2024-06-28,Central Clinic,Kaduna,Ultrasound,MedTech Co.,China
2735,25,220,2024-07-03,Community Hospital,Lagos,MRI Machine,MedTech Co.,USA
2736,18,600,2024-07-08,Sunshine Medical,Kano,CT Scanner,HealthEquip Ltd.,UK
2737,10,150,2024-07-13,Hope Hospital,Enugu,Ultrasound,Radiant Suppliers,China
2738,11,300,2024-07-18,City Medical Center,Oyo,X-Ray Machine,HealthEquip Ltd.,UK
2739,25,320,2024-07-23,State Hospital,Lagos,MRI Machine,Radiant Suppliers,China
2740,12,400,2024-07-28,General Hospital,Kaduna,CT Scanner,HealthEquip Ltd.,UK
2741,30,200,2024-08-02,Healing Touch Hospital,Rivers,X-Ray Machine,Radiant Suppliers,China
2742,15,150,2024-08-07,Metro Hospital,Abuja,Ultrasound,TechHealth Inc.,Canada
2743,20,350,2024-08-12,Central Hospital,Enugu,MRI Machine,MedTech Co.,USA
2744,5,450,2024-08-17,Sunshine Hospital,Lagos,CT Scanner,HealthEquip Ltd.,UK
2745,10,250,2024-08-22,Community Hospital,Abuja,Ultrasound,Radiant Suppliers,China
2746,14,150,2024-08-27,Hope Clinic,Kano,MRI Machine,TechHealth Inc.,Canada
2747,20,300,2024-09-01,Healing Hands Hospital,Lagos,Defibrillator,SoloSupplier Inc.,UK
2748,5,750,2024-09-06,City Hospital,Rivers,Ventilator,ExclusiveTech Ltd.,Germany
2749,10,400,2024-09-11,Metro Medical Center,Abuja,Surgical Table,HealthEquip Ltd.,UK
2750,12,200,2024-09-16,State Hospital,Oyo,MRI Machine,MedTech Co.,USA
2751,10,250,2024-01-15,General Hospital,Lagos,MRI Machine,MedTech Co.,USA
2752,5,200,2024-01-20,City Hospital,Abuja,MRI Machine,HealthEquip Ltd.,UK
2753,20,150,2024-01-25,Central Hospital,Rivers,X-Ray Machine,Radiant Suppliers,China
2754,15,300,2024-01-30,Sunshine Hospital,Lagos,CT Scanner,TechHealth Inc.,Canada
2755,8,500,2024-02-04,Community Hospital,Kaduna,Ultrasound,HealthEquip Ltd.,UK
2756,12,180,2024-02-09,Healing Hands Hospital,Enugu,X-Ray Machine,Radiant Suppliers,China
2757,25,220,2024-02-14,Hope Hospital,Kano,MRI Machine,MedTech Co.,USA
2758,30,320,2024-02-19,Unity Hospital,Lagos,CT Scanner,TechHealth Inc.,Canada
2759,10,550,2024-02-24,Metro Hospital,Abuja,Ultrasound,HealthEquip Ltd.,UK
2760,50,130,2024-02-29,State Hospital,Oyo,X-Ray Machine,Radiant Suppliers,China
2761,20,270,2024-03-05,City Medical Center,Lagos,MRI Machine,MedTech Co.,USA
2762,6,300,2024-03-10,General Hospital,Rivers,CT Scanner,TechHealth Inc.,Canada
2763,15,250,2024-03-15,Central Clinic,Ogun,Ultrasound,HealthEquip Ltd.,UK
2764,4,450,2024-03-20,Healing Touch Hospital,Enugu,MRI Machine,Radiant Suppliers,China
2765,25,180,2024-03-25,Sunshine Medical,Lagos,X-Ray Machine,MedTech Co.,USA
2766,18,600,2024-03-30,Hope Clinic,Kano,CT Scanner,HealthEquip Ltd.,UK
2767,14,150,2024-04-04,Metro Medical Center,Abuja,Ultrasound,TechHealth Inc.,Canada
2768,11,200,2024-04-09,State Medical Center,Oyo,MRI Machine,MedTech Co.,USA
2769,30,400,2024-04-14,General Clinic,Lagos,CT Scanner,HealthEquip Ltd.,UK
2770,10,150,2024-04-19,City Hospital,Rivers,Ultrasound,TechHealth Inc.,Canada
2771,12,350,2024-04-24,Hope Hospital,Abuja,MRI Machine,Radiant Suppliers,China
2772,10,450,2024-04-29,Healing Hands Hospital,Enugu,X-Ray Machine,HealthEquip Ltd.,UK
2773,5,600,2024-05-04,Central Hospital,Kaduna,Ultrasound,MedTech Co.,USA
2774,20,120,2024-05-09,State Hospital,Oyo,X-Ray Machine,Radiant Suppliers,China
2775,15,330,2024-05-14,City Medical Center,Lagos,MRI Machine,TechHealth Inc.,Canada
2776,10,450,2024-05-19,Central Hospital,Rivers,Ultrasound,HealthEquip Ltd.,UK
2777,7,200,2024-05-24,Metro Hospital,Abuja,X-Ray Machine,Radiant Suppliers,China
2778,25,280,2024-05-29,Hope Clinic,Kano,CT Scanner,TechHealth Inc.,Canada
2779,30,400,2024-06-03,Sunshine Hospital,Lagos,MRI Machine,MedTech Co.,USA
2780,15,170,2024-06-08,General Hospital,Enugu,Ultrasound,HealthEquip Ltd.,UK
2781,12,300,2024-06-13,State Medical Center,Oyo,CT Scanner,MedTech Co.,USA
2782,6,400,2024-06-18,Healing Hands Hospital,Rivers,MRI Machine,HealthEquip Ltd.,Canada
2783,8,250,2024-06-23,Metro Medical Center,Abuja,X-Ray Machine,TechHealth Inc.,UK
2784,14,150,2024-06-28,Central Clinic,Kaduna,Ultrasound,MedTech Co.,China
2785,25,220,2024-07-03,Community Hospital,Lagos,MRI Machine,MedTech Co.,USA
2786,18,600,2024-07-08,Sunshine Medical,Kano,CT Scanner,HealthEquip Ltd.,UK
2787,10,150,2024-07-13,Hope Hospital,Enugu,Ultrasound,Radiant Suppliers,China
2788,11,300,2024-07-18,City Medical Center,Oyo,X-Ray Machine,HealthEquip Ltd.,UK
2789,25,320,2024-07-23,State Hospital,Lagos,MRI Machine,Radiant Suppliers,China
2790,12,400,2024-07-28,General Hospital,Kaduna,CT Scanner,HealthEquip Ltd.,UK
2791,30,200,2024-08-02,Healing Touch Hospital,Rivers,X-Ray Machine,Radiant Suppliers,China
2792,15,150,2024-08-07,Metro Hospital,Abuja,Ultrasound,TechHealth Inc.,Canada
2793,20,350,2024-08-12,Central Hospital,Enugu,MRI Machine,MedTech Co.,USA
2794,5,450,2024-08-17,Sunshine Hospital,Lagos,CT Scanner,HealthEquip Ltd.,UK
2795,10,250,2024-08-22,Community Hospital,Abuja,Ultrasound,Radiant Suppliers,China
2796,14,150,2024-08-27,Hope Clinic,Kano,MRI Machine,TechHealth Inc.,Canada
2797,20,300,2024-09-01,Healing Hands Hospital,Lagos,Defibrillator,SoloSupplier Inc.,UK
2798,5,750,2024-09-06,City Hospital,Rivers,Ventilator,ExclusiveTech Ltd.,Germany
2799,10,400,2024-09-11,Metro Medical Center,Abuja,Surgical Table,HealthEquip Ltd.,UK
2800,12,200,2024-09-16,State Hospital,Oyo,MRI Machine,MedTech Co.,USA
2801,10,250,2024-01-15,General Hospital,Lagos,MRI Machine,MedTech Co.,USA
2802,5,200,2024-01-20,City Hospital,Abuja,MRI Machine,HealthEquip Ltd.,UK
2803,20,150,2024-01-25,Central Hospital,Rivers,X-Ray Machine,Radiant Suppliers,China
2804,15,300,2024-01-30,Sunshine Hospital,Lagos,CT Scanner,TechHealth Inc.,Canada
2805,8,500,2024-02-04,Community Hospital,Kaduna,Ultrasound,HealthEquip Ltd.,UK
2806,12,180,2024-02-09,Healing Hands Hospital,Enugu,X-Ray Machine,Radiant Suppliers,China
2807,25,220,2024-02-14,Hope Hospital,Kano,MRI Machine,MedTech Co.,USA
2808,30,320,2024-02-19,Unity Hospital,Lagos,CT Scanner,TechHealth Inc.,Canada
2809,10,550,2024-02-24,Metro Hospital,Abuja,Ultrasound,HealthEquip Ltd.,UK
2810,50,130,2024-02-29,State Hospital,Oyo,X-Ray Machine,Radiant Suppliers,China
2811,20,270,2024-03-05,City Medical Center,Lagos,MRI Machine,MedTech Co.,USA
2812,6,300,2024-03-10,General Hospital,Rivers,CT Scanner,TechHealth Inc.,Canada
2813,15,250,2024-03-15,Central Clinic,Ogun,Ultrasound,HealthEquip Ltd.,UK
2814,4,450,2024-03-20,Healing Touch Hospital,Enugu,MRI Machine,Radiant Suppliers,China
2815,25,180,2024-03-25,Sunshine Medical,Lagos,X-Ray Machine,MedTech Co.,USA
2816,18,600,2024-03-30,Hope Clinic,Kano,CT Scanner,HealthEquip Ltd.,UK
2817,14,150,2024-04-04,Metro Medical Center,Abuja,Ultrasound,TechHealth Inc.,Canada
2818,11,200,2024-04-09,State Medical Center,Oyo,MRI Machine,MedTech Co.,USA
2819,30,400,2024-04-14,General Clinic,Lagos,CT Scanner,HealthEquip Ltd.,UK
2820,10,150,2024-04-19,City Hospital,Rivers,Ultrasound,TechHealth Inc.,Canada
2821,12,350,2024-04-24,Hope Hospital,Abuja,MRI Machine,Radiant Suppliers,China
2822,10,450,2024-04-29,Healing Hands Hospital,Enugu,X-Ray Machine,HealthEquip Ltd.,UK
2823,5,600,2024-05-04,Central Hospital,Kaduna,Ultrasound,MedTech Co.,USA
2824,20,120,2024-05-09,State Hospital,Oyo,X-Ray Machine,Radiant Suppliers,China
2825,15,330,2024-05-14,City Medical Center,Lagos,MRI Machine,TechHealth Inc.,Canada
2826,10,450,2024-05-19,Central Hospital,Rivers,Ultrasound,HealthEquip Ltd.,UK
2827,7,200,2024-05-24,Metro Hospital,Abuja,X-Ray Machine,Radiant Suppliers,China
2828,25,280,2024-05-29,Hope Clinic,Kano,CT Scanner,TechHealth Inc.,Canada
2829,30,400,2024-06-03,Sunshine Hospital,Lagos,MRI Machine,MedTech Co.,USA
2830,15,170,2024-06-08,General Hospital,Enugu,Ultrasound,HealthEquip Ltd.,UK
2831,12,300,2024-06-13,State Medical Center,Oyo,CT Scanner,MedTech Co.,USA
2832,6,400,2024-06-18,Healing Hands Hospital,Rivers,MRI Machine,HealthEquip Ltd.,Canada
2833,8,250,2024-06-23,Metro Medical Center,Abuja,X-Ray Machine,TechHealth Inc.,UK
2834,14,150,2024-06-28,Central Clinic,Kaduna,Ultrasound,MedTech Co.,China
2835,25,220,2024-07-03,Community Hospital,Lagos,MRI Machine,MedTech Co.,USA
2836,18,600,2024-07-08,Sunshine Medical,Kano,CT Scanner,HealthEquip Ltd.,UK
2837,10,150,2024-07-13,Hope Hospital,Enugu,Ultrasound,Radiant Suppliers,China
2838,11,300,2024-07-18,City Medical Center,Oyo,X-Ray Machine,HealthEquip Ltd.,UK
2839,25,320,2024-07-23,State Hospital,Lagos,MRI Machine,Radiant Suppliers,China
2840,12,400,2024-07-28,General Hospital,Kaduna,CT Scanner,HealthEquip Ltd.,UK
2841,30,200,2024-08-02,Healing Touch Hospital,Rivers,X-Ray Machine,Radiant Suppliers,China
2842,15,150,2024-08-07,Metro Hospital,Abuja,Ultrasound,TechHealth Inc.,Canada
2843,20,350,2024-08-12,Central Hospital,Enugu,MRI Machine,MedTech Co.,USA
2844,5,450,2024-08-17,Sunshine Hospital,Lagos,CT Scanner,HealthEquip Ltd.,UK
2845,10,250,2024-08-22,Community Hospital,Abuja,Ultrasound,Radiant Suppliers,China
2846,14,150,2024-08-27,Hope Clinic,Kano,MRI Machine,TechHealth Inc.,Canada
2847,20,300,2024-09-01,Healing Hands Hospital,Lagos,Defibrillator,SoloSupplier Inc.,UK
2848,5,750,2024-09-06,City Hospital,Rivers,Ventilator,ExclusiveTech Ltd.,Germany
2849,10,400,2024-09-11,Metro Medical Center,Abuja,Surgical Table,HealthEquip Ltd.,UK
2850,12,200,2024-09-16,State Hospital,Oyo,MRI Machine,MedTech Co.,USA
2851,10,250,2024-01-15,General Hospital,Lagos,MRI Machine,MedTech Co.,USA
2852,5,200,2024-01-20,City Hospital,Abuja,MRI Machine,HealthEquip Ltd.,UK
2853,20,150,2024-01-25,Central Hospital,Rivers,X-Ray Machine,Radiant Suppliers,China
2854,15,300,2024-01-30,Sunshine Hospital,Lagos,CT Scanner,TechHealth Inc.,Canada
2855,8,500,2024-02-04,Community Hospital,Kaduna,Ultrasound,HealthEquip Ltd.,UK
2856,12,180,2024-02-09,Healing Hands Hospital,Enugu,X-Ray Machine,Radiant Suppliers,China
2857,25,220,2024-02-14,Hope Hospital,Kano,MRI Machine,MedTech Co.,USA
2858,30,320,2024-02-19,Unity Hospital,Lagos,CT Scanner,TechHealth Inc.,Canada
2859,10,550,2024-02-24,Metro Hospital,Abuja,Ultrasound,HealthEquip Ltd.,UK
2860,50,130,2024-02-29,State Hospital,Oyo,X-Ray Machine,Radiant Suppliers,China
2861,20,270,2024-03-05,City Medical Center,Lagos,MRI Machine,MedTech Co.,USA
2862,6,300,2024-03-10,General Hospital,Rivers,CT Scanner,TechHealth Inc.,Canada
2863,15,250,2024-03-15,Central Clinic,Ogun,Ultrasound,HealthEquip Ltd.,UK
2864,4,450,2024-03-20,Healing Touch Hospital,Enugu,MRI Machine,Radiant Suppliers,China
2865,25,180,2024-03-25,Sunshine Medical,Lagos,X-Ray Machine,MedTech Co.,USA
2866,18,600,2024-03-30,Hope Clinic,Kano,CT Scanner,HealthEquip Ltd.,UK
2867,14,150,2024-04-04,Metro Medical Center,Abuja,Ultrasound,TechHealth Inc.,Canada
2868,11,200,2024-04-09,State Medical Center,Oyo,MRI Machine,MedTech Co.,USA
2869,30,400,2024-04-14,General Clinic,Lagos,CT Scanner,HealthEquip Ltd.,UK
2870,10,150,2024-04-19,City Hospital,Rivers,Ultrasound,TechHealth Inc.,Canada
2871,12,350,2024-04-24,Hope Hospital,Abuja,MRI Machine,Radiant Suppliers,China
2872,10,450,2024-04-29,Healing Hands Hospital,Enugu,X-Ray Machine,HealthEquip Ltd.,UK
2873,5,600,2024-05-04,Central Hospital,Kaduna,Ultrasound,MedTech Co.,USA
2874,20,120,2024-05-09,State Hospital,Oyo,X-Ray Machine,Radiant Suppliers,China
2875,15,330,2024-05-14,City Medical Center,Lagos,MRI Machine,TechHealth Inc.,Canada
2876,10,450,2024-05-19,Central Hospital,Rivers,Ultrasound,HealthEquip Ltd.,UK
2877,7,200,2024-05-24,Metro Hospital,Abuja,X-Ray Machine,Radiant Suppliers,China
2878,25,280,2024-05-29,Hope Clinic,Kano,CT Scanner,TechHealth Inc.,Canada
2879,30,400,2024-06-03,Sunshine Hospital,Lagos,MRI Machine,MedTech Co.,USA
2880,15,170,2024-06-08,General Hospital,Enugu,Ultrasound,HealthEquip Ltd.,UK
2881,12,300,2024-06-13,State Medical Center,Oyo,CT Scanner,MedTech Co.,USA
2882,6,400,2024-06-18,Healing Hands Hospital,Rivers,MRI Machine,HealthEquip Ltd.,Canada
2883,8,250,2024-06-23,Metro Medical Center,Abuja,X-Ray Machine,TechHealth Inc.,UK
2884,14,150,2024-06-28,Central Clinic,Kaduna,Ultrasound,MedTech Co.,China
2885,25,220,2024-07-03,Community Hospital,Lagos,MRI Machine,MedTech Co.,USA
2886,18,600,2024-07-08,Sunshine Medical,Kano,CT Scanner,HealthEquip Ltd.,UK
2887,10,150,2024-07-13,Hope Hospital,Enugu,Ultrasound,Radiant Suppliers,China
2888,11,300,2024-07-18,City Medical Center,Oyo,X-Ray Machine,HealthEquip Ltd.,UK
2889,25,320,2024-07-23,State Hospital,Lagos,MRI Machine,Radiant Suppliers,China
2890,12,400,2024-07-28,General Hospital,Kaduna,CT Scanner,HealthEquip Ltd.,UK
2891,30,200,2024-08-02,Healing Touch Hospital,Rivers,X-Ray Machine,Radiant Suppliers,China
2892,15,150,2024-08-07,Metro Hospital,Abuja,Ultrasound,TechHealth Inc.,Canada
2893,20,350,2024-08-12,Central Hospital,Enugu,MRI Machine,MedTech Co.,USA
2894,5,450,2024-08-17,Sunshine Hospital,Lagos,CT Scanner,HealthEquip Ltd.,UK
2895,10,250,2024-08-22,Community Hospital,Abuja,Ultrasound,Radiant Suppliers,China
2896,14,150,2024-08-27,Hope Clinic,Kano,MRI Machine,TechHealth Inc.,Canada
2897,20,300,2024-09-01,Healing Hands Hospital,Lagos,Defibrillator,SoloSupplier Inc.,UK
2898,5,750,2024-09-06,City Hospital,Rivers,Ventilator,ExclusiveTech Ltd.,Germany
2899,10,400,2024-09-11,Metro Medical Center,Abuja,Surgical Table,HealthEquip Ltd.,UK
2900,12,200,2024-09-16,State Hospital,Oyo,MRI Machine,MedTech Co.,USA
2901,10,250,2024-01-15,General Hospital,Lagos,MRI Machine,MedTech Co.,USA
2902,5,200,2024-01-20,City Hospital,Abuja,MRI Machine,HealthEquip Ltd.,UK
2903,20,150,2024-01-25,Central Hospital,Rivers,X-Ray Machine,Radiant Suppliers,China
2904,15,300,2024-01-30,Sunshine Hospital,Lagos,CT Scanner,TechHealth Inc.,Canada
2905,8,500,2024-02-04,Community Hospital,Kaduna,Ultrasound,HealthEquip Ltd.,UK
2906,12,180,2024-02-09,Healing Hands Hospital,Enugu,X-Ray Machine,Radiant Suppliers,China
2907,25,220,2024-02-14,Hope Hospital,Kano,MRI Machine,MedTech Co.,USA
2908,30,320,2024-02-19,Unity Hospital,Lagos,CT Scanner,TechHealth Inc.,Canada
2909,10,550,2024-02-24,Metro Hospital,Abuja,Ultrasound,HealthEquip Ltd.,UK
2910,50,130,2024-02-29,State Hospital,Oyo,X-Ray Machine,Radiant Suppliers,China
2911,20,270,2024-03-05,City Medical Center,Lagos,MRI Machine,MedTech Co.,USA
2912,6,300,2024-03-10,General Hospital,Rivers,CT Scanner,TechHealth Inc.,Canada
2913,15,250,2024-03-15,Central Clinic,Ogun,Ultrasound,HealthEquip Ltd.,UK
2914,4,450,2024-03-20,Healing Touch Hospital,Enugu,MRI Machine,Radiant Suppliers,China
2915,25,180,2024-03-25,Sunshine Medical,Lagos,X-Ray Machine,MedTech Co.,USA
2916,18,600,2024-03-30,Hope Clinic,Kano,CT Scanner,HealthEquip Ltd.,UK
2917,14,150,2024-04-04,Metro Medical Center,Abuja,Ultrasound,TechHealth Inc.,Canada
2918,11,200,2024-04-09,State Medical Center,Oyo,MRI Machine,MedTech Co.,USA
2919,30,400,2024-04-14,General Clinic,Lagos,CT Scanner,HealthEquip Ltd.,UK
2920,10,150,2024-04-19,City Hospital,Rivers,Ultrasound,TechHealth Inc.,Canada
2921,12,350,2024-04-24,Hope Hospital,Abuja,MRI Machine,Radiant Suppliers,China
2922,10,450,2024-04-29,Healing Hands Hospital,Enugu,X-Ray Machine,HealthEquip Ltd.,UK
2923,5,600,2024-05-04,Central Hospital,Kaduna,Ultrasound,MedTech Co.,USA
2924,20,120,2024-05-09,State Hospital,Oyo,X-Ray Machine,Radiant Suppliers,China
2925,15,330,2024-05-14,City Medical Center,Lagos,MRI Machine,TechHealth Inc.,Canada
2926,10,450,2024-05-19,Central Hospital,Rivers,Ultrasound,HealthEquip Ltd.,UK
2927,7,200,2024-05-24,Metro Hospital,Abuja,X-Ray Machine,Radiant Suppliers,China
2928,25,280,2024-05-29,Hope Clinic,Kano,CT Scanner,TechHealth Inc.,Canada
2929,30,400,2024-06-03,Sunshine Hospital,Lagos,MRI Machine,MedTech Co.,USA
2930,15,170,2024-06-08,General Hospital,Enugu,Ultrasound,HealthEquip Ltd.,UK
2931,12,300,2024-06-13,State Medical Center,Oyo,CT Scanner,MedTech Co.,USA
2932,6,400,2024-06-18,Healing Hands Hospital,Rivers,MRI Machine,HealthEquip Ltd.,Canada
2933,8,250,2024-06-23,Metro Medical Center,Abuja,X-Ray Machine,TechHealth Inc.,UK
2934,14,150,2024-06-28,Central Clinic,Kaduna,Ultrasound,MedTech Co.,China
2935,25,220,2024-07-03,Community Hospital,Lagos,MRI Machine,MedTech Co.,USA
2936,18,600,2024-07-08,Sunshine Medical,Kano,CT Scanner,HealthEquip Ltd.,UK
2937,10,150,2024-07-13,Hope Hospital,Enugu,Ultrasound,Radiant Suppliers,China
2938,11,300,2024-07-18,City Medical Center,Oyo,X-Ray Machine,HealthEquip Ltd.,UK
2939,25,320,2024-07-23,State Hospital,Lagos,MRI Machine,Radiant Suppliers,China
2940,12,400,2024-07-28,General Hospital,Kaduna,CT Scanner,HealthEquip Ltd.,UK
2941,30,200,2024-08-02,Healing Touch Hospital,Rivers,X-Ray Machine,Radiant Suppliers,China
2942,15,150,2024-08-07,Metro Hospital,Abuja,Ultrasound,TechHealth Inc.,Canada
2943,20,350,2024-08-12,Central Hospital,Enugu,MRI Machine,MedTech Co.,USA
2944,5,450,2024-08-17,Sunshine Hospital,Lagos,CT Scanner,HealthEquip Ltd.,UK
2945,10,250,2024-08-22,Community Hospital,Abuja,Ultrasound,Radiant Suppliers,China
2946,14,150,2024-08-27,Hope Clinic,Kano,MRI Machine,TechHealth Inc.,Canada
2947,20,300,2024-09-01,Healing Hands Hospital,Lagos,Defibrillator,SoloSupplier Inc.,UK
2948,5,750,2024-09-06,City Hospital,Rivers,Ventilator,ExclusiveTech Ltd.,Germany
2949,10,400,2024-09-11,Metro Medical Center,Abuja,Surgical Table,HealthEquip Ltd.,UK
2950,12,200,2024-09-16,State Hospital,Oyo,MRI Machine,MedTech Co.,USA
2951,10,250,2024-01-15,General Hospital,Lagos,MRI Machine,MedTech Co.,USA
2952,5,200,2024-01-20,City Hospital,Abuja,MRI Machine,HealthEquip Ltd.,UK
2953,20,150,2024-01-25,Central Hospital,Rivers,X-Ray Machine,Radiant Suppliers,China
2954,15,300,2024-01-30,Sunshine Hospital,Lagos,CT Scanner,TechHealth Inc.,Canada
2955,8,500,2024-02-04,Community Hospital,Kaduna,Ultrasound,HealthEquip Ltd.,UK
2956,12,180,2024-02-09,Healing Hands Hospital,Enugu,X-Ray Machine,Radiant Suppliers,China
2957,25,220,2024-02-14,Hope Hospital,Kano,MRI Machine,MedTech Co.,USA
2958,30,320,2024-02-19,Unity Hospital,Lagos,CT Scanner,TechHealth Inc.,Canada
2959,10,550,2024-02-24,Metro Hospital,Abuja,Ultrasound,HealthEquip Ltd.,UK
2960,50,130,2024-02-29,State Hospital,Oyo,X-Ray Machine,Radiant Suppliers,China
2961,20,270,2024-03-05,City Medical Center,Lagos,MRI Machine,MedTech Co.,USA
2962,6,300,2024-03-10,General Hospital,Rivers,CT Scanner,TechHealth Inc.,Canada
2963,15,250,2024-03-15,Central Clinic,Ogun,Ultrasound,HealthEquip Ltd.,UK
2964,4,450,2024-03-20,Healing Touch Hospital,Enugu,MRI Machine,Radiant Suppliers,China
2965,25,180,2024-03-25,Sunshine Medical,Lagos,X-Ray Machine,MedTech Co.,USA
2966,18,600,2024-03-30,Hope Clinic,Kano,CT Scanner,HealthEquip Ltd.,UK
2967,14,150,2024-04-04,Metro Medical Center,Abuja,Ultrasound,TechHealth Inc.,Canada
2968,11,200,2024-04-09,State Medical Center,Oyo,MRI Machine,MedTech Co.,USA
2969,30,400,2024-04-14,General Clinic,Lagos,CT Scanner,HealthEquip Ltd.,UK
2970,10,150,2024-04-19,City Hospital,Rivers,Ultrasound,TechHealth Inc.,Canada
2971,12,350,2024-04-24,Hope Hospital,Abuja,MRI Machine,Radiant Suppliers,China
2972,10,450,2024-04-29,Healing Hands Hospital,Enugu,X-Ray Machine,HealthEquip Ltd.,UK
2973,5,600,2024-05-04,Central Hospital,Kaduna,Ultrasound,MedTech Co.,USA
2974,20,120,2024-05-09,State Hospital,Oyo,X-Ray Machine,Radiant Suppliers,China
2975,15,330,2024-05-14,City Medical Center,Lagos,MRI Machine,TechHealth Inc.,Canada
2976,10,450,2024-05-19,Central Hospital,Rivers,Ultrasound,HealthEquip Ltd.,UK
2977,7,200,2024-05-24,Metro Hospital,Abuja,X-Ray Machine,Radiant Suppliers,China
2978,25,280,2024-05-29,Hope Clinic,Kano,CT Scanner,TechHealth Inc.,Canada
2979,30,400,2024-06-03,Sunshine Hospital,Lagos,MRI Machine,MedTech Co.,USA
2980,15,170,2024-06-08,General Hospital,Enugu,Ultrasound,HealthEquip Ltd.,UK
2981,12,300,2024-06-13,State Medical Center,Oyo,CT Scanner,MedTech Co.,USA
2982,6,400,2024-06-18,Healing Hands Hospital,Rivers,MRI Machine,HealthEquip Ltd.,Canada
2983,8,250,2024-06-23,Metro Medical Center,Abuja,X-Ray Machine,TechHealth Inc.,UK
2984,14,150,2024-06-28,Central Clinic,Kaduna,Ultrasound,MedTech Co.,China
2985,25,220,2024-07-03,Community Hospital,Lagos,MRI Machine,MedTech Co.,USA
2986,18,600,2024-07-08,Sunshine Medical,Kano,CT Scanner,HealthEquip Ltd.,UK
2987,10,150,2024-07-13,Hope Hospital,Enugu,Ultrasound,Radiant Suppliers,China
2988,11,300,2024-07-18,City Medical Center,Oyo,X-Ray Machine,HealthEquip Ltd.,UK
2989,25,320,2024-07-23,State Hospital,Lagos,MRI Machine,Radiant Suppliers,China
2990,12,400,2024-07-28,General Hospital,Kaduna,CT Scanner,HealthEquip Ltd.,UK
2991,30,200,2024-08-02,Healing Touch Hospital,Rivers,X-Ray Machine,Radiant Suppliers,China
2992,15,150,2024-08-07,Metro Hospital,Abuja,Ultrasound,TechHealth Inc.,Canada
2993,20,350,2024-08-12,Central Hospital,Enugu,MRI Machine,MedTech Co.,USA
2994,5,450,2024-08-17,Sunshine Hospital,Lagos,CT Scanner,HealthEquip Ltd.,UK
2995,10,250,2024-08-22,Community Hospital,Abuja,Ultrasound,Radiant Suppliers,China
2996,14,150,2024-08-27,Hope Clinic,Kano,MRI Machine,TechHealth Inc.,Canada
2997,20,300,2024-09-01,Healing Hands Hospital,Lagos,Defibrillator,SoloSupplier Inc.,UK
2998,5,750,2024-09-06,City Hospital,Rivers,Ventilator,ExclusiveTech Ltd.,Germany
2999,10,400,2024-09-11,Metro Medical Center,Abuja,Surgical Table,HealthEquip Ltd.,UK
3000,12,200,2024-09-16,State Hospital,Oyo,MRI Machine,MedTech Co.,USA
3001,10,250,2024-01-15,General Hospital,Lagos,MRI Machine,MedTech Co.,USA
3002,5,200,2024-01-20,City Hospital,Abuja,MRI Machine,HealthEquip Ltd.,UK
3003,20,150,2024-01-25,Central Hospital,Rivers,X-Ray Machine,Radiant Suppliers,China
3004,15,300,2024-01-30,Sunshine Hospital,Lagos,CT Scanner,TechHealth Inc.,Canada
3005,8,500,2024-02-04,Community Hospital,Kaduna,Ultrasound,HealthEquip Ltd.,UK
3006,12,180,2024-02-09,Healing Hands Hospital,Enugu,X-Ray Machine,Radiant Suppliers,China
3007,25,220,2024-02-14,Hope Hospital,Kano,MRI Machine,MedTech Co.,USA
3008,30,320,2024-02-19,Unity Hospital,Lagos,CT Scanner,TechHealth Inc.,Canada
3009,10,550,2024-02-24,Metro Hospital,Abuja,Ultrasound,HealthEquip Ltd.,UK
3010,50,130,2024-02-29,State Hospital,Oyo,X-Ray Machine,Radiant Suppliers,China
3011,20,270,2024-03-05,City Medical Center,Lagos,MRI Machine,MedTech Co.,USA
3012,6,300,2024-03-10,General Hospital,Rivers,CT Scanner,TechHealth Inc.,Canada
3013,15,250,2024-03-15,Central Clinic,Ogun,Ultrasound,HealthEquip Ltd.,UK
3014,4,450,2024-03-20,Healing Touch Hospital,Enugu,MRI Machine,Radiant Suppliers,China
3015,25,180,2024-03-25,Sunshine Medical,Lagos,X-Ray Machine,MedTech Co.,USA
3016,18,600,2024-03-30,Hope Clinic,Kano,CT Scanner,HealthEquip Ltd.,UK
3017,14,150,2024-04-04,Metro Medical Center,Abuja,Ultrasound,TechHealth Inc.,Canada
3018,11,200,2024-04-09,State Medical Center,Oyo,MRI Machine,MedTech Co.,USA
3019,30,400,2024-04-14,General Clinic,Lagos,CT Scanner,HealthEquip Ltd.,UK
3020,10,150,2024-04-19,City Hospital,Rivers,Ultrasound,TechHealth Inc.,Canada
3021,12,350,2024-04-24,Hope Hospital,Abuja,MRI Machine,Radiant Suppliers,China
3022,10,450,2024-04-29,Healing Hands Hospital,Enugu,X-Ray Machine,HealthEquip Ltd.,UK
3023,5,600,2024-05-04,Central Hospital,Kaduna,Ultrasound,MedTech Co.,USA
3024,20,120,2024-05-09,State Hospital,Oyo,X-Ray Machine,Radiant Suppliers,China
3025,15,330,2024-05-14,City Medical Center,Lagos,MRI Machine,TechHealth Inc.,Canada
3026,10,450,2024-05-19,Central Hospital,Rivers,Ultrasound,HealthEquip Ltd.,UK
3027,7,200,2024-05-24,Metro Hospital,Abuja,X-Ray Machine,Radiant Suppliers,China
3028,25,280,2024-05-29,Hope Clinic,Kano,CT Scanner,TechHealth Inc.,Canada
3029,30,400,2024-06-03,Sunshine Hospital,Lagos,MRI Machine,MedTech Co.,USA
3030,15,170,2024-06-08,General Hospital,Enugu,Ultrasound,HealthEquip Ltd.,UK
3031,12,300,2024-06-13,State Medical Center,Oyo,CT Scanner,MedTech Co.,USA
3032,6,400,2024-06-18,Healing Hands Hospital,Rivers,MRI Machine,HealthEquip Ltd.,Canada
3033,8,250,2024-06-23,Metro Medical Center,Abuja,X-Ray Machine,TechHealth Inc.,UK
3034,14,150,2024-06-28,Central Clinic,Kaduna,Ultrasound,MedTech Co.,China
3035,25,220,2024-07-03,Community Hospital,Lagos,MRI Machine,MedTech Co.,USA
3036,18,600,2024-07-08,Sunshine Medical,Kano,CT Scanner,HealthEquip Ltd.,UK
3037,10,150,2024-07-13,Hope Hospital,Enugu,Ultrasound,Radiant Suppliers,China
3038,11,300,2024-07-18,City Medical Center,Oyo,X-Ray Machine,HealthEquip Ltd.,UK
3039,25,320,2024-07-23,State Hospital,Lagos,MRI Machine,Radiant Suppliers,China
3040,12,400,2024-07-28,General Hospital,Kaduna,CT Scanner,HealthEquip Ltd.,UK
3041,30,200,2024-08-02,Healing Touch Hospital,Rivers,X-Ray Machine,Radiant Suppliers,China
3042,15,150,2024-08-07,Metro Hospital,Abuja,Ultrasound,TechHealth Inc.,Canada
3043,20,350,2024-08-12,Central Hospital,Enugu,MRI Machine,MedTech Co.,USA
3044,5,450,2024-08-17,Sunshine Hospital,Lagos,CT Scanner,HealthEquip Ltd.,UK
3045,10,250,2024-08-22,Community Hospital,Abuja,Ultrasound,Radiant Suppliers,China
3046,14,150,2024-08-27,Hope Clinic,Kano,MRI Machine,TechHealth Inc.,Canada
3047,20,300,2024-09-01,Healing Hands Hospital,Lagos,Defibrillator,SoloSupplier Inc.,UK
3048,5,750,2024-09-06,City Hospital,Rivers,Ventilator,ExclusiveTech Ltd.,Germany
3049,10,400,2024-09-11,Metro Medical Center,Abuja,Surgical Table,HealthEquip Ltd.,UK
3050,12,200,2024-09-16,State Hospital,Oyo,MRI Machine,MedTech Co.,USA
3051,10,250,2024-01-15,General Hospital,Lagos,MRI Machine,MedTech Co.,USA
3052,5,200,2024-01-20,City Hospital,Abuja,MRI Machine,HealthEquip Ltd.,UK
3053,20,150,2024-01-25,Central Hospital,Rivers,X-Ray Machine,Radiant Suppliers,China
3054,15,300,2024-01-30,Sunshine Hospital,Lagos,CT Scanner,TechHealth Inc.,Canada
3055,8,500,2024-02-04,Community Hospital,Kaduna,Ultrasound,HealthEquip Ltd.,UK
3056,12,180,2024-02-09,Healing Hands Hospital,Enugu,X-Ray Machine,Radiant Suppliers,China
3057,25,220,2024-02-14,Hope Hospital,Kano,MRI Machine,MedTech Co.,USA
3058,30,320,2024-02-19,Unity Hospital,Lagos,CT Scanner,TechHealth Inc.,Canada
3059,10,550,2024-02-24,Metro Hospital,Abuja,Ultrasound,HealthEquip Ltd.,UK
3060,50,130,2024-02-29,State Hospital,Oyo,X-Ray Machine,Radiant Suppliers,China
3061,20,270,2024-03-05,City Medical Center,Lagos,MRI Machine,MedTech Co.,USA
3062,6,300,2024-03-10,General Hospital,Rivers,CT Scanner,TechHealth Inc.,Canada
3063,15,250,2024-03-15,Central Clinic,Ogun,Ultrasound,HealthEquip Ltd.,UK
3064,4,450,2024-03-20,Healing Touch Hospital,Enugu,MRI Machine,Radiant Suppliers,China
3065,25,180,2024-03-25,Sunshine Medical,Lagos,X-Ray Machine,MedTech Co.,USA
3066,18,600,2024-03-30,Hope Clinic,Kano,CT Scanner,HealthEquip Ltd.,UK
3067,14,150,2024-04-04,Metro Medical Center,Abuja,Ultrasound,TechHealth Inc.,Canada
3068,11,200,2024-04-09,State Medical Center,Oyo,MRI Machine,MedTech Co.,USA
3069,30,400,2024-04-14,General Clinic,Lagos,CT Scanner,HealthEquip Ltd.,UK
3070,10,150,2024-04-19,City Hospital,Rivers,Ultrasound,TechHealth Inc.,Canada
3071,12,350,2024-04-24,Hope Hospital,Abuja,MRI Machine,Radiant Suppliers,China
3072,10,450,2024-04-29,Healing Hands Hospital,Enugu,X-Ray Machine,HealthEquip Ltd.,UK
3073,5,600,2024-05-04,Central Hospital,Kaduna,Ultrasound,MedTech Co.,USA
3074,20,120,2024-05-09,State Hospital,Oyo,X-Ray Machine,Radiant Suppliers,China
3075,15,330,2024-05-14,City Medical Center,Lagos,MRI Machine,TechHealth Inc.,Canada
3076,10,450,2024-05-19,Central Hospital,Rivers,Ultrasound,HealthEquip Ltd.,UK
3077,7,200,2024-05-24,Metro Hospital,Abuja,X-Ray Machine,Radiant Suppliers,China
3078,25,280,2024-05-29,Hope Clinic,Kano,CT Scanner,TechHealth Inc.,Canada
3079,30,400,2024-06-03,Sunshine Hospital,Lagos,MRI Machine,MedTech Co.,USA
3080,15,170,2024-06-08,General Hospital,Enugu,Ultrasound,HealthEquip Ltd.,UK
3081,12,300,2024-06-13,State Medical Center,Oyo,CT Scanner,MedTech Co.,USA
3082,6,400,2024-06-18,Healing Hands Hospital,Rivers,MRI Machine,HealthEquip Ltd.,Canada
3083,8,250,2024-06-23,Metro Medical Center,Abuja,X-Ray Machine,TechHealth Inc.,UK
3084,14,150,2024-06-28,Central Clinic,Kaduna,Ultrasound,MedTech Co.,China
3085,25,220,2024-07-03,Community Hospital,Lagos,MRI Machine,MedTech Co.,USA
3086,18,600,2024-07-08,Sunshine Medical,Kano,CT Scanner,HealthEquip Ltd.,UK
3087,10,150,2024-07-13,Hope Hospital,Enugu,Ultrasound,Radiant Suppliers,China
3088,11,300,2024-07-18,City Medical Center,Oyo,X-Ray Machine,HealthEquip Ltd.,UK
3089,25,320,2024-07-23,State Hospital,Lagos,MRI Machine,Radiant Suppliers,China
3090,12,400,2024-07-28,General Hospital,Kaduna,CT Scanner,HealthEquip Ltd.,UK
3091,30,200,2024-08-02,Healing Touch Hospital,Rivers,X-Ray Machine,Radiant Suppliers,China
3092,15,150,2024-08-07,Metro Hospital,Abuja,Ultrasound,TechHealth Inc.,Canada
3093,20,350,2024-08-12,Central Hospital,Enugu,MRI Machine,MedTech Co.,USA
3094,5,450,2024-08-17,Sunshine Hospital,Lagos,CT Scanner,HealthEquip Ltd.,UK
3095,10,250,2024-08-22,Community Hospital,Abuja,Ultrasound,Radiant Suppliers,China
3096,14,150,2024-08-27,Hope Clinic,Kano,MRI Machine,TechHealth Inc.,Canada
3097,20,300,2024-09-01,Healing Hands Hospital,Lagos,Defibrillator,SoloSupplier Inc.,UK
3098,5,750,2024-09-06,City Hospital,Rivers,Ventilator,ExclusiveTech Ltd.,Germany
3099,10,400,2024-09-11,Metro Medical Center,Abuja,Surgical Table,HealthEquip Ltd.,UK
3100,12,200,2024-09-16,State Hospital,Oyo,MRI Machine,MedTech Co.,USA
3101,10,250,2024-01-15,General Hospital,Lagos,MRI Machine,MedTech Co.,USA
3102,5,200,2024-01-20,City Hospital,Abuja,MRI Machine,HealthEquip Ltd.,UK
3103,20,150,2024-01-25,Central Hospital,Rivers,X-Ray Machine,Radiant Suppliers,China
3104,15,300,2024-01-30,Sunshine Hospital,Lagos,CT Scanner,TechHealth Inc.,Canada
3105,8,500,2024-02-04,Community Hospital,Kaduna,Ultrasound,HealthEquip Ltd.,UK
3106,12,180,2024-02-09,Healing Hands Hospital,Enugu,X-Ray Machine,Radiant Suppliers,China
3107,25,220,2024-02-14,Hope Hospital,Kano,MRI Machine,MedTech Co.,USA
3108,30,320,2024-02-19,Unity Hospital,Lagos,CT Scanner,TechHealth Inc.,Canada
3109,10,550,2024-02-24,Metro Hospital,Abuja,Ultrasound,HealthEquip Ltd.,UK
3110,50,130,2024-02-29,State Hospital,Oyo,X-Ray Machine,Radiant Suppliers,China
3111,20,270,2024-03-05,City Medical Center,Lagos,MRI Machine,MedTech Co.,USA
3112,6,300,2024-03-10,General Hospital,Rivers,CT Scanner,TechHealth Inc.,Canada
3113,15,250,2024-03-15,Central Clinic,Ogun,Ultrasound,HealthEquip Ltd.,UK
3114,4,450,2024-03-20,Healing Touch Hospital,Enugu,MRI Machine,Radiant Suppliers,China
3115,25,180,2024-03-25,Sunshine Medical,Lagos,X-Ray Machine,MedTech Co.,USA
3116,18,600,2024-03-30,Hope Clinic,Kano,CT Scanner,HealthEquip Ltd.,UK
3117,14,150,2024-04-04,Metro Medical Center,Abuja,Ultrasound,TechHealth Inc.,Canada
3118,11,200,2024-04-09,State Medical Center,Oyo,MRI Machine,MedTech Co.,USA
3119,30,400,2024-04-14,General Clinic,Lagos,CT Scanner,HealthEquip Ltd.,UK
3120,10,150,2024-04-19,City Hospital,Rivers,Ultrasound,TechHealth Inc.,Canada
3121,12,350,2024-04-24,Hope Hospital,Abuja,MRI Machine,Radiant Suppliers,China
3122,10,450,2024-04-29,Healing Hands Hospital,Enugu,X-Ray Machine,HealthEquip Ltd.,UK
3123,5,600,2024-05-04,Central Hospital,Kaduna,Ultrasound,MedTech Co.,USA
3124,20,120,2024-05-09,State Hospital,Oyo,X-Ray Machine,Radiant Suppliers,China
3125,15,330,2024-05-14,City Medical Center,Lagos,MRI Machine,TechHealth Inc.,Canada
3126,10,450,2024-05-19,Central Hospital,Rivers,Ultrasound,HealthEquip Ltd.,UK
3127,7,200,2024-05-24,Metro Hospital,Abuja,X-Ray Machine,Radiant Suppliers,China
3128,25,280,2024-05-29,Hope Clinic,Kano,CT Scanner,TechHealth Inc.,Canada
3129,30,400,2024-06-03,Sunshine Hospital,Lagos,MRI Machine,MedTech Co.,USA
3130,15,170,2024-06-08,General Hospital,Enugu,Ultrasound,HealthEquip Ltd.,UK
3131,12,300,2024-06-13,State Medical Center,Oyo,CT Scanner,MedTech Co.,USA
3132,6,400,2024-06-18,Healing Hands Hospital,Rivers,MRI Machine,HealthEquip Ltd.,Canada
3133,8,250,2024-06-23,Metro Medical Center,Abuja,X-Ray Machine,TechHealth Inc.,UK
3134,14,150,2024-06-28,Central Clinic,Kaduna,Ultrasound,MedTech Co.,China
3135,25,220,2024-07-03,Community Hospital,Lagos,MRI Machine,MedTech Co.,USA
3136,18,600,2024-07-08,Sunshine Medical,Kano,CT Scanner,HealthEquip Ltd.,UK
3137,10,150,2024-07-13,Hope Hospital,Enugu,Ultrasound,Radiant Suppliers,China
3138,11,300,2024-07-18,City Medical Center,Oyo,X-Ray Machine,HealthEquip Ltd.,UK
3139,25,320,2024-07-23,State Hospital,Lagos,MRI Machine,Radiant Suppliers,China
3140,12,400,2024-07-28,General Hospital,Kaduna,CT Scanner,HealthEquip Ltd.,UK
3141,30,200,2024-08-02,Healing Touch Hospital,Rivers,X-Ray Machine,Radiant Suppliers,China
3142,15,150,2024-08-07,Metro Hospital,Abuja,Ultrasound,TechHealth Inc.,Canada
3143,20,350,2024-08-12,Central Hospital,Enugu,MRI Machine,MedTech Co.,USA
3144,5,450,2024-08-17,Sunshine Hospital,Lagos,CT Scanner,HealthEquip Ltd.,UK
3145,10,250,2024-08-22,Community Hospital,Abuja,Ultrasound,Radiant Suppliers,China
3146,14,150,2024-08-27,Hope Clinic,Kano,MRI Machine,TechHealth Inc.,Canada
3147,20,300,2024-09-01,Healing Hands Hospital,Lagos,Defibrillator,SoloSupplier Inc.,UK
3148,5,750,2024-09-06,City Hospital,Rivers,Ventilator,ExclusiveTech Ltd.,Germany
3149,10,400,2024-09-11,Metro Medical Center,Abuja,Surgical Table,HealthEquip Ltd.,UK
3150,12,200,2024-09-16,State Hospital,Oyo,MRI Machine,MedTech Co.,USA
3151,10,250,2024-01-15,General Hospital,Lagos,MRI Machine,MedTech Co.,USA
3152,5,200,2024-01-20,City Hospital,Abuja,MRI Machine,HealthEquip Ltd.,UK
3153,20,150,2024-01-25,Central Hospital,Rivers,X-Ray Machine,Radiant Suppliers,China
3154,15,300,2024-01-30,Sunshine Hospital,Lagos,CT Scanner,TechHealth Inc.,Canada
3155,8,500,2024-02-04,Community Hospital,Kaduna,Ultrasound,HealthEquip Ltd.,UK
3156,12,180,2024-02-09,Healing Hands Hospital,Enugu,X-Ray Machine,Radiant Suppliers,China
3157,25,220,2024-02-14,Hope Hospital,Kano,MRI Machine,MedTech Co.,USA
3158,30,320,2024-02-19,Unity Hospital,Lagos,CT Scanner,TechHealth Inc.,Canada
3159,10,550,2024-02-24,Metro Hospital,Abuja,Ultrasound,HealthEquip Ltd.,UK
3160,50,130,2024-02-29,State Hospital,Oyo,X-Ray Machine,Radiant Suppliers,China
3161,20,270,2024-03-05,City Medical Center,Lagos,MRI Machine,MedTech Co.,USA
3162,6,300,2024-03-10,General Hospital,Rivers,CT Scanner,TechHealth Inc.,Canada
3163,15,250,2024-03-15,Central Clinic,Ogun,Ultrasound,HealthEquip Ltd.,UK
3164,4,450,2024-03-20,Healing Touch Hospital,Enugu,MRI Machine,Radiant Suppliers,China
3165,25,180,2024-03-25,Sunshine Medical,Lagos,X-Ray Machine,MedTech Co.,USA
3166,18,600,2024-03-30,Hope Clinic,Kano,CT Scanner,HealthEquip Ltd.,UK
3167,14,150,2024-04-04,Metro Medical Center,Abuja,Ultrasound,TechHealth Inc.,Canada
3168,11,200,2024-04-09,State Medical Center,Oyo,MRI Machine,MedTech Co.,USA
3169,30,400,2024-04-14,General Clinic,Lagos,CT Scanner,HealthEquip Ltd.,UK
3170,10,150,2024-04-19,City Hospital,Rivers,Ultrasound,TechHealth Inc.,Canada
3171,12,350,2024-04-24,Hope Hospital,Abuja,MRI Machine,Radiant Suppliers,China
3172,10,450,2024-04-29,Healing Hands Hospital,Enugu,X-Ray Machine,HealthEquip Ltd.,UK
3173,5,600,2024-05-04,Central Hospital,Kaduna,Ultrasound,MedTech Co.,USA
3174,20,120,2024-05-09,State Hospital,Oyo,X-Ray Machine,Radiant Suppliers,China
3175,15,330,2024-05-14,City Medical Center,Lagos,MRI Machine,TechHealth Inc.,Canada
3176,10,450,2024-05-19,Central Hospital,Rivers,Ultrasound,HealthEquip Ltd.,UK
3177,7,200,2024-05-24,Metro Hospital,Abuja,X-Ray Machine,Radiant Suppliers,China
3178,25,280,2024-05-29,Hope Clinic,Kano,CT Scanner,TechHealth Inc.,Canada
3179,30,400,2024-06-03,Sunshine Hospital,Lagos,MRI Machine,MedTech Co.,USA
3180,15,170,2024-06-08,General Hospital,Enugu,Ultrasound,HealthEquip Ltd.,UK
3181,12,300,2024-06-13,State Medical Center,Oyo,CT Scanner,MedTech Co.,USA
3182,6,400,2024-06-18,Healing Hands Hospital,Rivers,MRI Machine,HealthEquip Ltd.,Canada
3183,8,250,2024-06-23,Metro Medical Center,Abuja,X-Ray Machine,TechHealth Inc.,UK
3184,14,150,2024-06-28,Central Clinic,Kaduna,Ultrasound,MedTech Co.,China
3185,25,220,2024-07-03,Community Hospital,Lagos,MRI Machine,MedTech Co.,USA
3186,18,600,2024-07-08,Sunshine Medical,Kano,CT Scanner,HealthEquip Ltd.,UK
3187,10,150,2024-07-13,Hope Hospital,Enugu,Ultrasound,Radiant Suppliers,China
3188,11,300,2024-07-18,City Medical Center,Oyo,X-Ray Machine,HealthEquip Ltd.,UK
3189,25,320,2024-07-23,State Hospital,Lagos,MRI Machine,Radiant Suppliers,China
3190,12,400,2024-07-28,General Hospital,Kaduna,CT Scanner,HealthEquip Ltd.,UK
3191,30,200,2024-08-02,Healing Touch Hospital,Rivers,X-Ray Machine,Radiant Suppliers,China
3192,15,150,2024-08-07,Metro Hospital,Abuja,Ultrasound,TechHealth Inc.,Canada
3193,20,350,2024-08-12,Central Hospital,Enugu,MRI Machine,MedTech Co.,USA
3194,5,450,2024-08-17,Sunshine Hospital,Lagos,CT Scanner,HealthEquip Ltd.,UK
3195,10,250,2024-08-22,Community Hospital,Abuja,Ultrasound,Radiant Suppliers,China
3196,14,150,2024-08-27,Hope Clinic,Kano,MRI Machine,TechHealth Inc.,Canada
3197,20,300,2024-09-01,Healing Hands Hospital,Lagos,Defibrillator,SoloSupplier Inc.,UK
3198,5,750,2024-09-06,City Hospital,Rivers,Ventilator,ExclusiveTech Ltd.,Germany
3199,10,400,2024-09-11,Metro Medical Center,Abuja,Surgical Table,HealthEquip Ltd.,UK
3200,12,200,2024-09-16,State Hospital,Oyo,MRI Machine,MedTech Co.,USA
3201,10,250,2024-01-15,General Hospital,Lagos,MRI Machine,MedTech Co.,USA
3202,5,200,2024-01-20,City Hospital,Abuja,MRI Machine,HealthEquip Ltd.,UK
3203,20,150,2024-01-25,Central Hospital,Rivers,X-Ray Machine,Radiant Suppliers,China
3204,15,300,2024-01-30,Sunshine Hospital,Lagos,CT Scanner,TechHealth Inc.,Canada
3205,8,500,2024-02-04,Community Hospital,Kaduna,Ultrasound,HealthEquip Ltd.,UK
3206,12,180,2024-02-09,Healing Hands Hospital,Enugu,X-Ray Machine,Radiant Suppliers,China
3207,25,220,2024-02-14,Hope Hospital,Kano,MRI Machine,MedTech Co.,USA
3208,30,320,2024-02-19,Unity Hospital,Lagos,CT Scanner,TechHealth Inc.,Canada
3209,10,550,2024-02-24,Metro Hospital,Abuja,Ultrasound,HealthEquip Ltd.,UK
3210,50,130,2024-02-29,State Hospital,Oyo,X-Ray Machine,Radiant Suppliers,China
3211,20,270,2024-03-05,City Medical Center,Lagos,MRI Machine,MedTech Co.,USA
3212,6,300,2024-03-10,General Hospital,Rivers,CT Scanner,TechHealth Inc.,Canada
3213,15,250,2024-03-15,Central Clinic,Ogun,Ultrasound,HealthEquip Ltd.,UK
3214,4,450,2024-03-20,Healing Touch Hospital,Enugu,MRI Machine,Radiant Suppliers,China
3215,25,180,2024-03-25,Sunshine Medical,Lagos,X-Ray Machine,MedTech Co.,USA
3216,18,600,2024-03-30,Hope Clinic,Kano,CT Scanner,HealthEquip Ltd.,UK
3217,14,150,2024-04-04,Metro Medical Center,Abuja,Ultrasound,TechHealth Inc.,Canada
3218,11,200,2024-04-09,State Medical Center,Oyo,MRI Machine,MedTech Co.,USA
3219,30,400,2024-04-14,General Clinic,Lagos,CT Scanner,HealthEquip Ltd.,UK
3220,10,150,2024-04-19,City Hospital,Rivers,Ultrasound,TechHealth Inc.,Canada
3221,12,350,2024-04-24,Hope Hospital,Abuja,MRI Machine,Radiant Suppliers,China
3222,10,450,2024-04-29,Healing Hands Hospital,Enugu,X-Ray Machine,HealthEquip Ltd.,UK
3223,5,600,2024-05-04,Central Hospital,Kaduna,Ultrasound,MedTech Co.,USA
3224,20,120,2024-05-09,State Hospital,Oyo,X-Ray Machine,Radiant Suppliers,China
3225,15,330,2024-05-14,City Medical Center,Lagos,MRI Machine,TechHealth Inc.,Canada
3226,10,450,2024-05-19,Central Hospital,Rivers,Ultrasound,HealthEquip Ltd.,UK
3227,7,200,2024-05-24,Metro Hospital,Abuja,X-Ray Machine,Radiant Suppliers,China
3228,25,280,2024-05-29,Hope Clinic,Kano,CT Scanner,TechHealth Inc.,Canada
3229,30,400,2024-06-03,Sunshine Hospital,Lagos,MRI Machine,MedTech Co.,USA
3230,15,170,2024-06-08,General Hospital,Enugu,Ultrasound,HealthEquip Ltd.,UK
3231,12,300,2024-06-13,State Medical Center,Oyo,CT Scanner,MedTech Co.,USA
3232,6,400,2024-06-18,Healing Hands Hospital,Rivers,MRI Machine,HealthEquip Ltd.,Canada
3233,8,250,2024-06-23,Metro Medical Center,Abuja,X-Ray Machine,TechHealth Inc.,UK
3234,14,150,2024-06-28,Central Clinic,Kaduna,Ultrasound,MedTech Co.,China
3235,25,220,2024-07-03,Community Hospital,Lagos,MRI Machine,MedTech Co.,USA
3236,18,600,2024-07-08,Sunshine Medical,Kano,CT Scanner,HealthEquip Ltd.,UK
3237,10,150,2024-07-13,Hope Hospital,Enugu,Ultrasound,Radiant Suppliers,China
3238,11,300,2024-07-18,City Medical Center,Oyo,X-Ray Machine,HealthEquip Ltd.,UK
3239,25,320,2024-07-23,State Hospital,Lagos,MRI Machine,Radiant Suppliers,China
3240,12,400,2024-07-28,General Hospital,Kaduna,CT Scanner,HealthEquip Ltd.,UK
3241,30,200,2024-08-02,Healing Touch Hospital,Rivers,X-Ray Machine,Radiant Suppliers,China
3242,15,150,2024-08-07,Metro Hospital,Abuja,Ultrasound,TechHealth Inc.,Canada
3243,20,350,2024-08-12,Central Hospital,Enugu,MRI Machine,MedTech Co.,USA
3244,5,450,2024-08-17,Sunshine Hospital,Lagos,CT Scanner,HealthEquip Ltd.,UK
3245,10,250,2024-08-22,Community Hospital,Abuja,Ultrasound,Radiant Suppliers,China
3246,14,150,2024-08-27,Hope Clinic,Kano,MRI Machine,TechHealth Inc.,Canada
3247,20,300,2024-09-01,Healing Hands Hospital,Lagos,Defibrillator,SoloSupplier Inc.,UK
3248,5,750,2024-09-06,City Hospital,Rivers,Ventilator,ExclusiveTech Ltd.,Germany
3249,10,400,2024-09-11,Metro Medical Center,Abuja,Surgical Table,HealthEquip Ltd.,UK
3250,12,200,2024-09-16,State Hospital,Oyo,MRI Machine,MedTech Co.,USA
3251,10,250,2024-01-15,General Hospital,Lagos,MRI Machine,MedTech Co.,USA
3252,5,200,2024-01-20,City Hospital,Abuja,MRI Machine,HealthEquip Ltd.,UK
3253,20,150,2024-01-25,Central Hospital,Rivers,X-Ray Machine,Radiant Suppliers,China
3254,15,300,2024-01-30,Sunshine Hospital,Lagos,CT Scanner,TechHealth Inc.,Canada
3255,8,500,2024-02-04,Community Hospital,Kaduna,Ultrasound,HealthEquip Ltd.,UK
3256,12,180,2024-02-09,Healing Hands Hospital,Enugu,X-Ray Machine,Radiant Suppliers,China
3257,25,220,2024-02-14,Hope Hospital,Kano,MRI Machine,MedTech Co.,USA
3258,30,320,2024-02-19,Unity Hospital,Lagos,CT Scanner,TechHealth Inc.,Canada
3259,10,550,2024-02-24,Metro Hospital,Abuja,Ultrasound,HealthEquip Ltd.,UK
3260,50,130,2024-02-29,State Hospital,Oyo,X-Ray Machine,Radiant Suppliers,China
3261,20,270,2024-03-05,City Medical Center,Lagos,MRI Machine,MedTech Co.,USA
3262,6,300,2024-03-10,General Hospital,Rivers,CT Scanner,TechHealth Inc.,Canada
3263,15,250,2024-03-15,Central Clinic,Ogun,Ultrasound,HealthEquip Ltd.,UK
3264,4,450,2024-03-20,Healing Touch Hospital,Enugu,MRI Machine,Radiant Suppliers,China
3265,25,180,2024-03-25,Sunshine Medical,Lagos,X-Ray Machine,MedTech Co.,USA
3266,18,600,2024-03-30,Hope Clinic,Kano,CT Scanner,HealthEquip Ltd.,UK
3267,14,150,2024-04-04,Metro Medical Center,Abuja,Ultrasound,TechHealth Inc.,Canada
3268,11,200,2024-04-09,State Medical Center,Oyo,MRI Machine,MedTech Co.,USA
3269,30,400,2024-04-14,General Clinic,Lagos,CT Scanner,HealthEquip Ltd.,UK
3270,10,150,2024-04-19,City Hospital,Rivers,Ultrasound,TechHealth Inc.,Canada
3271,12,350,2024-04-24,Hope Hospital,Abuja,MRI Machine,Radiant Suppliers,China
3272,10,450,2024-04-29,Healing Hands Hospital,Enugu,X-Ray Machine,HealthEquip Ltd.,UK
3273,5,600,2024-05-04,Central Hospital,Kaduna,Ultrasound,MedTech Co.,USA
3274,20,120,2024-05-09,State Hospital,Oyo,X-Ray Machine,Radiant Suppliers,China
3275,15,330,2024-05-14,City Medical Center,Lagos,MRI Machine,TechHealth Inc.,Canada
3276,10,450,2024-05-19,Central Hospital,Rivers,Ultrasound,HealthEquip Ltd.,UK
3277,7,200,2024-05-24,Metro Hospital,Abuja,X-Ray Machine,Radiant Suppliers,China
3278,25,280,2024-05-29,Hope Clinic,Kano,CT Scanner,TechHealth Inc.,Canada
3279,30,400,2024-06-03,Sunshine Hospital,Lagos,MRI Machine,MedTech Co.,USA
3280,15,170,2024-06-08,General Hospital,Enugu,Ultrasound,HealthEquip Ltd.,UK
3281,12,300,2024-06-13,State Medical Center,Oyo,CT Scanner,MedTech Co.,USA
3282,6,400,2024-06-18,Healing Hands Hospital,Rivers,MRI Machine,HealthEquip Ltd.,Canada
3283,8,250,2024-06-23,Metro Medical Center,Abuja,X-Ray Machine,TechHealth Inc.,UK
3284,14,150,2024-06-28,Central Clinic,Kaduna,Ultrasound,MedTech Co.,China
3285,25,220,2024-07-03,Community Hospital,Lagos,MRI Machine,MedTech Co.,USA
3286,18,600,2024-07-08,Sunshine Medical,Kano,CT Scanner,HealthEquip Ltd.,UK
3287,10,150,2024-07-13,Hope Hospital,Enugu,Ultrasound,Radiant Suppliers,China
3288,11,300,2024-07-18,City Medical Center,Oyo,X-Ray Machine,HealthEquip Ltd.,UK
3289,25,320,2024-07-23,State Hospital,Lagos,MRI Machine,Radiant Suppliers,China
3290,12,400,2024-07-28,General Hospital,Kaduna,CT Scanner,HealthEquip Ltd.,UK
3291,30,200,2024-08-02,Healing Touch Hospital,Rivers,X-Ray Machine,Radiant Suppliers,China
3292,15,150,2024-08-07,Metro Hospital,Abuja,Ultrasound,TechHealth Inc.,Canada
3293,20,350,2024-08-12,Central Hospital,Enugu,MRI Machine,MedTech Co.,USA
3294,5,450,2024-08-17,Sunshine Hospital,Lagos,CT Scanner,HealthEquip Ltd.,UK
3295,10,250,2024-08-22,Community Hospital,Abuja,Ultrasound,Radiant Suppliers,China
3296,14,150,2024-08-27,Hope Clinic,Kano,MRI Machine,TechHealth Inc.,Canada
3297,20,300,2024-09-01,Healing Hands Hospital,Lagos,Defibrillator,SoloSupplier Inc.,UK
3298,5,750,2024-09-06,City Hospital,Rivers,Ventilator,ExclusiveTech Ltd.,Germany
3299,10,400,2024-09-11,Metro Medical Center,Abuja,Surgical Table,HealthEquip Ltd.,UK
3300,12,200,2024-09-16,State Hospital,Oyo,MRI Machine,MedTech Co.,USA
3301,10,250,2024-01-15,General Hospital,Lagos,MRI Machine,MedTech Co.,USA
3302,5,200,2024-01-20,City Hospital,Abuja,MRI Machine,HealthEquip Ltd.,UK
3303,20,150,2024-01-25,Central Hospital,Rivers,X-Ray Machine,Radiant Suppliers,China
3304,15,300,2024-01-30,Sunshine Hospital,Lagos,CT Scanner,TechHealth Inc.,Canada
3305,8,500,2024-02-04,Community Hospital,Kaduna,Ultrasound,HealthEquip Ltd.,UK
3306,12,180,2024-02-09,Healing Hands Hospital,Enugu,X-Ray Machine,Radiant Suppliers,China
3307,25,220,2024-02-14,Hope Hospital,Kano,MRI Machine,MedTech Co.,USA
3308,30,320,2024-02-19,Unity Hospital,Lagos,CT Scanner,TechHealth Inc.,Canada
3309,10,550,2024-02-24,Metro Hospital,Abuja,Ultrasound,HealthEquip Ltd.,UK
3310,50,130,2024-02-29,State Hospital,Oyo,X-Ray Machine,Radiant Suppliers,China
3311,20,270,2024-03-05,City Medical Center,Lagos,MRI Machine,MedTech Co.,USA
3312,6,300,2024-03-10,General Hospital,Rivers,CT Scanner,TechHealth Inc.,Canada
3313,15,250,2024-03-15,Central Clinic,Ogun,Ultrasound,HealthEquip Ltd.,UK
3314,4,450,2024-03-20,Healing Touch Hospital,Enugu,MRI Machine,Radiant Suppliers,China
3315,25,180,2024-03-25,Sunshine Medical,Lagos,X-Ray Machine,MedTech Co.,USA
3316,18,600,2024-03-30,Hope Clinic,Kano,CT Scanner,HealthEquip Ltd.,UK
3317,14,150,2024-04-04,Metro Medical Center,Abuja,Ultrasound,TechHealth Inc.,Canada
3318,11,200,2024-04-09,State Medical Center,Oyo,MRI Machine,MedTech Co.,USA
3319,30,400,2024-04-14,General Clinic,Lagos,CT Scanner,HealthEquip Ltd.,UK
3320,10,150,2024-04-19,City Hospital,Rivers,Ultrasound,TechHealth Inc.,Canada
3321,12,350,2024-04-24,Hope Hospital,Abuja,MRI Machine,Radiant Suppliers,China
3322,10,450,2024-04-29,Healing Hands Hospital,Enugu,X-Ray Machine,HealthEquip Ltd.,UK
3323,5,600,2024-05-04,Central Hospital,Kaduna,Ultrasound,MedTech Co.,USA
3324,20,120,2024-05-09,State Hospital,Oyo,X-Ray Machine,Radiant Suppliers,China
3325,15,330,2024-05-14,City Medical Center,Lagos,MRI Machine,TechHealth Inc.,Canada
3326,10,450,2024-05-19,Central Hospital,Rivers,Ultrasound,HealthEquip Ltd.,UK
3327,7,200,2024-05-24,Metro Hospital,Abuja,X-Ray Machine,Radiant Suppliers,China
3328,25,280,2024-05-29,Hope Clinic,Kano,CT Scanner,TechHealth Inc.,Canada
3329,30,400,2024-06-03,Sunshine Hospital,Lagos,MRI Machine,MedTech Co.,USA
3330,15,170,2024-06-08,General Hospital,Enugu,Ultrasound,HealthEquip Ltd.,UK
3331,12,300,2024-06-13,State Medical Center,Oyo,CT Scanner,MedTech Co.,USA
3332,6,400,2024-06-18,Healing Hands Hospital,Rivers,MRI Machine,HealthEquip Ltd.,Canada
3333,8,250,2024-06-23,Metro Medical Center,Abuja,X-Ray Machine,TechHealth Inc.,UK
3334,14,150,2024-06-28,Central Clinic,Kaduna,Ultrasound,MedTech Co.,China
3335,25,220,2024-07-03,Community Hospital,Lagos,MRI Machine,MedTech Co.,USA
3336,18,600,2024-07-08,Sunshine Medical,Kano,CT Scanner,HealthEquip Ltd.,UK
3337,10,150,2024-07-13,Hope Hospital,Enugu,Ultrasound,Radiant Suppliers,China
3338,11,300,2024-07-18,City Medical Center,Oyo,X-Ray Machine,HealthEquip Ltd.,UK
3339,25,320,2024-07-23,State Hospital,Lagos,MRI Machine,Radiant Suppliers,China
3340,12,400,2024-07-28,General Hospital,Kaduna,CT Scanner,HealthEquip Ltd.,UK
3341,30,200,2024-08-02,Healing Touch Hospital,Rivers,X-Ray Machine,Radiant Suppliers,China
3342,15,150,2024-08-07,Metro Hospital,Abuja,Ultrasound,TechHealth Inc.,Canada
3343,20,350,2024-08-12,Central Hospital,Enugu,MRI Machine,MedTech Co.,USA
3344,5,450,2024-08-17,Sunshine Hospital,Lagos,CT Scanner,HealthEquip Ltd.,UK
3345,10,250,2024-08-22,Community Hospital,Abuja,Ultrasound,Radiant Suppliers,China
3346,14,150,2024-08-27,Hope Clinic,Kano,MRI Machine,TechHealth Inc.,Canada
3347,20,300,2024-09-01,Healing Hands Hospital,Lagos,Defibrillator,SoloSupplier Inc.,UK
3348,5,750,2024-09-06,City Hospital,Rivers,Ventilator,ExclusiveTech Ltd.,Germany
3349,10,400,2024-09-11,Metro Medical Center,Abuja,Surgical Table,HealthEquip Ltd.,UK
3350,12,200,2024-09-16,State Hospital,Oyo,MRI Machine,MedTech Co.,USA
3351,10,250,2024-01-15,General Hospital,Lagos,MRI Machine,MedTech Co.,USA
3352,5,200,2024-01-20,City Hospital,Abuja,MRI Machine,HealthEquip Ltd.,UK
3353,20,150,2024-01-25,Central Hospital,Rivers,X-Ray Machine,Radiant Suppliers,China
3354,15,300,2024-01-30,Sunshine Hospital,Lagos,CT Scanner,TechHealth Inc.,Canada
3355,8,500,2024-02-04,Community Hospital,Kaduna,Ultrasound,HealthEquip Ltd.,UK
3356,12,180,2024-02-09,Healing Hands Hospital,Enugu,X-Ray Machine,Radiant Suppliers,China
3357,25,220,2024-02-14,Hope Hospital,Kano,MRI Machine,MedTech Co.,USA
3358,30,320,2024-02-19,Unity Hospital,Lagos,CT Scanner,TechHealth Inc.,Canada
3359,10,550,2024-02-24,Metro Hospital,Abuja,Ultrasound,HealthEquip Ltd.,UK
3360,50,130,2024-02-29,State Hospital,Oyo,X-Ray Machine,Radiant Suppliers,China
3361,20,270,2024-03-05,City Medical Center,Lagos,MRI Machine,MedTech Co.,USA
3362,6,300,2024-03-10,General Hospital,Rivers,CT Scanner,TechHealth Inc.,Canada
3363,15,250,2024-03-15,Central Clinic,Ogun,Ultrasound,HealthEquip Ltd.,UK
3364,4,450,2024-03-20,Healing Touch Hospital,Enugu,MRI Machine,Radiant Suppliers,China
3365,25,180,2024-03-25,Sunshine Medical,Lagos,X-Ray Machine,MedTech Co.,USA
3366,18,600,2024-03-30,Hope Clinic,Kano,CT Scanner,HealthEquip Ltd.,UK
3367,14,150,2024-04-04,Metro Medical Center,Abuja,Ultrasound,TechHealth Inc.,Canada
3368,11,200,2024-04-09,State Medical Center,Oyo,MRI Machine,MedTech Co.,USA
3369,30,400,2024-04-14,General Clinic,Lagos,CT Scanner,HealthEquip Ltd.,UK
3370,10,150,2024-04-19,City Hospital,Rivers,Ultrasound,TechHealth Inc.,Canada
3371,12,350,2024-04-24,Hope Hospital,Abuja,MRI Machine,Radiant Suppliers,China
3372,10,450,2024-04-29,Healing Hands Hospital,Enugu,X-Ray Machine,HealthEquip Ltd.,UK
3373,5,600,2024-05-04,Central Hospital,Kaduna,Ultrasound,MedTech Co.,USA
3374,20,120,2024-05-09,State Hospital,Oyo,X-Ray Machine,Radiant Suppliers,China
3375,15,330,2024-05-14,City Medical Center,Lagos,MRI Machine,TechHealth Inc.,Canada
3376,10,450,2024-05-19,Central Hospital,Rivers,Ultrasound,HealthEquip Ltd.,UK
3377,7,200,2024-05-24,Metro Hospital,Abuja,X-Ray Machine,Radiant Suppliers,China
3378,25,280,2024-05-29,Hope Clinic,Kano,CT Scanner,TechHealth Inc.,Canada
3379,30,400,2024-06-03,Sunshine Hospital,Lagos,MRI Machine,MedTech Co.,USA
3380,15,170,2024-06-08,General Hospital,Enugu,Ultrasound,HealthEquip Ltd.,UK
3381,12,300,2024-06-13,State Medical Center,Oyo,CT Scanner,MedTech Co.,USA
3382,6,400,2024-06-18,Healing Hands Hospital,Rivers,MRI Machine,HealthEquip Ltd.,Canada
3383,8,250,2024-06-23,Metro Medical Center,Abuja,X-Ray Machine,TechHealth Inc.,UK
3384,14,150,2024-06-28,Central Clinic,Kaduna,Ultrasound,MedTech Co.,China
3385,25,220,2024-07-03,Community Hospital,Lagos,MRI Machine,MedTech Co.,USA
3386,18,600,2024-07-08,Sunshine Medical,Kano,CT Scanner,HealthEquip Ltd.,UK
3387,10,150,2024-07-13,Hope Hospital,Enugu,Ultrasound,Radiant Suppliers,China
3388,11,300,2024-07-18,City Medical Center,Oyo,X-Ray Machine,HealthEquip Ltd.,UK
3389,25,320,2024-07-23,State Hospital,Lagos,MRI Machine,Radiant Suppliers,China
3390,12,400,2024-07-28,General Hospital,Kaduna,CT Scanner,HealthEquip Ltd.,UK
3391,30,200,2024-08-02,Healing Touch Hospital,Rivers,X-Ray Machine,Radiant Suppliers,China
3392,15,150,2024-08-07,Metro Hospital,Abuja,Ultrasound,TechHealth Inc.,Canada
3393,20,350,2024-08-12,Central Hospital,Enugu,MRI Machine,MedTech Co.,USA
3394,5,450,2024-08-17,Sunshine Hospital,Lagos,CT Scanner,HealthEquip Ltd.,UK
3395,10,250,2024-08-22,Community Hospital,Abuja,Ultrasound,Radiant Suppliers,China
3396,14,150,2024-08-27,Hope Clinic,Kano,MRI Machine,TechHealth Inc.,Canada
3397,20,300,2024-09-01,Healing Hands Hospital,Lagos,Defibrillator,SoloSupplier Inc.,UK
3398,5,750,2024-09-06,City Hospital,Rivers,Ventilator,ExclusiveTech Ltd.,Germany
3399,10,400,2024-09-11,Metro Medical Center,Abuja,Surgical Table,HealthEquip Ltd.,UK
3400,12,200,2024-09-16,State Hospital,Oyo,MRI Machine,MedTech Co.,USA
3401,10,250,2024-01-15,General Hospital,Lagos,MRI Machine,MedTech Co.,USA
3402,5,200,2024-01-20,City Hospital,Abuja,MRI Machine,HealthEquip Ltd.,UK
3403,20,150,2024-01-25,Central Hospital,Rivers,X-Ray Machine,Radiant Suppliers,China
3404,15,300,2024-01-30,Sunshine Hospital,Lagos,CT Scanner,TechHealth Inc.,Canada
3405,8,500,2024-02-04,Community Hospital,Kaduna,Ultrasound,HealthEquip Ltd.,UK
3406,12,180,2024-02-09,Healing Hands Hospital,Enugu,X-Ray Machine,Radiant Suppliers,China
3407,25,220,2024-02-14,Hope Hospital,Kano,MRI Machine,MedTech Co.,USA
3408,30,320,2024-02-19,Unity Hospital,Lagos,CT Scanner,TechHealth Inc.,Canada
3409,10,550,2024-02-24,Metro Hospital,Abuja,Ultrasound,HealthEquip Ltd.,UK
3410,50,130,2024-02-29,State Hospital,Oyo,X-Ray Machine,Radiant Suppliers,China
3411,20,270,2024-03-05,City Medical Center,Lagos,MRI Machine,MedTech Co.,USA
3412,6,300,2024-03-10,General Hospital,Rivers,CT Scanner,TechHealth Inc.,Canada
3413,15,250,2024-03-15,Central Clinic,Ogun,Ultrasound,HealthEquip Ltd.,UK
3414,4,450,2024-03-20,Healing Touch Hospital,Enugu,MRI Machine,Radiant Suppliers,China
3415,25,180,2024-03-25,Sunshine Medical,Lagos,X-Ray Machine,MedTech Co.,USA
3416,18,600,2024-03-30,Hope Clinic,Kano,CT Scanner,HealthEquip Ltd.,UK
3417,14,150,2024-04-04,Metro Medical Center,Abuja,Ultrasound,TechHealth Inc.,Canada
3418,11,200,2024-04-09,State Medical Center,Oyo,MRI Machine,MedTech Co.,USA
3419,30,400,2024-04-14,General Clinic,Lagos,CT Scanner,HealthEquip Ltd.,UK
3420,10,150,2024-04-19,City Hospital,Rivers,Ultrasound,TechHealth Inc.,Canada
3421,12,350,2024-04-24,Hope Hospital,Abuja,MRI Machine,Radiant Suppliers,China
3422,10,450,2024-04-29,Healing Hands Hospital,Enugu,X-Ray Machine,HealthEquip Ltd.,UK
3423,5,600,2024-05-04,Central Hospital,Kaduna,Ultrasound,MedTech Co.,USA
3424,20,120,2024-05-09,State Hospital,Oyo,X-Ray Machine,Radiant Suppliers,China
3425,15,330,2024-05-14,City Medical Center,Lagos,MRI Machine,TechHealth Inc.,Canada
3426,10,450,2024-05-19,Central Hospital,Rivers,Ultrasound,HealthEquip Ltd.,UK
3427,7,200,2024-05-24,Metro Hospital,Abuja,X-Ray Machine,Radiant Suppliers,China
3428,25,280,2024-05-29,Hope Clinic,Kano,CT Scanner,TechHealth Inc.,Canada
3429,30,400,2024-06-03,Sunshine Hospital,Lagos,MRI Machine,MedTech Co.,USA
3430,15,170,2024-06-08,General Hospital,Enugu,Ultrasound,HealthEquip Ltd.,UK
3431,12,300,2024-06-13,State Medical Center,Oyo,CT Scanner,MedTech Co.,USA
3432,6,400,2024-06-18,Healing Hands Hospital,Rivers,MRI Machine,HealthEquip Ltd.,Canada
3433,8,250,2024-06-23,Metro Medical Center,Abuja,X-Ray Machine,TechHealth Inc.,UK
3434,14,150,2024-06-28,Central Clinic,Kaduna,Ultrasound,MedTech Co.,China
3435,25,220,2024-07-03,Community Hospital,Lagos,MRI Machine,MedTech Co.,USA
3436,18,600,2024-07-08,Sunshine Medical,Kano,CT Scanner,HealthEquip Ltd.,UK
3437,10,150,2024-07-13,Hope Hospital,Enugu,Ultrasound,Radiant Suppliers,China
3438,11,300,2024-07-18,City Medical Center,Oyo,X-Ray Machine,HealthEquip Ltd.,UK
3439,25,320,2024-07-23,State Hospital,Lagos,MRI Machine,Radiant Suppliers,China
3440,12,400,2024-07-28,General Hospital,Kaduna,CT Scanner,HealthEquip Ltd.,UK
3441,30,200,2024-08-02,Healing Touch Hospital,Rivers,X-Ray Machine,Radiant Suppliers,China
3442,15,150,2024-08-07,Metro Hospital,Abuja,Ultrasound,TechHealth Inc.,Canada
3443,20,350,2024-08-12,Central Hospital,Enugu,MRI Machine,MedTech Co.,USA
3444,5,450,2024-08-17,Sunshine Hospital,Lagos,CT Scanner,HealthEquip Ltd.,UK
3445,10,250,2024-08-22,Community Hospital,Abuja,Ultrasound,Radiant Suppliers,China
3446,14,150,2024-08-27,Hope Clinic,Kano,MRI Machine,TechHealth Inc.,Canada
3447,20,300,2024-09-01,Healing Hands Hospital,Lagos,Defibrillator,SoloSupplier Inc.,UK
3448,5,750,2024-09-06,City Hospital,Rivers,Ventilator,ExclusiveTech Ltd.,Germany
3449,10,400,2024-09-11,Metro Medical Center,Abuja,Surgical Table,HealthEquip Ltd.,UK
3450,12,200,2024-09-16,State Hospital,Oyo,MRI Machine,MedTech Co.,USA
3451,10,250,2024-01-15,General Hospital,Lagos,MRI Machine,MedTech Co.,USA
3452,5,200,2024-01-20,City Hospital,Abuja,MRI Machine,HealthEquip Ltd.,UK
3453,20,150,2024-01-25,Central Hospital,Rivers,X-Ray Machine,Radiant Suppliers,China
3454,15,300,2024-01-30,Sunshine Hospital,Lagos,CT Scanner,TechHealth Inc.,Canada
3455,8,500,2024-02-04,Community Hospital,Kaduna,Ultrasound,HealthEquip Ltd.,UK
3456,12,180,2024-02-09,Healing Hands Hospital,Enugu,X-Ray Machine,Radiant Suppliers,China
3457,25,220,2024-02-14,Hope Hospital,Kano,MRI Machine,MedTech Co.,USA
3458,30,320,2024-02-19,Unity Hospital,Lagos,CT Scanner,TechHealth Inc.,Canada
3459,10,550,2024-02-24,Metro Hospital,Abuja,Ultrasound,HealthEquip Ltd.,UK
3460,50,130,2024-02-29,State Hospital,Oyo,X-Ray Machine,Radiant Suppliers,China
3461,20,270,2024-03-05,City Medical Center,Lagos,MRI Machine,MedTech Co.,USA
3462,6,300,2024-03-10,General Hospital,Rivers,CT Scanner,TechHealth Inc.,Canada
3463,15,250,2024-03-15,Central Clinic,Ogun,Ultrasound,HealthEquip Ltd.,UK
3464,4,450,2024-03-20,Healing Touch Hospital,Enugu,MRI Machine,Radiant Suppliers,China
3465,25,180,2024-03-25,Sunshine Medical,Lagos,X-Ray Machine,MedTech Co.,USA
3466,18,600,2024-03-30,Hope Clinic,Kano,CT Scanner,HealthEquip Ltd.,UK
3467,14,150,2024-04-04,Metro Medical Center,Abuja,Ultrasound,TechHealth Inc.,Canada
3468,11,200,2024-04-09,State Medical Center,Oyo,MRI Machine,MedTech Co.,USA
3469,30,400,2024-04-14,General Clinic,Lagos,CT Scanner,HealthEquip Ltd.,UK
3470,10,150,2024-04-19,City Hospital,Rivers,Ultrasound,TechHealth Inc.,Canada
3471,12,350,2024-04-24,Hope Hospital,Abuja,MRI Machine,Radiant Suppliers,China
3472,10,450,2024-04-29,Healing Hands Hospital,Enugu,X-Ray Machine,HealthEquip Ltd.,UK
3473,5,600,2024-05-04,Central Hospital,Kaduna,Ultrasound,MedTech Co.,USA
3474,20,120,2024-05-09,State Hospital,Oyo,X-Ray Machine,Radiant Suppliers,China
3475,15,330,2024-05-14,City Medical Center,Lagos,MRI Machine,TechHealth Inc.,Canada
3476,10,450,2024-05-19,Central Hospital,Rivers,Ultrasound,HealthEquip Ltd.,UK
3477,7,200,2024-05-24,Metro Hospital,Abuja,X-Ray Machine,Radiant Suppliers,China
3478,25,280,2024-05-29,Hope Clinic,Kano,CT Scanner,TechHealth Inc.,Canada
3479,30,400,2024-06-03,Sunshine Hospital,Lagos,MRI Machine,MedTech Co.,USA
3480,15,170,2024-06-08,General Hospital,Enugu,Ultrasound,HealthEquip Ltd.,UK
3481,12,300,2024-06-13,State Medical Center,Oyo,CT Scanner,MedTech Co.,USA
3482,6,400,2024-06-18,Healing Hands Hospital,Rivers,MRI Machine,HealthEquip Ltd.,Canada
3483,8,250,2024-06-23,Metro Medical Center,Abuja,X-Ray Machine,TechHealth Inc.,UK
3484,14,150,2024-06-28,Central Clinic,Kaduna,Ultrasound,MedTech Co.,China
3485,25,220,2024-07-03,Community Hospital,Lagos,MRI Machine,MedTech Co.,USA
3486,18,600,2024-07-08,Sunshine Medical,Kano,CT Scanner,HealthEquip Ltd.,UK
3487,10,150,2024-07-13,Hope Hospital,Enugu,Ultrasound,Radiant Suppliers,China
3488,11,300,2024-07-18,City Medical Center,Oyo,X-Ray Machine,HealthEquip Ltd.,UK
3489,25,320,2024-07-23,State Hospital,Lagos,MRI Machine,Radiant Suppliers,China
3490,12,400,2024-07-28,General Hospital,Kaduna,CT Scanner,HealthEquip Ltd.,UK
3491,30,200,2024-08-02,Healing Touch Hospital,Rivers,X-Ray Machine,Radiant Suppliers,China
3492,15,150,2024-08-07,Metro Hospital,Abuja,Ultrasound,TechHealth Inc.,Canada
3493,20,350,2024-08-12,Central Hospital,Enugu,MRI Machine,MedTech Co.,USA
3494,5,450,2024-08-17,Sunshine Hospital,Lagos,CT Scanner,HealthEquip Ltd.,UK
3495,10,250,2024-08-22,Community Hospital,Abuja,Ultrasound,Radiant Suppliers,China
3496,14,150,2024-08-27,Hope Clinic,Kano,MRI Machine,TechHealth Inc.,Canada
3497,20,300,2024-09-01,Healing Hands Hospital,Lagos,Defibrillator,SoloSupplier Inc.,UK
3498,5,750,2024-09-06,City Hospital,Rivers,Ventilator,ExclusiveTech Ltd.,Germany
3499,10,400,2024-09-11,Metro Medical Center,Abuja,Surgical Table,HealthEquip Ltd.,UK
3500,12,200,2024-09-16,State Hospital,Oyo,MRI Machine,MedTech Co.,USA
3501,10,250,2024-01-15,General Hospital,Lagos,MRI Machine,MedTech Co.,USA
3502,5,200,2024-01-20,City Hospital,Abuja,MRI Machine,HealthEquip Ltd.,UK
3503,20,150,2024-01-25,Central Hospital,Rivers,X-Ray Machine,Radiant Suppliers,China
3504,15,300,2024-01-30,Sunshine Hospital,Lagos,CT Scanner,TechHealth Inc.,Canada
3505,8,500,2024-02-04,Community Hospital,Kaduna,Ultrasound,HealthEquip Ltd.,UK
3506,12,180,2024-02-09,Healing Hands Hospital,Enugu,X-Ray Machine,Radiant Suppliers,China
3507,25,220,2024-02-14,Hope Hospital,Kano,MRI Machine,MedTech Co.,USA
3508,30,320,2024-02-19,Unity Hospital,Lagos,CT Scanner,TechHealth Inc.,Canada
3509,10,550,2024-02-24,Metro Hospital,Abuja,Ultrasound,HealthEquip Ltd.,UK
3510,50,130,2024-02-29,State Hospital,Oyo,X-Ray Machine,Radiant Suppliers,China
3511,20,270,2024-03-05,City Medical Center,Lagos,MRI Machine,MedTech Co.,USA
3512,6,300,2024-03-10,General Hospital,Rivers,CT Scanner,TechHealth Inc.,Canada
3513,15,250,2024-03-15,Central Clinic,Ogun,Ultrasound,HealthEquip Ltd.,UK
3514,4,450,2024-03-20,Healing Touch Hospital,Enugu,MRI Machine,Radiant Suppliers,China
3515,25,180,2024-03-25,Sunshine Medical,Lagos,X-Ray Machine,MedTech Co.,USA
3516,18,600,2024-03-30,Hope Clinic,Kano,CT Scanner,HealthEquip Ltd.,UK
3517,14,150,2024-04-04,Metro Medical Center,Abuja,Ultrasound,TechHealth Inc.,Canada
3518,11,200,2024-04-09,State Medical Center,Oyo,MRI Machine,MedTech Co.,USA
3519,30,400,2024-04-14,General Clinic,Lagos,CT Scanner,HealthEquip Ltd.,UK
3520,10,150,2024-04-19,City Hospital,Rivers,Ultrasound,TechHealth Inc.,Canada
3521,12,350,2024-04-24,Hope Hospital,Abuja,MRI Machine,Radiant Suppliers,China
3522,10,450,2024-04-29,Healing Hands Hospital,Enugu,X-Ray Machine,HealthEquip Ltd.,UK
3523,5,600,2024-05-04,Central Hospital,Kaduna,Ultrasound,MedTech Co.,USA
3524,20,120,2024-05-09,State Hospital,Oyo,X-Ray Machine,Radiant Suppliers,China
3525,15,330,2024-05-14,City Medical Center,Lagos,MRI Machine,TechHealth Inc.,Canada
3526,10,450,2024-05-19,Central Hospital,Rivers,Ultrasound,HealthEquip Ltd.,UK
3527,7,200,2024-05-24,Metro Hospital,Abuja,X-Ray Machine,Radiant Suppliers,China
3528,25,280,2024-05-29,Hope Clinic,Kano,CT Scanner,TechHealth Inc.,Canada
3529,30,400,2024-06-03,Sunshine Hospital,Lagos,MRI Machine,MedTech Co.,USA
3530,15,170,2024-06-08,General Hospital,Enugu,Ultrasound,HealthEquip Ltd.,UK
3531,12,300,2024-06-13,State Medical Center,Oyo,CT Scanner,MedTech Co.,USA
3532,6,400,2024-06-18,Healing Hands Hospital,Rivers,MRI Machine,HealthEquip Ltd.,Canada
3533,8,250,2024-06-23,Metro Medical Center,Abuja,X-Ray Machine,TechHealth Inc.,UK
3534,14,150,2024-06-28,Central Clinic,Kaduna,Ultrasound,MedTech Co.,China
3535,25,220,2024-07-03,Community Hospital,Lagos,MRI Machine,MedTech Co.,USA
3536,18,600,2024-07-08,Sunshine Medical,Kano,CT Scanner,HealthEquip Ltd.,UK
3537,10,150,2024-07-13,Hope Hospital,Enugu,Ultrasound,Radiant Suppliers,China
3538,11,300,2024-07-18,City Medical Center,Oyo,X-Ray Machine,HealthEquip Ltd.,UK
3539,25,320,2024-07-23,State Hospital,Lagos,MRI Machine,Radiant Suppliers,China
3540,12,400,2024-07-28,General Hospital,Kaduna,CT Scanner,HealthEquip Ltd.,UK
3541,30,200,2024-08-02,Healing Touch Hospital,Rivers,X-Ray Machine,Radiant Suppliers,China
3542,15,150,2024-08-07,Metro Hospital,Abuja,Ultrasound,TechHealth Inc.,Canada
3543,20,350,2024-08-12,Central Hospital,Enugu,MRI Machine,MedTech Co.,USA
3544,5,450,2024-08-17,Sunshine Hospital,Lagos,CT Scanner,HealthEquip Ltd.,UK
3545,10,250,2024-08-22,Community Hospital,Abuja,Ultrasound,Radiant Suppliers,China
3546,14,150,2024-08-27,Hope Clinic,Kano,MRI Machine,TechHealth Inc.,Canada
3547,20,300,2024-09-01,Healing Hands Hospital,Lagos,Defibrillator,SoloSupplier Inc.,UK
3548,5,750,2024-09-06,City Hospital,Rivers,Ventilator,ExclusiveTech Ltd.,Germany
3549,10,400,2024-09-11,Metro Medical Center,Abuja,Surgical Table,HealthEquip Ltd.,UK
3550,12,200,2024-09-16,State Hospital,Oyo,MRI Machine,MedTech Co.,USA
3551,10,250,2024-01-15,General Hospital,Lagos,MRI Machine,MedTech Co.,USA
3552,5,200,2024-01-20,City Hospital,Abuja,MRI Machine,HealthEquip Ltd.,UK
3553,20,150,2024-01-25,Central Hospital,Rivers,X-Ray Machine,Radiant Suppliers,China
3554,15,300,2024-01-30,Sunshine Hospital,Lagos,CT Scanner,TechHealth Inc.,Canada
3555,8,500,2024-02-04,Community Hospital,Kaduna,Ultrasound,HealthEquip Ltd.,UK
3556,12,180,2024-02-09,Healing Hands Hospital,Enugu,X-Ray Machine,Radiant Suppliers,China
3557,25,220,2024-02-14,Hope Hospital,Kano,MRI Machine,MedTech Co.,USA
3558,30,320,2024-02-19,Unity Hospital,Lagos,CT Scanner,TechHealth Inc.,Canada
3559,10,550,2024-02-24,Metro Hospital,Abuja,Ultrasound,HealthEquip Ltd.,UK
3560,50,130,2024-02-29,State Hospital,Oyo,X-Ray Machine,Radiant Suppliers,China
3561,20,270,2024-03-05,City Medical Center,Lagos,MRI Machine,MedTech Co.,USA
3562,6,300,2024-03-10,General Hospital,Rivers,CT Scanner,TechHealth Inc.,Canada
3563,15,250,2024-03-15,Central Clinic,Ogun,Ultrasound,HealthEquip Ltd.,UK
3564,4,450,2024-03-20,Healing Touch Hospital,Enugu,MRI Machine,Radiant Suppliers,China
3565,25,180,2024-03-25,Sunshine Medical,Lagos,X-Ray Machine,MedTech Co.,USA
3566,18,600,2024-03-30,Hope Clinic,Kano,CT Scanner,HealthEquip Ltd.,UK
3567,14,150,2024-04-04,Metro Medical Center,Abuja,Ultrasound,TechHealth Inc.,Canada
3568,11,200,2024-04-09,State Medical Center,Oyo,MRI Machine,MedTech Co.,USA
3569,30,400,2024-04-14,General Clinic,Lagos,CT Scanner,HealthEquip Ltd.,UK
3570,10,150,2024-04-19,City Hospital,Rivers,Ultrasound,TechHealth Inc.,Canada
3571,12,350,2024-04-24,Hope Hospital,Abuja,MRI Machine,Radiant Suppliers,China
3572,10,450,2024-04-29,Healing Hands Hospital,Enugu,X-Ray Machine,HealthEquip Ltd.,UK
3573,5,600,2024-05-04,Central Hospital,Kaduna,Ultrasound,MedTech Co.,USA
3574,20,120,2024-05-09,State Hospital,Oyo,X-Ray Machine,Radiant Suppliers,China
3575,15,330,2024-05-14,City Medical Center,Lagos,MRI Machine,TechHealth Inc.,Canada
3576,10,450,2024-05-19,Central Hospital,Rivers,Ultrasound,HealthEquip Ltd.,UK
3577,7,200,2024-05-24,Metro Hospital,Abuja,X-Ray Machine,Radiant Suppliers,China
3578,25,280,2024-05-29,Hope Clinic,Kano,CT Scanner,TechHealth Inc.,Canada
3579,30,400,2024-06-03,Sunshine Hospital,Lagos,MRI Machine,MedTech Co.,USA
3580,15,170,2024-06-08,General Hospital,Enugu,Ultrasound,HealthEquip Ltd.,UK
3581,12,300,2024-06-13,State Medical Center,Oyo,CT Scanner,MedTech Co.,USA
3582,6,400,2024-06-18,Healing Hands Hospital,Rivers,MRI Machine,HealthEquip Ltd.,Canada
3583,8,250,2024-06-23,Metro Medical Center,Abuja,X-Ray Machine,TechHealth Inc.,UK
3584,14,150,2024-06-28,Central Clinic,Kaduna,Ultrasound,MedTech Co.,China
3585,25,220,2024-07-03,Community Hospital,Lagos,MRI Machine,MedTech Co.,USA
3586,18,600,2024-07-08,Sunshine Medical,Kano,CT Scanner,HealthEquip Ltd.,UK
3587,10,150,2024-07-13,Hope Hospital,Enugu,Ultrasound,Radiant Suppliers,China
3588,11,300,2024-07-18,City Medical Center,Oyo,X-Ray Machine,HealthEquip Ltd.,UK
3589,25,320,2024-07-23,State Hospital,Lagos,MRI Machine,Radiant Suppliers,China
3590,12,400,2024-07-28,General Hospital,Kaduna,CT Scanner,HealthEquip Ltd.,UK
3591,30,200,2024-08-02,Healing Touch Hospital,Rivers,X-Ray Machine,Radiant Suppliers,China
3592,15,150,2024-08-07,Metro Hospital,Abuja,Ultrasound,TechHealth Inc.,Canada
3593,20,350,2024-08-12,Central Hospital,Enugu,MRI Machine,MedTech Co.,USA
3594,5,450,2024-08-17,Sunshine Hospital,Lagos,CT Scanner,HealthEquip Ltd.,UK
3595,10,250,2024-08-22,Community Hospital,Abuja,Ultrasound,Radiant Suppliers,China
3596,14,150,2024-08-27,Hope Clinic,Kano,MRI Machine,TechHealth Inc.,Canada
3597,20,300,2024-09-01,Healing Hands Hospital,Lagos,Defibrillator,SoloSupplier Inc.,UK
3598,5,750,2024-09-06,City Hospital,Rivers,Ventilator,ExclusiveTech Ltd.,Germany
3599,10,400,2024-09-11,Metro Medical Center,Abuja,Surgical Table,HealthEquip Ltd.,UK
3600,12,200,2024-09-16,State Hospital,Oyo,MRI Machine,MedTech Co.,USA
3601,10,250,2024-01-15,General Hospital,Lagos,MRI Machine,MedTech Co.,USA
3602,5,200,2024-01-20,City Hospital,Abuja,MRI Machine,HealthEquip Ltd.,UK
3603,20,150,2024-01-25,Central Hospital,Rivers,X-Ray Machine,Radiant Suppliers,China
3604,15,300,2024-01-30,Sunshine Hospital,Lagos,CT Scanner,TechHealth Inc.,Canada
3605,8,500,2024-02-04,Community Hospital,Kaduna,Ultrasound,HealthEquip Ltd.,UK
3606,12,180,2024-02-09,Healing Hands Hospital,Enugu,X-Ray Machine,Radiant Suppliers,China
3607,25,220,2024-02-14,Hope Hospital,Kano,MRI Machine,MedTech Co.,USA
3608,30,320,2024-02-19,Unity Hospital,Lagos,CT Scanner,TechHealth Inc.,Canada
3609,10,550,2024-02-24,Metro Hospital,Abuja,Ultrasound,HealthEquip Ltd.,UK
3610,50,130,2024-02-29,State Hospital,Oyo,X-Ray Machine,Radiant Suppliers,China
3611,20,270,2024-03-05,City Medical Center,Lagos,MRI Machine,MedTech Co.,USA
3612,6,300,2024-03-10,General Hospital,Rivers,CT Scanner,TechHealth Inc.,Canada
3613,15,250,2024-03-15,Central Clinic,Ogun,Ultrasound,HealthEquip Ltd.,UK
3614,4,450,2024-03-20,Healing Touch Hospital,Enugu,MRI Machine,Radiant Suppliers,China
3615,25,180,2024-03-25,Sunshine Medical,Lagos,X-Ray Machine,MedTech Co.,USA
3616,18,600,2024-03-30,Hope Clinic,Kano,CT Scanner,HealthEquip Ltd.,UK
3617,14,150,2024-04-04,Metro Medical Center,Abuja,Ultrasound,TechHealth Inc.,Canada
3618,11,200,2024-04-09,State Medical Center,Oyo,MRI Machine,MedTech Co.,USA
3619,30,400,2024-04-14,General Clinic,Lagos,CT Scanner,HealthEquip Ltd.,UK
3620,10,150,2024-04-19,City Hospital,Rivers,Ultrasound,TechHealth Inc.,Canada
3621,12,350,2024-04-24,Hope Hospital,Abuja,MRI Machine,Radiant Suppliers,China
3622,10,450,2024-04-29,Healing Hands Hospital,Enugu,X-Ray Machine,HealthEquip Ltd.,UK
3623,5,600,2024-05-04,Central Hospital,Kaduna,Ultrasound,MedTech Co.,USA
3624,20,120,2024-05-09,State Hospital,Oyo,X-Ray Machine,Radiant Suppliers,China
3625,15,330,2024-05-14,City Medical Center,Lagos,MRI Machine,TechHealth Inc.,Canada
3626,10,450,2024-05-19,Central Hospital,Rivers,Ultrasound,HealthEquip Ltd.,UK
3627,7,200,2024-05-24,Metro Hospital,Abuja,X-Ray Machine,Radiant Suppliers,China
3628,25,280,2024-05-29,Hope Clinic,Kano,CT Scanner,TechHealth Inc.,Canada
3629,30,400,2024-06-03,Sunshine Hospital,Lagos,MRI Machine,MedTech Co.,USA
3630,15,170,2024-06-08,General Hospital,Enugu,Ultrasound,HealthEquip Ltd.,UK
3631,12,300,2024-06-13,State Medical Center,Oyo,CT Scanner,MedTech Co.,USA
3632,6,400,2024-06-18,Healing Hands Hospital,Rivers,MRI Machine,HealthEquip Ltd.,Canada
3633,8,250,2024-06-23,Metro Medical Center,Abuja,X-Ray Machine,TechHealth Inc.,UK
3634,14,150,2024-06-28,Central Clinic,Kaduna,Ultrasound,MedTech Co.,China
3635,25,220,2024-07-03,Community Hospital,Lagos,MRI Machine,MedTech Co.,USA
3636,18,600,2024-07-08,Sunshine Medical,Kano,CT Scanner,HealthEquip Ltd.,UK
3637,10,150,2024-07-13,Hope Hospital,Enugu,Ultrasound,Radiant Suppliers,China
3638,11,300,2024-07-18,City Medical Center,Oyo,X-Ray Machine,HealthEquip Ltd.,UK
3639,25,320,2024-07-23,State Hospital,Lagos,MRI Machine,Radiant Suppliers,China
3640,12,400,2024-07-28,General Hospital,Kaduna,CT Scanner,HealthEquip Ltd.,UK
3641,30,200,2024-08-02,Healing Touch Hospital,Rivers,X-Ray Machine,Radiant Suppliers,China
3642,15,150,2024-08-07,Metro Hospital,Abuja,Ultrasound,TechHealth Inc.,Canada
3643,20,350,2024-08-12,Central Hospital,Enugu,MRI Machine,MedTech Co.,USA
3644,5,450,2024-08-17,Sunshine Hospital,Lagos,CT Scanner,HealthEquip Ltd.,UK
3645,10,250,2024-08-22,Community Hospital,Abuja,Ultrasound,Radiant Suppliers,China
3646,14,150,2024-08-27,Hope Clinic,Kano,MRI Machine,TechHealth Inc.,Canada
3647,20,300,2024-09-01,Healing Hands Hospital,Lagos,Defibrillator,SoloSupplier Inc.,UK
3648,5,750,2024-09-06,City Hospital,Rivers,Ventilator,ExclusiveTech Ltd.,Germany
3649,10,400,2024-09-11,Metro Medical Center,Abuja,Surgical Table,HealthEquip Ltd.,UK
3650,12,200,2024-09-16,State Hospital,Oyo,MRI Machine,MedTech Co.,USA
3651,10,250,2024-01-15,General Hospital,Lagos,MRI Machine,MedTech Co.,USA
3652,5,200,2024-01-20,City Hospital,Abuja,MRI Machine,HealthEquip Ltd.,UK
3653,20,150,2024-01-25,Central Hospital,Rivers,X-Ray Machine,Radiant Suppliers,China
3654,15,300,2024-01-30,Sunshine Hospital,Lagos,CT Scanner,TechHealth Inc.,Canada
3655,8,500,2024-02-04,Community Hospital,Kaduna,Ultrasound,HealthEquip Ltd.,UK
3656,12,180,2024-02-09,Healing Hands Hospital,Enugu,X-Ray Machine,Radiant Suppliers,China
3657,25,220,2024-02-14,Hope Hospital,Kano,MRI Machine,MedTech Co.,USA
3658,30,320,2024-02-19,Unity Hospital,Lagos,CT Scanner,TechHealth Inc.,Canada
3659,10,550,2024-02-24,Metro Hospital,Abuja,Ultrasound,HealthEquip Ltd.,UK
3660,50,130,2024-02-29,State Hospital,Oyo,X-Ray Machine,Radiant Suppliers,China
3661,20,270,2024-03-05,City Medical Center,Lagos,MRI Machine,MedTech Co.,USA
3662,6,300,2024-03-10,General Hospital,Rivers,CT Scanner,TechHealth Inc.,Canada
3663,15,250,2024-03-15,Central Clinic,Ogun,Ultrasound,HealthEquip Ltd.,UK
3664,4,450,2024-03-20,Healing Touch Hospital,Enugu,MRI Machine,Radiant Suppliers,China
3665,25,180,2024-03-25,Sunshine Medical,Lagos,X-Ray Machine,MedTech Co.,USA
3666,18,600,2024-03-30,Hope Clinic,Kano,CT Scanner,HealthEquip Ltd.,UK
3667,14,150,2024-04-04,Metro Medical Center,Abuja,Ultrasound,TechHealth Inc.,Canada
3668,11,200,2024-04-09,State Medical Center,Oyo,MRI Machine,MedTech Co.,USA
3669,30,400,2024-04-14,General Clinic,Lagos,CT Scanner,HealthEquip Ltd.,UK
3670,10,150,2024-04-19,City Hospital,Rivers,Ultrasound,TechHealth Inc.,Canada
3671,12,350,2024-04-24,Hope Hospital,Abuja,MRI Machine,Radiant Suppliers,China
3672,10,450,2024-04-29,Healing Hands Hospital,Enugu,X-Ray Machine,HealthEquip Ltd.,UK
3673,5,600,2024-05-04,Central Hospital,Kaduna,Ultrasound,MedTech Co.,USA
3674,20,120,2024-05-09,State Hospital,Oyo,X-Ray Machine,Radiant Suppliers,China
3675,15,330,2024-05-14,City Medical Center,Lagos,MRI Machine,TechHealth Inc.,Canada
3676,10,450,2024-05-19,Central Hospital,Rivers,Ultrasound,HealthEquip Ltd.,UK
3677,7,200,2024-05-24,Metro Hospital,Abuja,X-Ray Machine,Radiant Suppliers,China
3678,25,280,2024-05-29,Hope Clinic,Kano,CT Scanner,TechHealth Inc.,Canada
3679,30,400,2024-06-03,Sunshine Hospital,Lagos,MRI Machine,MedTech Co.,USA
3680,15,170,2024-06-08,General Hospital,Enugu,Ultrasound,HealthEquip Ltd.,UK
3681,12,300,2024-06-13,State Medical Center,Oyo,CT Scanner,MedTech Co.,USA
3682,6,400,2024-06-18,Healing Hands Hospital,Rivers,MRI Machine,HealthEquip Ltd.,Canada
3683,8,250,2024-06-23,Metro Medical Center,Abuja,X-Ray Machine,TechHealth Inc.,UK
3684,14,150,2024-06-28,Central Clinic,Kaduna,Ultrasound,MedTech Co.,China
3685,25,220,2024-07-03,Community Hospital,Lagos,MRI Machine,MedTech Co.,USA
3686,18,600,2024-07-08,Sunshine Medical,Kano,CT Scanner,HealthEquip Ltd.,UK
3687,10,150,2024-07-13,Hope Hospital,Enugu,Ultrasound,Radiant Suppliers,China
3688,11,300,2024-07-18,City Medical Center,Oyo,X-Ray Machine,HealthEquip Ltd.,UK
3689,25,320,2024-07-23,State Hospital,Lagos,MRI Machine,Radiant Suppliers,China
3690,12,400,2024-07-28,General Hospital,Kaduna,CT Scanner,HealthEquip Ltd.,UK
3691,30,200,2024-08-02,Healing Touch Hospital,Rivers,X-Ray Machine,Radiant Suppliers,China
3692,15,150,2024-08-07,Metro Hospital,Abuja,Ultrasound,TechHealth Inc.,Canada
3693,20,350,2024-08-12,Central Hospital,Enugu,MRI Machine,MedTech Co.,USA
3694,5,450,2024-08-17,Sunshine Hospital,Lagos,CT Scanner,HealthEquip Ltd.,UK
3695,10,250,2024-08-22,Community Hospital,Abuja,Ultrasound,Radiant Suppliers,China
3696,14,150,2024-08-27,Hope Clinic,Kano,MRI Machine,TechHealth Inc.,Canada
3697,20,300,2024-09-01,Healing Hands Hospital,Lagos,Defibrillator,SoloSupplier Inc.,UK
3698,5,750,2024-09-06,City Hospital,Rivers,Ventilator,ExclusiveTech Ltd.,Germany
3699,10,400,2024-09-11,Metro Medical Center,Abuja,Surgical Table,HealthEquip Ltd.,UK
3700,12,200,2024-09-16,State Hospital,Oyo,MRI Machine,MedTech Co.,USA
3701,10,250,2024-01-15,General Hospital,Lagos,MRI Machine,MedTech Co.,USA
3702,5,200,2024-01-20,City Hospital,Abuja,MRI Machine,HealthEquip Ltd.,UK
3703,20,150,2024-01-25,Central Hospital,Rivers,X-Ray Machine,Radiant Suppliers,China
3704,15,300,2024-01-30,Sunshine Hospital,Lagos,CT Scanner,TechHealth Inc.,Canada
3705,8,500,2024-02-04,Community Hospital,Kaduna,Ultrasound,HealthEquip Ltd.,UK
3706,12,180,2024-02-09,Healing Hands Hospital,Enugu,X-Ray Machine,Radiant Suppliers,China
3707,25,220,2024-02-14,Hope Hospital,Kano,MRI Machine,MedTech Co.,USA
3708,30,320,2024-02-19,Unity Hospital,Lagos,CT Scanner,TechHealth Inc.,Canada
3709,10,550,2024-02-24,Metro Hospital,Abuja,Ultrasound,HealthEquip Ltd.,UK
3710,50,130,2024-02-29,State Hospital,Oyo,X-Ray Machine,Radiant Suppliers,China
3711,20,270,2024-03-05,City Medical Center,Lagos,MRI Machine,MedTech Co.,USA
3712,6,300,2024-03-10,General Hospital,Rivers,CT Scanner,TechHealth Inc.,Canada
3713,15,250,2024-03-15,Central Clinic,Ogun,Ultrasound,HealthEquip Ltd.,UK
3714,4,450,2024-03-20,Healing Touch Hospital,Enugu,MRI Machine,Radiant Suppliers,China
3715,25,180,2024-03-25,Sunshine Medical,Lagos,X-Ray Machine,MedTech Co.,USA
3716,18,600,2024-03-30,Hope Clinic,Kano,CT Scanner,HealthEquip Ltd.,UK
3717,14,150,2024-04-04,Metro Medical Center,Abuja,Ultrasound,TechHealth Inc.,Canada
3718,11,200,2024-04-09,State Medical Center,Oyo,MRI Machine,MedTech Co.,USA
3719,30,400,2024-04-14,General Clinic,Lagos,CT Scanner,HealthEquip Ltd.,UK
3720,10,150,2024-04-19,City Hospital,Rivers,Ultrasound,TechHealth Inc.,Canada
3721,12,350,2024-04-24,Hope Hospital,Abuja,MRI Machine,Radiant Suppliers,China
3722,10,450,2024-04-29,Healing Hands Hospital,Enugu,X-Ray Machine,HealthEquip Ltd.,UK
3723,5,600,2024-05-04,Central Hospital,Kaduna,Ultrasound,MedTech Co.,USA
3724,20,120,2024-05-09,State Hospital,Oyo,X-Ray Machine,Radiant Suppliers,China
3725,15,330,2024-05-14,City Medical Center,Lagos,MRI Machine,TechHealth Inc.,Canada
3726,10,450,2024-05-19,Central Hospital,Rivers,Ultrasound,HealthEquip Ltd.,UK
3727,7,200,2024-05-24,Metro Hospital,Abuja,X-Ray Machine,Radiant Suppliers,China
3728,25,280,2024-05-29,Hope Clinic,Kano,CT Scanner,TechHealth Inc.,Canada
3729,30,400,2024-06-03,Sunshine Hospital,Lagos,MRI Machine,MedTech Co.,USA
3730,15,170,2024-06-08,General Hospital,Enugu,Ultrasound,HealthEquip Ltd.,UK
3731,12,300,2024-06-13,State Medical Center,Oyo,CT Scanner,MedTech Co.,USA
3732,6,400,2024-06-18,Healing Hands Hospital,Rivers,MRI Machine,HealthEquip Ltd.,Canada
3733,8,250,2024-06-23,Metro Medical Center,Abuja,X-Ray Machine,TechHealth Inc.,UK
3734,14,150,2024-06-28,Central Clinic,Kaduna,Ultrasound,MedTech Co.,China
3735,25,220,2024-07-03,Community Hospital,Lagos,MRI Machine,MedTech Co.,USA
3736,18,600,2024-07-08,Sunshine Medical,Kano,CT Scanner,HealthEquip Ltd.,UK
3737,10,150,2024-07-13,Hope Hospital,Enugu,Ultrasound,Radiant Suppliers,China
3738,11,300,2024-07-18,City Medical Center,Oyo,X-Ray Machine,HealthEquip Ltd.,UK
3739,25,320,2024-07-23,State Hospital,Lagos,MRI Machine,Radiant Suppliers,China
3740,12,400,2024-07-28,General Hospital,Kaduna,CT Scanner,HealthEquip Ltd.,UK
3741,30,200,2024-08-02,Healing Touch Hospital,Rivers,X-Ray Machine,Radiant Suppliers,China
3742,15,150,2024-08-07,Metro Hospital,Abuja,Ultrasound,TechHealth Inc.,Canada
3743,20,350,2024-08-12,Central Hospital,Enugu,MRI Machine,MedTech Co.,USA
3744,5,450,2024-08-17,Sunshine Hospital,Lagos,CT Scanner,HealthEquip Ltd.,UK
3745,10,250,2024-08-22,Community Hospital,Abuja,Ultrasound,Radiant Suppliers,China
3746,14,150,2024-08-27,Hope Clinic,Kano,MRI Machine,TechHealth Inc.,Canada
3747,20,300,2024-09-01,Healing Hands Hospital,Lagos,Defibrillator,SoloSupplier Inc.,UK
3748,5,750,2024-09-06,City Hospital,Rivers,Ventilator,ExclusiveTech Ltd.,Germany
3749,10,400,2024-09-11,Metro Medical Center,Abuja,Surgical Table,HealthEquip Ltd.,UK
3750,12,200,2024-09-16,State Hospital,Oyo,MRI Machine,MedTech Co.,USA
3751,10,250,2024-01-15,General Hospital,Lagos,MRI Machine,MedTech Co.,USA
3752,5,200,2024-01-20,City Hospital,Abuja,MRI Machine,HealthEquip Ltd.,UK
3753,20,150,2024-01-25,Central Hospital,Rivers,X-Ray Machine,Radiant Suppliers,China
3754,15,300,2024-01-30,Sunshine Hospital,Lagos,CT Scanner,TechHealth Inc.,Canada
3755,8,500,2024-02-04,Community Hospital,Kaduna,Ultrasound,HealthEquip Ltd.,UK
3756,12,180,2024-02-09,Healing Hands Hospital,Enugu,X-Ray Machine,Radiant Suppliers,China
3757,25,220,2024-02-14,Hope Hospital,Kano,MRI Machine,MedTech Co.,USA
3758,30,320,2024-02-19,Unity Hospital,Lagos,CT Scanner,TechHealth Inc.,Canada
3759,10,550,2024-02-24,Metro Hospital,Abuja,Ultrasound,HealthEquip Ltd.,UK
3760,50,130,2024-02-29,State Hospital,Oyo,X-Ray Machine,Radiant Suppliers,China
3761,20,270,2024-03-05,City Medical Center,Lagos,MRI Machine,MedTech Co.,USA
3762,6,300,2024-03-10,General Hospital,Rivers,CT Scanner,TechHealth Inc.,Canada
3763,15,250,2024-03-15,Central Clinic,Ogun,Ultrasound,HealthEquip Ltd.,UK
3764,4,450,2024-03-20,Healing Touch Hospital,Enugu,MRI Machine,Radiant Suppliers,China
3765,25,180,2024-03-25,Sunshine Medical,Lagos,X-Ray Machine,MedTech Co.,USA
3766,18,600,2024-03-30,Hope Clinic,Kano,CT Scanner,HealthEquip Ltd.,UK
3767,14,150,2024-04-04,Metro Medical Center,Abuja,Ultrasound,TechHealth Inc.,Canada
3768,11,200,2024-04-09,State Medical Center,Oyo,MRI Machine,MedTech Co.,USA
3769,30,400,2024-04-14,General Clinic,Lagos,CT Scanner,HealthEquip Ltd.,UK
3770,10,150,2024-04-19,City Hospital,Rivers,Ultrasound,TechHealth Inc.,Canada
3771,12,350,2024-04-24,Hope Hospital,Abuja,MRI Machine,Radiant Suppliers,China
3772,10,450,2024-04-29,Healing Hands Hospital,Enugu,X-Ray Machine,HealthEquip Ltd.,UK
3773,5,600,2024-05-04,Central Hospital,Kaduna,Ultrasound,MedTech Co.,USA
3774,20,120,2024-05-09,State Hospital,Oyo,X-Ray Machine,Radiant Suppliers,China
3775,15,330,2024-05-14,City Medical Center,Lagos,MRI Machine,TechHealth Inc.,Canada
3776,10,450,2024-05-19,Central Hospital,Rivers,Ultrasound,HealthEquip Ltd.,UK
3777,7,200,2024-05-24,Metro Hospital,Abuja,X-Ray Machine,Radiant Suppliers,China
3778,25,280,2024-05-29,Hope Clinic,Kano,CT Scanner,TechHealth Inc.,Canada
3779,30,400,2024-06-03,Sunshine Hospital,Lagos,MRI Machine,MedTech Co.,USA
3780,15,170,2024-06-08,General Hospital,Enugu,Ultrasound,HealthEquip Ltd.,UK
3781,12,300,2024-06-13,State Medical Center,Oyo,CT Scanner,MedTech Co.,USA
3782,6,400,2024-06-18,Healing Hands Hospital,Rivers,MRI Machine,HealthEquip Ltd.,Canada
3783,8,250,2024-06-23,Metro Medical Center,Abuja,X-Ray Machine,TechHealth Inc.,UK
3784,14,150,2024-06-28,Central Clinic,Kaduna,Ultrasound,MedTech Co.,China
3785,25,220,2024-07-03,Community Hospital,Lagos,MRI Machine,MedTech Co.,USA
3786,18,600,2024-07-08,Sunshine Medical,Kano,CT Scanner,HealthEquip Ltd.,UK
3787,10,150,2024-07-13,Hope Hospital,Enugu,Ultrasound,Radiant Suppliers,China
3788,11,300,2024-07-18,City Medical Center,Oyo,X-Ray Machine,HealthEquip Ltd.,UK
3789,25,320,2024-07-23,State Hospital,Lagos,MRI Machine,Radiant Suppliers,China
3790,12,400,2024-07-28,General Hospital,Kaduna,CT Scanner,HealthEquip Ltd.,UK
3791,30,200,2024-08-02,Healing Touch Hospital,Rivers,X-Ray Machine,Radiant Suppliers,China
3792,15,150,2024-08-07,Metro Hospital,Abuja,Ultrasound,TechHealth Inc.,Canada
3793,20,350,2024-08-12,Central Hospital,Enugu,MRI Machine,MedTech Co.,USA
3794,5,450,2024-08-17,Sunshine Hospital,Lagos,CT Scanner,HealthEquip Ltd.,UK
3795,10,250,2024-08-22,Community Hospital,Abuja,Ultrasound,Radiant Suppliers,China
3796,14,150,2024-08-27,Hope Clinic,Kano,MRI Machine,TechHealth Inc.,Canada
3797,20,300,2024-09-01,Healing Hands Hospital,Lagos,Defibrillator,SoloSupplier Inc.,UK
3798,5,750,2024-09-06,City Hospital,Rivers,Ventilator,ExclusiveTech Ltd.,Germany
3799,10,400,2024-09-11,Metro Medical Center,Abuja,Surgical Table,HealthEquip Ltd.,UK
3800,12,200,2024-09-16,State Hospital,Oyo,MRI Machine,MedTech Co.,USA
3801,10,250,2024-01-15,General Hospital,Lagos,MRI Machine,MedTech Co.,USA
3802,5,200,2024-01-20,City Hospital,Abuja,MRI Machine,HealthEquip Ltd.,UK
3803,20,150,2024-01-25,Central Hospital,Rivers,X-Ray Machine,Radiant Suppliers,China
3804,15,300,2024-01-30,Sunshine Hospital,Lagos,CT Scanner,TechHealth Inc.,Canada
3805,8,500,2024-02-04,Community Hospital,Kaduna,Ultrasound,HealthEquip Ltd.,UK
3806,12,180,2024-02-09,Healing Hands Hospital,Enugu,X-Ray Machine,Radiant Suppliers,China
3807,25,220,2024-02-14,Hope Hospital,Kano,MRI Machine,MedTech Co.,USA
3808,30,320,2024-02-19,Unity Hospital,Lagos,CT Scanner,TechHealth Inc.,Canada
3809,10,550,2024-02-24,Metro Hospital,Abuja,Ultrasound,HealthEquip Ltd.,UK
3810,50,130,2024-02-29,State Hospital,Oyo,X-Ray Machine,Radiant Suppliers,China
3811,20,270,2024-03-05,City Medical Center,Lagos,MRI Machine,MedTech Co.,USA
3812,6,300,2024-03-10,General Hospital,Rivers,CT Scanner,TechHealth Inc.,Canada
3813,15,250,2024-03-15,Central Clinic,Ogun,Ultrasound,HealthEquip Ltd.,UK
3814,4,450,2024-03-20,Healing Touch Hospital,Enugu,MRI Machine,Radiant Suppliers,China
3815,25,180,2024-03-25,Sunshine Medical,Lagos,X-Ray Machine,MedTech Co.,USA
3816,18,600,2024-03-30,Hope Clinic,Kano,CT Scanner,HealthEquip Ltd.,UK
3817,14,150,2024-04-04,Metro Medical Center,Abuja,Ultrasound,TechHealth Inc.,Canada
3818,11,200,2024-04-09,State Medical Center,Oyo,MRI Machine,MedTech Co.,USA
3819,30,400,2024-04-14,General Clinic,Lagos,CT Scanner,HealthEquip Ltd.,UK
3820,10,150,2024-04-19,City Hospital,Rivers,Ultrasound,TechHealth Inc.,Canada
3821,12,350,2024-04-24,Hope Hospital,Abuja,MRI Machine,Radiant Suppliers,China
3822,10,450,2024-04-29,Healing Hands Hospital,Enugu,X-Ray Machine,HealthEquip Ltd.,UK
3823,5,600,2024-05-04,Central Hospital,Kaduna,Ultrasound,MedTech Co.,USA
3824,20,120,2024-05-09,State Hospital,Oyo,X-Ray Machine,Radiant Suppliers,China
3825,15,330,2024-05-14,City Medical Center,Lagos,MRI Machine,TechHealth Inc.,Canada
3826,10,450,2024-05-19,Central Hospital,Rivers,Ultrasound,HealthEquip Ltd.,UK
3827,7,200,2024-05-24,Metro Hospital,Abuja,X-Ray Machine,Radiant Suppliers,China
3828,25,280,2024-05-29,Hope Clinic,Kano,CT Scanner,TechHealth Inc.,Canada
3829,30,400,2024-06-03,Sunshine Hospital,Lagos,MRI Machine,MedTech Co.,USA
3830,15,170,2024-06-08,General Hospital,Enugu,Ultrasound,HealthEquip Ltd.,UK
3831,12,300,2024-06-13,State Medical Center,Oyo,CT Scanner,MedTech Co.,USA
3832,6,400,2024-06-18,Healing Hands Hospital,Rivers,MRI Machine,HealthEquip Ltd.,Canada
3833,8,250,2024-06-23,Metro Medical Center,Abuja,X-Ray Machine,TechHealth Inc.,UK
3834,14,150,2024-06-28,Central Clinic,Kaduna,Ultrasound,MedTech Co.,China
3835,25,220,2024-07-03,Community Hospital,Lagos,MRI Machine,MedTech Co.,USA
3836,18,600,2024-07-08,Sunshine Medical,Kano,CT Scanner,HealthEquip Ltd.,UK
3837,10,150,2024-07-13,Hope Hospital,Enugu,Ultrasound,Radiant Suppliers,China
3838,11,300,2024-07-18,City Medical Center,Oyo,X-Ray Machine,HealthEquip Ltd.,UK
3839,25,320,2024-07-23,State Hospital,Lagos,MRI Machine,Radiant Suppliers,China
3840,12,400,2024-07-28,General Hospital,Kaduna,CT Scanner,HealthEquip Ltd.,UK
3841,30,200,2024-08-02,Healing Touch Hospital,Rivers,X-Ray Machine,Radiant Suppliers,China
3842,15,150,2024-08-07,Metro Hospital,Abuja,Ultrasound,TechHealth Inc.,Canada
3843,20,350,2024-08-12,Central Hospital,Enugu,MRI Machine,MedTech Co.,USA
3844,5,450,2024-08-17,Sunshine Hospital,Lagos,CT Scanner,HealthEquip Ltd.,UK
3845,10,250,2024-08-22,Community Hospital,Abuja,Ultrasound,Radiant Suppliers,China
3846,14,150,2024-08-27,Hope Clinic,Kano,MRI Machine,TechHealth Inc.,Canada
3847,20,300,2024-09-01,Healing Hands Hospital,Lagos,Defibrillator,SoloSupplier Inc.,UK
3848,5,750,2024-09-06,City Hospital,Rivers,Ventilator,ExclusiveTech Ltd.,Germany
3849,10,400,2024-09-11,Metro Medical Center,Abuja,Surgical Table,HealthEquip Ltd.,UK
3850,12,200,2024-09-16,State Hospital,Oyo,MRI Machine,MedTech Co.,USA
3851,10,250,2024-01-15,General Hospital,Lagos,MRI Machine,MedTech Co.,USA
3852,5,200,2024-01-20,City Hospital,Abuja,MRI Machine,HealthEquip Ltd.,UK
3853,20,150,2024-01-25,Central Hospital,Rivers,X-Ray Machine,Radiant Suppliers,China
3854,15,300,2024-01-30,Sunshine Hospital,Lagos,CT Scanner,TechHealth Inc.,Canada
3855,8,500,2024-02-04,Community Hospital,Kaduna,Ultrasound,HealthEquip Ltd.,UK
3856,12,180,2024-02-09,Healing Hands Hospital,Enugu,X-Ray Machine,Radiant Suppliers,China
3857,25,220,2024-02-14,Hope Hospital,Kano,MRI Machine,MedTech Co.,USA
3858,30,320,2024-02-19,Unity Hospital,Lagos,CT Scanner,TechHealth Inc.,Canada
3859,10,550,2024-02-24,Metro Hospital,Abuja,Ultrasound,HealthEquip Ltd.,UK
3860,50,130,2024-02-29,State Hospital,Oyo,X-Ray Machine,Radiant Suppliers,China
3861,20,270,2024-03-05,City Medical Center,Lagos,MRI Machine,MedTech Co.,USA
3862,6,300,2024-03-10,General Hospital,Rivers,CT Scanner,TechHealth Inc.,Canada
3863,15,250,2024-03-15,Central Clinic,Ogun,Ultrasound,HealthEquip Ltd.,UK
3864,4,450,2024-03-20,Healing Touch Hospital,Enugu,MRI Machine,Radiant Suppliers,China
3865,25,180,2024-03-25,Sunshine Medical,Lagos,X-Ray Machine,MedTech Co.,USA
3866,18,600,2024-03-30,Hope Clinic,Kano,CT Scanner,HealthEquip Ltd.,UK
3867,14,150,2024-04-04,Metro Medical Center,Abuja,Ultrasound,TechHealth Inc.,Canada
3868,11,200,2024-04-09,State Medical Center,Oyo,MRI Machine,MedTech Co.,USA
3869,30,400,2024-04-14,General Clinic,Lagos,CT Scanner,HealthEquip Ltd.,UK
3870,10,150,2024-04-19,City Hospital,Rivers,Ultrasound,TechHealth Inc.,Canada
3871,12,350,2024-04-24,Hope Hospital,Abuja,MRI Machine,Radiant Suppliers,China
3872,10,450,2024-04-29,Healing Hands Hospital,Enugu,X-Ray Machine,HealthEquip Ltd.,UK
3873,5,600,2024-05-04,Central Hospital,Kaduna,Ultrasound,MedTech Co.,USA
3874,20,120,2024-05-09,State Hospital,Oyo,X-Ray Machine,Radiant Suppliers,China
3875,15,330,2024-05-14,City Medical Center,Lagos,MRI Machine,TechHealth Inc.,Canada
3876,10,450,2024-05-19,Central Hospital,Rivers,Ultrasound,HealthEquip Ltd.,UK
3877,7,200,2024-05-24,Metro Hospital,Abuja,X-Ray Machine,Radiant Suppliers,China
3878,25,280,2024-05-29,Hope Clinic,Kano,CT Scanner,TechHealth Inc.,Canada
3879,30,400,2024-06-03,Sunshine Hospital,Lagos,MRI Machine,MedTech Co.,USA
3880,15,170,2024-06-08,General Hospital,Enugu,Ultrasound,HealthEquip Ltd.,UK
3881,12,300,2024-06-13,State Medical Center,Oyo,CT Scanner,MedTech Co.,USA
3882,6,400,2024-06-18,Healing Hands Hospital,Rivers,MRI Machine,HealthEquip Ltd.,Canada
3883,8,250,2024-06-23,Metro Medical Center,Abuja,X-Ray Machine,TechHealth Inc.,UK
3884,14,150,2024-06-28,Central Clinic,Kaduna,Ultrasound,MedTech Co.,China
3885,25,220,2024-07-03,Community Hospital,Lagos,MRI Machine,MedTech Co.,USA
3886,18,600,2024-07-08,Sunshine Medical,Kano,CT Scanner,HealthEquip Ltd.,UK
3887,10,150,2024-07-13,Hope Hospital,Enugu,Ultrasound,Radiant Suppliers,China
3888,11,300,2024-07-18,City Medical Center,Oyo,X-Ray Machine,HealthEquip Ltd.,UK
3889,25,320,2024-07-23,State Hospital,Lagos,MRI Machine,Radiant Suppliers,China
3890,12,400,2024-07-28,General Hospital,Kaduna,CT Scanner,HealthEquip Ltd.,UK
3891,30,200,2024-08-02,Healing Touch Hospital,Rivers,X-Ray Machine,Radiant Suppliers,China
3892,15,150,2024-08-07,Metro Hospital,Abuja,Ultrasound,TechHealth Inc.,Canada
3893,20,350,2024-08-12,Central Hospital,Enugu,MRI Machine,MedTech Co.,USA
3894,5,450,2024-08-17,Sunshine Hospital,Lagos,CT Scanner,HealthEquip Ltd.,UK
3895,10,250,2024-08-22,Community Hospital,Abuja,Ultrasound,Radiant Suppliers,China
3896,14,150,2024-08-27,Hope Clinic,Kano,MRI Machine,TechHealth Inc.,Canada
3897,20,300,2024-09-01,Healing Hands Hospital,Lagos,Defibrillator,SoloSupplier Inc.,UK
3898,5,750,2024-09-06,City Hospital,Rivers,Ventilator,ExclusiveTech Ltd.,Germany
3899,10,400,2024-09-11,Metro Medical Center,Abuja,Surgical Table,HealthEquip Ltd.,UK
3900,12,200,2024-09-16,State Hospital,Oyo,MRI Machine,MedTech Co.,USA
3901,10,250,2024-01-15,General Hospital,Lagos,MRI Machine,MedTech Co.,USA
3902,5,200,2024-01-20,City Hospital,Abuja,MRI Machine,HealthEquip Ltd.,UK
3903,20,150,2024-01-25,Central Hospital,Rivers,X-Ray Machine,Radiant Suppliers,China
3904,15,300,2024-01-30,Sunshine Hospital,Lagos,CT Scanner,TechHealth Inc.,Canada
3905,8,500,2024-02-04,Community Hospital,Kaduna,Ultrasound,HealthEquip Ltd.,UK
3906,12,180,2024-02-09,Healing Hands Hospital,Enugu,X-Ray Machine,Radiant Suppliers,China
3907,25,220,2024-02-14,Hope Hospital,Kano,MRI Machine,MedTech Co.,USA
3908,30,320,2024-02-19,Unity Hospital,Lagos,CT Scanner,TechHealth Inc.,Canada
3909,10,550,2024-02-24,Metro Hospital,Abuja,Ultrasound,HealthEquip Ltd.,UK
3910,50,130,2024-02-29,State Hospital,Oyo,X-Ray Machine,Radiant Suppliers,China
3911,20,270,2024-03-05,City Medical Center,Lagos,MRI Machine,MedTech Co.,USA
3912,6,300,2024-03-10,General Hospital,Rivers,CT Scanner,TechHealth Inc.,Canada
3913,15,250,2024-03-15,Central Clinic,Ogun,Ultrasound,HealthEquip Ltd.,UK
3914,4,450,2024-03-20,Healing Touch Hospital,Enugu,MRI Machine,Radiant Suppliers,China
3915,25,180,2024-03-25,Sunshine Medical,Lagos,X-Ray Machine,MedTech Co.,USA
3916,18,600,2024-03-30,Hope Clinic,Kano,CT Scanner,HealthEquip Ltd.,UK
3917,14,150,2024-04-04,Metro Medical Center,Abuja,Ultrasound,TechHealth Inc.,Canada
3918,11,200,2024-04-09,State Medical Center,Oyo,MRI Machine,MedTech Co.,USA
3919,30,400,2024-04-14,General Clinic,Lagos,CT Scanner,HealthEquip Ltd.,UK
3920,10,150,2024-04-19,City Hospital,Rivers,Ultrasound,TechHealth Inc.,Canada
3921,12,350,2024-04-24,Hope Hospital,Abuja,MRI Machine,Radiant Suppliers,China
3922,10,450,2024-04-29,Healing Hands Hospital,Enugu,X-Ray Machine,HealthEquip Ltd.,UK
3923,5,600,2024-05-04,Central Hospital,Kaduna,Ultrasound,MedTech Co.,USA
3924,20,120,2024-05-09,State Hospital,Oyo,X-Ray Machine,Radiant Suppliers,China
3925,15,330,2024-05-14,City Medical Center,Lagos,MRI Machine,TechHealth Inc.,Canada
3926,10,450,2024-05-19,Central Hospital,Rivers,Ultrasound,HealthEquip Ltd.,UK
3927,7,200,2024-05-24,Metro Hospital,Abuja,X-Ray Machine,Radiant Suppliers,China
3928,25,280,2024-05-29,Hope Clinic,Kano,CT Scanner,TechHealth Inc.,Canada
3929,30,400,2024-06-03,Sunshine Hospital,Lagos,MRI Machine,MedTech Co.,USA
3930,15,170,2024-06-08,General Hospital,Enugu,Ultrasound,HealthEquip Ltd.,UK
3931,12,300,2024-06-13,State Medical Center,Oyo,CT Scanner,MedTech Co.,USA
3932,6,400,2024-06-18,Healing Hands Hospital,Rivers,MRI Machine,HealthEquip Ltd.,Canada
3933,8,250,2024-06-23,Metro Medical Center,Abuja,X-Ray Machine,TechHealth Inc.,UK
3934,14,150,2024-06-28,Central Clinic,Kaduna,Ultrasound,MedTech Co.,China
3935,25,220,2024-07-03,Community Hospital,Lagos,MRI Machine,MedTech Co.,USA
3936,18,600,2024-07-08,Sunshine Medical,Kano,CT Scanner,HealthEquip Ltd.,UK
3937,10,150,2024-07-13,Hope Hospital,Enugu,Ultrasound,Radiant Suppliers,China
3938,11,300,2024-07-18,City Medical Center,Oyo,X-Ray Machine,HealthEquip Ltd.,UK
3939,25,320,2024-07-23,State Hospital,Lagos,MRI Machine,Radiant Suppliers,China
3940,12,400,2024-07-28,General Hospital,Kaduna,CT Scanner,HealthEquip Ltd.,UK
3941,30,200,2024-08-02,Healing Touch Hospital,Rivers,X-Ray Machine,Radiant Suppliers,China
3942,15,150,2024-08-07,Metro Hospital,Abuja,Ultrasound,TechHealth Inc.,Canada
3943,20,350,2024-08-12,Central Hospital,Enugu,MRI Machine,MedTech Co.,USA
3944,5,450,2024-08-17,Sunshine Hospital,Lagos,CT Scanner,HealthEquip Ltd.,UK
3945,10,250,2024-08-22,Community Hospital,Abuja,Ultrasound,Radiant Suppliers,China
3946,14,150,2024-08-27,Hope Clinic,Kano,MRI Machine,TechHealth Inc.,Canada
3947,20,300,2024-09-01,Healing Hands Hospital,Lagos,Defibrillator,SoloSupplier Inc.,UK
3948,5,750,2024-09-06,City Hospital,Rivers,Ventilator,ExclusiveTech Ltd.,Germany
3949,10,400,2024-09-11,Metro Medical Center,Abuja,Surgical Table,HealthEquip Ltd.,UK
3950,12,200,2024-09-16,State Hospital,Oyo,MRI Machine,MedTech Co.,USA
3951,10,250,2024-01-15,General Hospital,Lagos,MRI Machine,MedTech Co.,USA
3952,5,200,2024-01-20,City Hospital,Abuja,MRI Machine,HealthEquip Ltd.,UK
3953,20,150,2024-01-25,Central Hospital,Rivers,X-Ray Machine,Radiant Suppliers,China
3954,15,300,2024-01-30,Sunshine Hospital,Lagos,CT Scanner,TechHealth Inc.,Canada
3955,8,500,2024-02-04,Community Hospital,Kaduna,Ultrasound,HealthEquip Ltd.,UK
3956,12,180,2024-02-09,Healing Hands Hospital,Enugu,X-Ray Machine,Radiant Suppliers,China
3957,25,220,2024-02-14,Hope Hospital,Kano,MRI Machine,MedTech Co.,USA
3958,30,320,2024-02-19,Unity Hospital,Lagos,CT Scanner,TechHealth Inc.,Canada
3959,10,550,2024-02-24,Metro Hospital,Abuja,Ultrasound,HealthEquip Ltd.,UK
3960,50,130,2024-02-29,State Hospital,Oyo,X-Ray Machine,Radiant Suppliers,China
3961,20,270,2024-03-05,City Medical Center,Lagos,MRI Machine,MedTech Co.,USA
3962,6,300,2024-03-10,General Hospital,Rivers,CT Scanner,TechHealth Inc.,Canada
3963,15,250,2024-03-15,Central Clinic,Ogun,Ultrasound,HealthEquip Ltd.,UK
3964,4,450,2024-03-20,Healing Touch Hospital,Enugu,MRI Machine,Radiant Suppliers,China
3965,25,180,2024-03-25,Sunshine Medical,Lagos,X-Ray Machine,MedTech Co.,USA
3966,18,600,2024-03-30,Hope Clinic,Kano,CT Scanner,HealthEquip Ltd.,UK
3967,14,150,2024-04-04,Metro Medical Center,Abuja,Ultrasound,TechHealth Inc.,Canada
3968,11,200,2024-04-09,State Medical Center,Oyo,MRI Machine,MedTech Co.,USA
3969,30,400,2024-04-14,General Clinic,Lagos,CT Scanner,HealthEquip Ltd.,UK
3970,10,150,2024-04-19,City Hospital,Rivers,Ultrasound,TechHealth Inc.,Canada
3971,12,350,2024-04-24,Hope Hospital,Abuja,MRI Machine,Radiant Suppliers,China
3972,10,450,2024-04-29,Healing Hands Hospital,Enugu,X-Ray Machine,HealthEquip Ltd.,UK
3973,5,600,2024-05-04,Central Hospital,Kaduna,Ultrasound,MedTech Co.,USA
3974,20,120,2024-05-09,State Hospital,Oyo,X-Ray Machine,Radiant Suppliers,China
3975,15,330,2024-05-14,City Medical Center,Lagos,MRI Machine,TechHealth Inc.,Canada
3976,10,450,2024-05-19,Central Hospital,Rivers,Ultrasound,HealthEquip Ltd.,UK
3977,7,200,2024-05-24,Metro Hospital,Abuja,X-Ray Machine,Radiant Suppliers,China
3978,25,280,2024-05-29,Hope Clinic,Kano,CT Scanner,TechHealth Inc.,Canada
3979,30,400,2024-06-03,Sunshine Hospital,Lagos,MRI Machine,MedTech Co.,USA
3980,15,170,2024-06-08,General Hospital,Enugu,Ultrasound,HealthEquip Ltd.,UK
3981,12,300,2024-06-13,State Medical Center,Oyo,CT Scanner,MedTech Co.,USA
3982,6,400,2024-06-18,Healing Hands Hospital,Rivers,MRI Machine,HealthEquip Ltd.,Canada
3983,8,250,2024-06-23,Metro Medical Center,Abuja,X-Ray Machine,TechHealth Inc.,UK
3984,14,150,2024-06-28,Central Clinic,Kaduna,Ultrasound,MedTech Co.,China
3985,25,220,2024-07-03,Community Hospital,Lagos,MRI Machine,MedTech Co.,USA
3986,18,600,2024-07-08,Sunshine Medical,Kano,CT Scanner,HealthEquip Ltd.,UK
3987,10,150,2024-07-13,Hope Hospital,Enugu,Ultrasound,Radiant Suppliers,China
3988,11,300,2024-07-18,City Medical Center,Oyo,X-Ray Machine,HealthEquip Ltd.,UK
3989,25,320,2024-07-23,State Hospital,Lagos,MRI Machine,Radiant Suppliers,China
3990,12,400,2024-07-28,General Hospital,Kaduna,CT Scanner,HealthEquip Ltd.,UK
3991,30,200,2024-08-02,Healing Touch Hospital,Rivers,X-Ray Machine,Radiant Suppliers,China
3992,15,150,2024-08-07,Metro Hospital,Abuja,Ultrasound,TechHealth Inc.,Canada
3993,20,350,2024-08-12,Central Hospital,Enugu,MRI Machine,MedTech Co.,USA
3994,5,450,2024-08-17,Sunshine Hospital,Lagos,CT Scanner,HealthEquip Ltd.,UK
3995,10,250,2024-08-22,Community Hospital,Abuja,Ultrasound,Radiant Suppliers,China
3996,14,150,2024-08-27,Hope Clinic,Kano,MRI Machine,TechHealth Inc.,Canada
3997,20,300,2024-09-01,Healing Hands Hospital,Lagos,Defibrillator,SoloSupplier Inc.,UK
3998,5,750,2024-09-06,City Hospital,Rivers,Ventilator,ExclusiveTech Ltd.,Germany
3999,10,400,2024-09-11,Metro Medical Center,Abuja,Surgical Table,HealthEquip Ltd.,UK
4000,12,200,2024-09-16,State Hospital,Oyo,MRI Machine,MedTech Co.,USA
4001,10,250,2024-01-15,General Hospital,Lagos,MRI Machine,MedTech Co.,USA
4002,5,200,2024-01-20,City Hospital,Abuja,MRI Machine,HealthEquip Ltd.,UK
4003,20,150,2024-01-25,Central Hospital,Rivers,X-Ray Machine,Radiant Suppliers,China
4004,15,300,2024-01-30,Sunshine Hospital,Lagos,CT Scanner,TechHealth Inc.,Canada
4005,8,500,2024-02-04,Community Hospital,Kaduna,Ultrasound,HealthEquip Ltd.,UK
4006,12,180,2024-02-09,Healing Hands Hospital,Enugu,X-Ray Machine,Radiant Suppliers,China
4007,25,220,2024-02-14,Hope Hospital,Kano,MRI Machine,MedTech Co.,USA
4008,30,320,2024-02-19,Unity Hospital,Lagos,CT Scanner,TechHealth Inc.,Canada
4009,10,550,2024-02-24,Metro Hospital,Abuja,Ultrasound,HealthEquip Ltd.,UK
4010,50,130,2024-02-29,State Hospital,Oyo,X-Ray Machine,Radiant Suppliers,China
4011,20,270,2024-03-05,City Medical Center,Lagos,MRI Machine,MedTech Co.,USA
4012,6,300,2024-03-10,General Hospital,Rivers,CT Scanner,TechHealth Inc.,Canada
4013,15,250,2024-03-15,Central Clinic,Ogun,Ultrasound,HealthEquip Ltd.,UK
4014,4,450,2024-03-20,Healing Touch Hospital,Enugu,MRI Machine,Radiant Suppliers,China
4015,25,180,2024-03-25,Sunshine Medical,Lagos,X-Ray Machine,MedTech Co.,USA
4016,18,600,2024-03-30,Hope Clinic,Kano,CT Scanner,HealthEquip Ltd.,UK
4017,14,150,2024-04-04,Metro Medical Center,Abuja,Ultrasound,TechHealth Inc.,Canada
4018,11,200,2024-04-09,State Medical Center,Oyo,MRI Machine,MedTech Co.,USA
4019,30,400,2024-04-14,General Clinic,Lagos,CT Scanner,HealthEquip Ltd.,UK
4020,10,150,2024-04-19,City Hospital,Rivers,Ultrasound,TechHealth Inc.,Canada
4021,12,350,2024-04-24,Hope Hospital,Abuja,MRI Machine,Radiant Suppliers,China
4022,10,450,2024-04-29,Healing Hands Hospital,Enugu,X-Ray Machine,HealthEquip Ltd.,UK
4023,5,600,2024-05-04,Central Hospital,Kaduna,Ultrasound,MedTech Co.,USA
4024,20,120,2024-05-09,State Hospital,Oyo,X-Ray Machine,Radiant Suppliers,China
4025,15,330,2024-05-14,City Medical Center,Lagos,MRI Machine,TechHealth Inc.,Canada
4026,10,450,2024-05-19,Central Hospital,Rivers,Ultrasound,HealthEquip Ltd.,UK
4027,7,200,2024-05-24,Metro Hospital,Abuja,X-Ray Machine,Radiant Suppliers,China
4028,25,280,2024-05-29,Hope Clinic,Kano,CT Scanner,TechHealth Inc.,Canada
4029,30,400,2024-06-03,Sunshine Hospital,Lagos,MRI Machine,MedTech Co.,USA
4030,15,170,2024-06-08,General Hospital,Enugu,Ultrasound,HealthEquip Ltd.,UK
4031,12,300,2024-06-13,State Medical Center,Oyo,CT Scanner,MedTech Co.,USA
4032,6,400,2024-06-18,Healing Hands Hospital,Rivers,MRI Machine,HealthEquip Ltd.,Canada
4033,8,250,2024-06-23,Metro Medical Center,Abuja,X-Ray Machine,TechHealth Inc.,UK
4034,14,150,2024-06-28,Central Clinic,Kaduna,Ultrasound,MedTech Co.,China
4035,25,220,2024-07-03,Community Hospital,Lagos,MRI Machine,MedTech Co.,USA
4036,18,600,2024-07-08,Sunshine Medical,Kano,CT Scanner,HealthEquip Ltd.,UK
4037,10,150,2024-07-13,Hope Hospital,Enugu,Ultrasound,Radiant Suppliers,China
4038,11,300,2024-07-18,City Medical Center,Oyo,X-Ray Machine,HealthEquip Ltd.,UK
4039,25,320,2024-07-23,State Hospital,Lagos,MRI Machine,Radiant Suppliers,China
4040,12,400,2024-07-28,General Hospital,Kaduna,CT Scanner,HealthEquip Ltd.,UK
4041,30,200,2024-08-02,Healing Touch Hospital,Rivers,X-Ray Machine,Radiant Suppliers,China
4042,15,150,2024-08-07,Metro Hospital,Abuja,Ultrasound,TechHealth Inc.,Canada
4043,20,350,2024-08-12,Central Hospital,Enugu,MRI Machine,MedTech Co.,USA
4044,5,450,2024-08-17,Sunshine Hospital,Lagos,CT Scanner,HealthEquip Ltd.,UK
4045,10,250,2024-08-22,Community Hospital,Abuja,Ultrasound,Radiant Suppliers,China
4046,14,150,2024-08-27,Hope Clinic,Kano,MRI Machine,TechHealth Inc.,Canada
4047,20,300,2024-09-01,Healing Hands Hospital,Lagos,Defibrillator,SoloSupplier Inc.,UK
4048,5,750,2024-09-06,City Hospital,Rivers,Ventilator,ExclusiveTech Ltd.,Germany
4049,10,400,2024-09-11,Metro Medical Center,Abuja,Surgical Table,HealthEquip Ltd.,UK
4050,12,200,2024-09-16,State Hospital,Oyo,MRI Machine,MedTech Co.,USA
4051,10,250,2024-01-15,General Hospital,Lagos,MRI Machine,MedTech Co.,USA
4052,5,200,2024-01-20,City Hospital,Abuja,MRI Machine,HealthEquip Ltd.,UK
4053,20,150,2024-01-25,Central Hospital,Rivers,X-Ray Machine,Radiant Suppliers,China
4054,15,300,2024-01-30,Sunshine Hospital,Lagos,CT Scanner,TechHealth Inc.,Canada
4055,8,500,2024-02-04,Community Hospital,Kaduna,Ultrasound,HealthEquip Ltd.,UK
4056,12,180,2024-02-09,Healing Hands Hospital,Enugu,X-Ray Machine,Radiant Suppliers,China
4057,25,220,2024-02-14,Hope Hospital,Kano,MRI Machine,MedTech Co.,USA
4058,30,320,2024-02-19,Unity Hospital,Lagos,CT Scanner,TechHealth Inc.,Canada
4059,10,550,2024-02-24,Metro Hospital,Abuja,Ultrasound,HealthEquip Ltd.,UK
4060,50,130,2024-02-29,State Hospital,Oyo,X-Ray Machine,Radiant Suppliers,China
4061,20,270,2024-03-05,City Medical Center,Lagos,MRI Machine,MedTech Co.,USA
4062,6,300,2024-03-10,General Hospital,Rivers,CT Scanner,TechHealth Inc.,Canada
4063,15,250,2024-03-15,Central Clinic,Ogun,Ultrasound,HealthEquip Ltd.,UK
4064,4,450,2024-03-20,Healing Touch Hospital,Enugu,MRI Machine,Radiant Suppliers,China
4065,25,180,2024-03-25,Sunshine Medical,Lagos,X-Ray Machine,MedTech Co.,USA
4066,18,600,2024-03-30,Hope Clinic,Kano,CT Scanner,HealthEquip Ltd.,UK
4067,14,150,2024-04-04,Metro Medical Center,Abuja,Ultrasound,TechHealth Inc.,Canada
4068,11,200,2024-04-09,State Medical Center,Oyo,MRI Machine,MedTech Co.,USA
4069,30,400,2024-04-14,General Clinic,Lagos,CT Scanner,HealthEquip Ltd.,UK
4070,10,150,2024-04-19,City Hospital,Rivers,Ultrasound,TechHealth Inc.,Canada
4071,12,350,2024-04-24,Hope Hospital,Abuja,MRI Machine,Radiant Suppliers,China
4072,10,450,2024-04-29,Healing Hands Hospital,Enugu,X-Ray Machine,HealthEquip Ltd.,UK
4073,5,600,2024-05-04,Central Hospital,Kaduna,Ultrasound,MedTech Co.,USA
4074,20,120,2024-05-09,State Hospital,Oyo,X-Ray Machine,Radiant Suppliers,China
4075,15,330,2024-05-14,City Medical Center,Lagos,MRI Machine,TechHealth Inc.,Canada
4076,10,450,2024-05-19,Central Hospital,Rivers,Ultrasound,HealthEquip Ltd.,UK
4077,7,200,2024-05-24,Metro Hospital,Abuja,X-Ray Machine,Radiant Suppliers,China
4078,25,280,2024-05-29,Hope Clinic,Kano,CT Scanner,TechHealth Inc.,Canada
4079,30,400,2024-06-03,Sunshine Hospital,Lagos,MRI Machine,MedTech Co.,USA
4080,15,170,2024-06-08,General Hospital,Enugu,Ultrasound,HealthEquip Ltd.,UK
4081,12,300,2024-06-13,State Medical Center,Oyo,CT Scanner,MedTech Co.,USA
4082,6,400,2024-06-18,Healing Hands Hospital,Rivers,MRI Machine,HealthEquip Ltd.,Canada
4083,8,250,2024-06-23,Metro Medical Center,Abuja,X-Ray Machine,TechHealth Inc.,UK
4084,14,150,2024-06-28,Central Clinic,Kaduna,Ultrasound,MedTech Co.,China
4085,25,220,2024-07-03,Community Hospital,Lagos,MRI Machine,MedTech Co.,USA
4086,18,600,2024-07-08,Sunshine Medical,Kano,CT Scanner,HealthEquip Ltd.,UK
4087,10,150,2024-07-13,Hope Hospital,Enugu,Ultrasound,Radiant Suppliers,China
4088,11,300,2024-07-18,City Medical Center,Oyo,X-Ray Machine,HealthEquip Ltd.,UK
4089,25,320,2024-07-23,State Hospital,Lagos,MRI Machine,Radiant Suppliers,China
4090,12,400,2024-07-28,General Hospital,Kaduna,CT Scanner,HealthEquip Ltd.,UK
4091,30,200,2024-08-02,Healing Touch Hospital,Rivers,X-Ray Machine,Radiant Suppliers,China
4092,15,150,2024-08-07,Metro Hospital,Abuja,Ultrasound,TechHealth Inc.,Canada
4093,20,350,2024-08-12,Central Hospital,Enugu,MRI Machine,MedTech Co.,USA
4094,5,450,2024-08-17,Sunshine Hospital,Lagos,CT Scanner,HealthEquip Ltd.,UK
4095,10,250,2024-08-22,Community Hospital,Abuja,Ultrasound,Radiant Suppliers,China
4096,14,150,2024-08-27,Hope Clinic,Kano,MRI Machine,TechHealth Inc.,Canada
4097,20,300,2024-09-01,Healing Hands Hospital,Lagos,Defibrillator,SoloSupplier Inc.,UK
4098,5,750,2024-09-06,City Hospital,Rivers,Ventilator,ExclusiveTech Ltd.,Germany
4099,10,400,2024-09-11,Metro Medical Center,Abuja,Surgical Table,HealthEquip Ltd.,UK
4100,12,200,2024-09-16,State Hospital,Oyo,MRI Machine,MedTech Co.,USA
4101,10,250,2024-01-15,General Hospital,Lagos,MRI Machine,MedTech Co.,USA
4102,5,200,2024-01-20,City Hospital,Abuja,MRI Machine,HealthEquip Ltd.,UK
4103,20,150,2024-01-25,Central Hospital,Rivers,X-Ray Machine,Radiant Suppliers,China
4104,15,300,2024-01-30,Sunshine Hospital,Lagos,CT Scanner,TechHealth Inc.,Canada
4105,8,500,2024-02-04,Community Hospital,Kaduna,Ultrasound,HealthEquip Ltd.,UK
4106,12,180,2024-02-09,Healing Hands Hospital,Enugu,X-Ray Machine,Radiant Suppliers,China
4107,25,220,2024-02-14,Hope Hospital,Kano,MRI Machine,MedTech Co.,USA
4108,30,320,2024-02-19,Unity Hospital,Lagos,CT Scanner,TechHealth Inc.,Canada
4109,10,550,2024-02-24,Metro Hospital,Abuja,Ultrasound,HealthEquip Ltd.,UK
4110,50,130,2024-02-29,State Hospital,Oyo,X-Ray Machine,Radiant Suppliers,China
4111,20,270,2024-03-05,City Medical Center,Lagos,MRI Machine,MedTech Co.,USA
4112,6,300,2024-03-10,General Hospital,Rivers,CT Scanner,TechHealth Inc.,Canada
4113,15,250,2024-03-15,Central Clinic,Ogun,Ultrasound,HealthEquip Ltd.,UK
4114,4,450,2024-03-20,Healing Touch Hospital,Enugu,MRI Machine,Radiant Suppliers,China
4115,25,180,2024-03-25,Sunshine Medical,Lagos,X-Ray Machine,MedTech Co.,USA
4116,18,600,2024-03-30,Hope Clinic,Kano,CT Scanner,HealthEquip Ltd.,UK
4117,14,150,2024-04-04,Metro Medical Center,Abuja,Ultrasound,TechHealth Inc.,Canada
4118,11,200,2024-04-09,State Medical Center,Oyo,MRI Machine,MedTech Co.,USA
4119,30,400,2024-04-14,General Clinic,Lagos,CT Scanner,HealthEquip Ltd.,UK
4120,10,150,2024-04-19,City Hospital,Rivers,Ultrasound,TechHealth Inc.,Canada
4121,12,350,2024-04-24,Hope Hospital,Abuja,MRI Machine,Radiant Suppliers,China
4122,10,450,2024-04-29,Healing Hands Hospital,Enugu,X-Ray Machine,HealthEquip Ltd.,UK
4123,5,600,2024-05-04,Central Hospital,Kaduna,Ultrasound,MedTech Co.,USA
4124,20,120,2024-05-09,State Hospital,Oyo,X-Ray Machine,Radiant Suppliers,China
4125,15,330,2024-05-14,City Medical Center,Lagos,MRI Machine,TechHealth Inc.,Canada
4126,10,450,2024-05-19,Central Hospital,Rivers,Ultrasound,HealthEquip Ltd.,UK
4127,7,200,2024-05-24,Metro Hospital,Abuja,X-Ray Machine,Radiant Suppliers,China
4128,25,280,2024-05-29,Hope Clinic,Kano,CT Scanner,TechHealth Inc.,Canada
4129,30,400,2024-06-03,Sunshine Hospital,Lagos,MRI Machine,MedTech Co.,USA
4130,15,170,2024-06-08,General Hospital,Enugu,Ultrasound,HealthEquip Ltd.,UK
4131,12,300,2024-06-13,State Medical Center,Oyo,CT Scanner,MedTech Co.,USA
4132,6,400,2024-06-18,Healing Hands Hospital,Rivers,MRI Machine,HealthEquip Ltd.,Canada
4133,8,250,2024-06-23,Metro Medical Center,Abuja,X-Ray Machine,TechHealth Inc.,UK
4134,14,150,2024-06-28,Central Clinic,Kaduna,Ultrasound,MedTech Co.,China
4135,25,220,2024-07-03,Community Hospital,Lagos,MRI Machine,MedTech Co.,USA
4136,18,600,2024-07-08,Sunshine Medical,Kano,CT Scanner,HealthEquip Ltd.,UK
4137,10,150,2024-07-13,Hope Hospital,Enugu,Ultrasound,Radiant Suppliers,China
4138,11,300,2024-07-18,City Medical Center,Oyo,X-Ray Machine,HealthEquip Ltd.,UK
4139,25,320,2024-07-23,State Hospital,Lagos,MRI Machine,Radiant Suppliers,China
4140,12,400,2024-07-28,General Hospital,Kaduna,CT Scanner,HealthEquip Ltd.,UK
4141,30,200,2024-08-02,Healing Touch Hospital,Rivers,X-Ray Machine,Radiant Suppliers,China
4142,15,150,2024-08-07,Metro Hospital,Abuja,Ultrasound,TechHealth Inc.,Canada
4143,20,350,2024-08-12,Central Hospital,Enugu,MRI Machine,MedTech Co.,USA
4144,5,450,2024-08-17,Sunshine Hospital,Lagos,CT Scanner,HealthEquip Ltd.,UK
4145,10,250,2024-08-22,Community Hospital,Abuja,Ultrasound,Radiant Suppliers,China
4146,14,150,2024-08-27,Hope Clinic,Kano,MRI Machine,TechHealth Inc.,Canada
4147,20,300,2024-09-01,Healing Hands Hospital,Lagos,Defibrillator,SoloSupplier Inc.,UK
4148,5,750,2024-09-06,City Hospital,Rivers,Ventilator,ExclusiveTech Ltd.,Germany
4149,10,400,2024-09-11,Metro Medical Center,Abuja,Surgical Table,HealthEquip Ltd.,UK
4150,12,200,2024-09-16,State Hospital,Oyo,MRI Machine,MedTech Co.,USA
4151,10,250,2024-01-15,General Hospital,Lagos,MRI Machine,MedTech Co.,USA
4152,5,200,2024-01-20,City Hospital,Abuja,MRI Machine,HealthEquip Ltd.,UK
4153,20,150,2024-01-25,Central Hospital,Rivers,X-Ray Machine,Radiant Suppliers,China
4154,15,300,2024-01-30,Sunshine Hospital,Lagos,CT Scanner,TechHealth Inc.,Canada
4155,8,500,2024-02-04,Community Hospital,Kaduna,Ultrasound,HealthEquip Ltd.,UK
4156,12,180,2024-02-09,Healing Hands Hospital,Enugu,X-Ray Machine,Radiant Suppliers,China
4157,25,220,2024-02-14,Hope Hospital,Kano,MRI Machine,MedTech Co.,USA
4158,30,320,2024-02-19,Unity Hospital,Lagos,CT Scanner,TechHealth Inc.,Canada
4159,10,550,2024-02-24,Metro Hospital,Abuja,Ultrasound,HealthEquip Ltd.,UK
4160,50,130,2024-02-29,State Hospital,Oyo,X-Ray Machine,Radiant Suppliers,China
4161,20,270,2024-03-05,City Medical Center,Lagos,MRI Machine,MedTech Co.,USA
4162,6,300,2024-03-10,General Hospital,Rivers,CT Scanner,TechHealth Inc.,Canada
4163,15,250,2024-03-15,Central Clinic,Ogun,Ultrasound,HealthEquip Ltd.,UK
4164,4,450,2024-03-20,Healing Touch Hospital,Enugu,MRI Machine,Radiant Suppliers,China
4165,25,180,2024-03-25,Sunshine Medical,Lagos,X-Ray Machine,MedTech Co.,USA
4166,18,600,2024-03-30,Hope Clinic,Kano,CT Scanner,HealthEquip Ltd.,UK
4167,14,150,2024-04-04,Metro Medical Center,Abuja,Ultrasound,TechHealth Inc.,Canada
4168,11,200,2024-04-09,State Medical Center,Oyo,MRI Machine,MedTech Co.,USA
4169,30,400,2024-04-14,General Clinic,Lagos,CT Scanner,HealthEquip Ltd.,UK
4170,10,150,2024-04-19,City Hospital,Rivers,Ultrasound,TechHealth Inc.,Canada
4171,12,350,2024-04-24,Hope Hospital,Abuja,MRI Machine,Radiant Suppliers,China
4172,10,450,2024-04-29,Healing Hands Hospital,Enugu,X-Ray Machine,HealthEquip Ltd.,UK
4173,5,600,2024-05-04,Central Hospital,Kaduna,Ultrasound,MedTech Co.,USA
4174,20,120,2024-05-09,State Hospital,Oyo,X-Ray Machine,Radiant Suppliers,China
4175,15,330,2024-05-14,City Medical Center,Lagos,MRI Machine,TechHealth Inc.,Canada
4176,10,450,2024-05-19,Central Hospital,Rivers,Ultrasound,HealthEquip Ltd.,UK
4177,7,200,2024-05-24,Metro Hospital,Abuja,X-Ray Machine,Radiant Suppliers,China
4178,25,280,2024-05-29,Hope Clinic,Kano,CT Scanner,TechHealth Inc.,Canada
4179,30,400,2024-06-03,Sunshine Hospital,Lagos,MRI Machine,MedTech Co.,USA
4180,15,170,2024-06-08,General Hospital,Enugu,Ultrasound,HealthEquip Ltd.,UK
4181,12,300,2024-06-13,State Medical Center,Oyo,CT Scanner,MedTech Co.,USA
4182,6,400,2024-06-18,Healing Hands Hospital,Rivers,MRI Machine,HealthEquip Ltd.,Canada
4183,8,250,2024-06-23,Metro Medical Center,Abuja,X-Ray Machine,TechHealth Inc.,UK
4184,14,150,2024-06-28,Central Clinic,Kaduna,Ultrasound,MedTech Co.,China
4185,25,220,2024-07-03,Community Hospital,Lagos,MRI Machine,MedTech Co.,USA
4186,18,600,2024-07-08,Sunshine Medical,Kano,CT Scanner,HealthEquip Ltd.,UK
4187,10,150,2024-07-13,Hope Hospital,Enugu,Ultrasound,Radiant Suppliers,China
4188,11,300,2024-07-18,City Medical Center,Oyo,X-Ray Machine,HealthEquip Ltd.,UK
4189,25,320,2024-07-23,State Hospital,Lagos,MRI Machine,Radiant Suppliers,China
4190,12,400,2024-07-28,General Hospital,Kaduna,CT Scanner,HealthEquip Ltd.,UK
4191,30,200,2024-08-02,Healing Touch Hospital,Rivers,X-Ray Machine,Radiant Suppliers,China
4192,15,150,2024-08-07,Metro Hospital,Abuja,Ultrasound,TechHealth Inc.,Canada
4193,20,350,2024-08-12,Central Hospital,Enugu,MRI Machine,MedTech Co.,USA
4194,5,450,2024-08-17,Sunshine Hospital,Lagos,CT Scanner,HealthEquip Ltd.,UK
4195,10,250,2024-08-22,Community Hospital,Abuja,Ultrasound,Radiant Suppliers,China
4196,14,150,2024-08-27,Hope Clinic,Kano,MRI Machine,TechHealth Inc.,Canada
4197,20,300,2024-09-01,Healing Hands Hospital,Lagos,Defibrillator,SoloSupplier Inc.,UK
4198,5,750,2024-09-06,City Hospital,Rivers,Ventilator,ExclusiveTech Ltd.,Germany
4199,10,400,2024-09-11,Metro Medical Center,Abuja,Surgical Table,HealthEquip Ltd.,UK
4200,12,200,2024-09-16,State Hospital,Oyo,MRI Machine,MedTech Co.,USA
4201,10,250,2024-01-15,General Hospital,Lagos,MRI Machine,MedTech Co.,USA
4202,5,200,2024-01-20,City Hospital,Abuja,MRI Machine,HealthEquip Ltd.,UK
4203,20,150,2024-01-25,Central Hospital,Rivers,X-Ray Machine,Radiant Suppliers,China
4204,15,300,2024-01-30,Sunshine Hospital,Lagos,CT Scanner,TechHealth Inc.,Canada
4205,8,500,2024-02-04,Community Hospital,Kaduna,Ultrasound,HealthEquip Ltd.,UK
4206,12,180,2024-02-09,Healing Hands Hospital,Enugu,X-Ray Machine,Radiant Suppliers,China
4207,25,220,2024-02-14,Hope Hospital,Kano,MRI Machine,MedTech Co.,USA
4208,30,320,2024-02-19,Unity Hospital,Lagos,CT Scanner,TechHealth Inc.,Canada
4209,10,550,2024-02-24,Metro Hospital,Abuja,Ultrasound,HealthEquip Ltd.,UK
4210,50,130,2024-02-29,State Hospital,Oyo,X-Ray Machine,Radiant Suppliers,China
4211,20,270,2024-03-05,City Medical Center,Lagos,MRI Machine,MedTech Co.,USA
4212,6,300,2024-03-10,General Hospital,Rivers,CT Scanner,TechHealth Inc.,Canada
4213,15,250,2024-03-15,Central Clinic,Ogun,Ultrasound,HealthEquip Ltd.,UK
4214,4,450,2024-03-20,Healing Touch Hospital,Enugu,MRI Machine,Radiant Suppliers,China
4215,25,180,2024-03-25,Sunshine Medical,Lagos,X-Ray Machine,MedTech Co.,USA
4216,18,600,2024-03-30,Hope Clinic,Kano,CT Scanner,HealthEquip Ltd.,UK
4217,14,150,2024-04-04,Metro Medical Center,Abuja,Ultrasound,TechHealth Inc.,Canada
4218,11,200,2024-04-09,State Medical Center,Oyo,MRI Machine,MedTech Co.,USA
4219,30,400,2024-04-14,General Clinic,Lagos,CT Scanner,HealthEquip Ltd.,UK
4220,10,150,2024-04-19,City Hospital,Rivers,Ultrasound,TechHealth Inc.,Canada
4221,12,350,2024-04-24,Hope Hospital,Abuja,MRI Machine,Radiant Suppliers,China
4222,10,450,2024-04-29,Healing Hands Hospital,Enugu,X-Ray Machine,HealthEquip Ltd.,UK
4223,5,600,2024-05-04,Central Hospital,Kaduna,Ultrasound,MedTech Co.,USA
4224,20,120,2024-05-09,State Hospital,Oyo,X-Ray Machine,Radiant Suppliers,China
4225,15,330,2024-05-14,City Medical Center,Lagos,MRI Machine,TechHealth Inc.,Canada
4226,10,450,2024-05-19,Central Hospital,Rivers,Ultrasound,HealthEquip Ltd.,UK
4227,7,200,2024-05-24,Metro Hospital,Abuja,X-Ray Machine,Radiant Suppliers,China
4228,25,280,2024-05-29,Hope Clinic,Kano,CT Scanner,TechHealth Inc.,Canada
4229,30,400,2024-06-03,Sunshine Hospital,Lagos,MRI Machine,MedTech Co.,USA
4230,15,170,2024-06-08,General Hospital,Enugu,Ultrasound,HealthEquip Ltd.,UK
4231,12,300,2024-06-13,State Medical Center,Oyo,CT Scanner,MedTech Co.,USA
4232,6,400,2024-06-18,Healing Hands Hospital,Rivers,MRI Machine,HealthEquip Ltd.,Canada
4233,8,250,2024-06-23,Metro Medical Center,Abuja,X-Ray Machine,TechHealth Inc.,UK
4234,14,150,2024-06-28,Central Clinic,Kaduna,Ultrasound,MedTech Co.,China
4235,25,220,2024-07-03,Community Hospital,Lagos,MRI Machine,MedTech Co.,USA
4236,18,600,2024-07-08,Sunshine Medical,Kano,CT Scanner,HealthEquip Ltd.,UK
4237,10,150,2024-07-13,Hope Hospital,Enugu,Ultrasound,Radiant Suppliers,China
4238,11,300,2024-07-18,City Medical Center,Oyo,X-Ray Machine,HealthEquip Ltd.,UK
4239,25,320,2024-07-23,State Hospital,Lagos,MRI Machine,Radiant Suppliers,China
4240,12,400,2024-07-28,General Hospital,Kaduna,CT Scanner,HealthEquip Ltd.,UK
4241,30,200,2024-08-02,Healing Touch Hospital,Rivers,X-Ray Machine,Radiant Suppliers,China
4242,15,150,2024-08-07,Metro Hospital,Abuja,Ultrasound,TechHealth Inc.,Canada
4243,20,350,2024-08-12,Central Hospital,Enugu,MRI Machine,MedTech Co.,USA
4244,5,450,2024-08-17,Sunshine Hospital,Lagos,CT Scanner,HealthEquip Ltd.,UK
4245,10,250,2024-08-22,Community Hospital,Abuja,Ultrasound,Radiant Suppliers,China
4246,14,150,2024-08-27,Hope Clinic,Kano,MRI Machine,TechHealth Inc.,Canada
4247,20,300,2024-09-01,Healing Hands Hospital,Lagos,Defibrillator,SoloSupplier Inc.,UK
4248,5,750,2024-09-06,City Hospital,Rivers,Ventilator,ExclusiveTech Ltd.,Germany
4249,10,400,2024-09-11,Metro Medical Center,Abuja,Surgical Table,HealthEquip Ltd.,UK
4250,12,200,2024-09-16,State Hospital,Oyo,MRI Machine,MedTech Co.,USA
4251,10,250,2024-01-15,General Hospital,Lagos,MRI Machine,MedTech Co.,USA
4252,5,200,2024-01-20,City Hospital,Abuja,MRI Machine,HealthEquip Ltd.,UK
4253,20,150,2024-01-25,Central Hospital,Rivers,X-Ray Machine,Radiant Suppliers,China
4254,15,300,2024-01-30,Sunshine Hospital,Lagos,CT Scanner,TechHealth Inc.,Canada
4255,8,500,2024-02-04,Community Hospital,Kaduna,Ultrasound,HealthEquip Ltd.,UK
4256,12,180,2024-02-09,Healing Hands Hospital,Enugu,X-Ray Machine,Radiant Suppliers,China
4257,25,220,2024-02-14,Hope Hospital,Kano,MRI Machine,MedTech Co.,USA
4258,30,320,2024-02-19,Unity Hospital,Lagos,CT Scanner,TechHealth Inc.,Canada
4259,10,550,2024-02-24,Metro Hospital,Abuja,Ultrasound,HealthEquip Ltd.,UK
4260,50,130,2024-02-29,State Hospital,Oyo,X-Ray Machine,Radiant Suppliers,China
4261,20,270,2024-03-05,City Medical Center,Lagos,MRI Machine,MedTech Co.,USA
4262,6,300,2024-03-10,General Hospital,Rivers,CT Scanner,TechHealth Inc.,Canada
4263,15,250,2024-03-15,Central Clinic,Ogun,Ultrasound,HealthEquip Ltd.,UK
4264,4,450,2024-03-20,Healing Touch Hospital,Enugu,MRI Machine,Radiant Suppliers,China
4265,25,180,2024-03-25,Sunshine Medical,Lagos,X-Ray Machine,MedTech Co.,USA
4266,18,600,2024-03-30,Hope Clinic,Kano,CT Scanner,HealthEquip Ltd.,UK
4267,14,150,2024-04-04,Metro Medical Center,Abuja,Ultrasound,TechHealth Inc.,Canada
4268,11,200,2024-04-09,State Medical Center,Oyo,MRI Machine,MedTech Co.,USA
4269,30,400,2024-04-14,General Clinic,Lagos,CT Scanner,HealthEquip Ltd.,UK
4270,10,150,2024-04-19,City Hospital,Rivers,Ultrasound,TechHealth Inc.,Canada
4271,12,350,2024-04-24,Hope Hospital,Abuja,MRI Machine,Radiant Suppliers,China
4272,10,450,2024-04-29,Healing Hands Hospital,Enugu,X-Ray Machine,HealthEquip Ltd.,UK
4273,5,600,2024-05-04,Central Hospital,Kaduna,Ultrasound,MedTech Co.,USA
4274,20,120,2024-05-09,State Hospital,Oyo,X-Ray Machine,Radiant Suppliers,China
4275,15,330,2024-05-14,City Medical Center,Lagos,MRI Machine,TechHealth Inc.,Canada
4276,10,450,2024-05-19,Central Hospital,Rivers,Ultrasound,HealthEquip Ltd.,UK
4277,7,200,2024-05-24,Metro Hospital,Abuja,X-Ray Machine,Radiant Suppliers,China
4278,25,280,2024-05-29,Hope Clinic,Kano,CT Scanner,TechHealth Inc.,Canada
4279,30,400,2024-06-03,Sunshine Hospital,Lagos,MRI Machine,MedTech Co.,USA
4280,15,170,2024-06-08,General Hospital,Enugu,Ultrasound,HealthEquip Ltd.,UK
4281,12,300,2024-06-13,State Medical Center,Oyo,CT Scanner,MedTech Co.,USA
4282,6,400,2024-06-18,Healing Hands Hospital,Rivers,MRI Machine,HealthEquip Ltd.,Canada
4283,8,250,2024-06-23,Metro Medical Center,Abuja,X-Ray Machine,TechHealth Inc.,UK
4284,14,150,2024-06-28,Central Clinic,Kaduna,Ultrasound,MedTech Co.,China
4285,25,220,2024-07-03,Community Hospital,Lagos,MRI Machine,MedTech Co.,USA
4286,18,600,2024-07-08,Sunshine Medical,Kano,CT Scanner,HealthEquip Ltd.,UK
4287,10,150,2024-07-13,Hope Hospital,Enugu,Ultrasound,Radiant Suppliers,China
4288,11,300,2024-07-18,City Medical Center,Oyo,X-Ray Machine,HealthEquip Ltd.,UK
4289,25,320,2024-07-23,State Hospital,Lagos,MRI Machine,Radiant Suppliers,China
4290,12,400,2024-07-28,General Hospital,Kaduna,CT Scanner,HealthEquip Ltd.,UK
4291,30,200,2024-08-02,Healing Touch Hospital,Rivers,X-Ray Machine,Radiant Suppliers,China
4292,15,150,2024-08-07,Metro Hospital,Abuja,Ultrasound,TechHealth Inc.,Canada
4293,20,350,2024-08-12,Central Hospital,Enugu,MRI Machine,MedTech Co.,USA
4294,5,450,2024-08-17,Sunshine Hospital,Lagos,CT Scanner,HealthEquip Ltd.,UK
4295,10,250,2024-08-22,Community Hospital,Abuja,Ultrasound,Radiant Suppliers,China
4296,14,150,2024-08-27,Hope Clinic,Kano,MRI Machine,TechHealth Inc.,Canada
4297,20,300,2024-09-01,Healing Hands Hospital,Lagos,Defibrillator,SoloSupplier Inc.,UK
4298,5,750,2024-09-06,City Hospital,Rivers,Ventilator,ExclusiveTech Ltd.,Germany
4299,10,400,2024-09-11,Metro Medical Center,Abuja,Surgical Table,HealthEquip Ltd.,UK
4300,12,200,2024-09-16,State Hospital,Oyo,MRI Machine,MedTech Co.,USA
4301,10,250,2024-01-15,General Hospital,Lagos,MRI Machine,MedTech Co.,USA
4302,5,200,2024-01-20,City Hospital,Abuja,MRI Machine,HealthEquip Ltd.,UK
4303,20,150,2024-01-25,Central Hospital,Rivers,X-Ray Machine,Radiant Suppliers,China
4304,15,300,2024-01-30,Sunshine Hospital,Lagos,CT Scanner,TechHealth Inc.,Canada
4305,8,500,2024-02-04,Community Hospital,Kaduna,Ultrasound,HealthEquip Ltd.,UK
4306,12,180,2024-02-09,Healing Hands Hospital,Enugu,X-Ray Machine,Radiant Suppliers,China
4307,25,220,2024-02-14,Hope Hospital,Kano,MRI Machine,MedTech Co.,USA
4308,30,320,2024-02-19,Unity Hospital,Lagos,CT Scanner,TechHealth Inc.,Canada
4309,10,550,2024-02-24,Metro Hospital,Abuja,Ultrasound,HealthEquip Ltd.,UK
4310,50,130,2024-02-29,State Hospital,Oyo,X-Ray Machine,Radiant Suppliers,China
4311,20,270,2024-03-05,City Medical Center,Lagos,MRI Machine,MedTech Co.,USA
4312,6,300,2024-03-10,General Hospital,Rivers,CT Scanner,TechHealth Inc.,Canada
4313,15,250,2024-03-15,Central Clinic,Ogun,Ultrasound,HealthEquip Ltd.,UK
4314,4,450,2024-03-20,Healing Touch Hospital,Enugu,MRI Machine,Radiant Suppliers,China
4315,25,180,2024-03-25,Sunshine Medical,Lagos,X-Ray Machine,MedTech Co.,USA
4316,18,600,2024-03-30,Hope Clinic,Kano,CT Scanner,HealthEquip Ltd.,UK
4317,14,150,2024-04-04,Metro Medical Center,Abuja,Ultrasound,TechHealth Inc.,Canada
4318,11,200,2024-04-09,State Medical Center,Oyo,MRI Machine,MedTech Co.,USA
4319,30,400,2024-04-14,General Clinic,Lagos,CT Scanner,HealthEquip Ltd.,UK
4320,10,150,2024-04-19,City Hospital,Rivers,Ultrasound,TechHealth Inc.,Canada
4321,12,350,2024-04-24,Hope Hospital,Abuja,MRI Machine,Radiant Suppliers,China
4322,10,450,2024-04-29,Healing Hands Hospital,Enugu,X-Ray Machine,HealthEquip Ltd.,UK
4323,5,600,2024-05-04,Central Hospital,Kaduna,Ultrasound,MedTech Co.,USA
4324,20,120,2024-05-09,State Hospital,Oyo,X-Ray Machine,Radiant Suppliers,China
4325,15,330,2024-05-14,City Medical Center,Lagos,MRI Machine,TechHealth Inc.,Canada
4326,10,450,2024-05-19,Central Hospital,Rivers,Ultrasound,HealthEquip Ltd.,UK
4327,7,200,2024-05-24,Metro Hospital,Abuja,X-Ray Machine,Radiant Suppliers,China
4328,25,280,2024-05-29,Hope Clinic,Kano,CT Scanner,TechHealth Inc.,Canada
4329,30,400,2024-06-03,Sunshine Hospital,Lagos,MRI Machine,MedTech Co.,USA
4330,15,170,2024-06-08,General Hospital,Enugu,Ultrasound,HealthEquip Ltd.,UK
4331,12,300,2024-06-13,State Medical Center,Oyo,CT Scanner,MedTech Co.,USA
4332,6,400,2024-06-18,Healing Hands Hospital,Rivers,MRI Machine,HealthEquip Ltd.,Canada
4333,8,250,2024-06-23,Metro Medical Center,Abuja,X-Ray Machine,TechHealth Inc.,UK
4334,14,150,2024-06-28,Central Clinic,Kaduna,Ultrasound,MedTech Co.,China
4335,25,220,2024-07-03,Community Hospital,Lagos,MRI Machine,MedTech Co.,USA
4336,18,600,2024-07-08,Sunshine Medical,Kano,CT Scanner,HealthEquip Ltd.,UK
4337,10,150,2024-07-13,Hope Hospital,Enugu,Ultrasound,Radiant Suppliers,China
4338,11,300,2024-07-18,City Medical Center,Oyo,X-Ray Machine,HealthEquip Ltd.,UK
4339,25,320,2024-07-23,State Hospital,Lagos,MRI Machine,Radiant Suppliers,China
4340,12,400,2024-07-28,General Hospital,Kaduna,CT Scanner,HealthEquip Ltd.,UK
4341,30,200,2024-08-02,Healing Touch Hospital,Rivers,X-Ray Machine,Radiant Suppliers,China
4342,15,150,2024-08-07,Metro Hospital,Abuja,Ultrasound,TechHealth Inc.,Canada
4343,20,350,2024-08-12,Central Hospital,Enugu,MRI Machine,MedTech Co.,USA
4344,5,450,2024-08-17,Sunshine Hospital,Lagos,CT Scanner,HealthEquip Ltd.,UK
4345,10,250,2024-08-22,Community Hospital,Abuja,Ultrasound,Radiant Suppliers,China
4346,14,150,2024-08-27,Hope Clinic,Kano,MRI Machine,TechHealth Inc.,Canada
4347,20,300,2024-09-01,Healing Hands Hospital,Lagos,Defibrillator,SoloSupplier Inc.,UK
4348,5,750,2024-09-06,City Hospital,Rivers,Ventilator,ExclusiveTech Ltd.,Germany
4349,10,400,2024-09-11,Metro Medical Center,Abuja,Surgical Table,HealthEquip Ltd.,UK
4350,12,200,2024-09-16,State Hospital,Oyo,MRI Machine,MedTech Co.,USA
4351,10,250,2024-01-15,General Hospital,Lagos,MRI Machine,MedTech Co.,USA
4352,5,200,2024-01-20,City Hospital,Abuja,MRI Machine,HealthEquip Ltd.,UK
4353,20,150,2024-01-25,Central Hospital,Rivers,X-Ray Machine,Radiant Suppliers,China
4354,15,300,2024-01-30,Sunshine Hospital,Lagos,CT Scanner,TechHealth Inc.,Canada
4355,8,500,2024-02-04,Community Hospital,Kaduna,Ultrasound,HealthEquip Ltd.,UK
4356,12,180,2024-02-09,Healing Hands Hospital,Enugu,X-Ray Machine,Radiant Suppliers,China
4357,25,220,2024-02-14,Hope Hospital,Kano,MRI Machine,MedTech Co.,USA
4358,30,320,2024-02-19,Unity Hospital,Lagos,CT Scanner,TechHealth Inc.,Canada
4359,10,550,2024-02-24,Metro Hospital,Abuja,Ultrasound,HealthEquip Ltd.,UK
4360,50,130,2024-02-29,State Hospital,Oyo,X-Ray Machine,Radiant Suppliers,China
4361,20,270,2024-03-05,City Medical Center,Lagos,MRI Machine,MedTech Co.,USA
4362,6,300,2024-03-10,General Hospital,Rivers,CT Scanner,TechHealth Inc.,Canada
4363,15,250,2024-03-15,Central Clinic,Ogun,Ultrasound,HealthEquip Ltd.,UK
4364,4,450,2024-03-20,Healing Touch Hospital,Enugu,MRI Machine,Radiant Suppliers,China
4365,25,180,2024-03-25,Sunshine Medical,Lagos,X-Ray Machine,MedTech Co.,USA
4366,18,600,2024-03-30,Hope Clinic,Kano,CT Scanner,HealthEquip Ltd.,UK
4367,14,150,2024-04-04,Metro Medical Center,Abuja,Ultrasound,TechHealth Inc.,Canada
4368,11,200,2024-04-09,State Medical Center,Oyo,MRI Machine,MedTech Co.,USA
4369,30,400,2024-04-14,General Clinic,Lagos,CT Scanner,HealthEquip Ltd.,UK
4370,10,150,2024-04-19,City Hospital,Rivers,Ultrasound,TechHealth Inc.,Canada
4371,12,350,2024-04-24,Hope Hospital,Abuja,MRI Machine,Radiant Suppliers,China
4372,10,450,2024-04-29,Healing Hands Hospital,Enugu,X-Ray Machine,HealthEquip Ltd.,UK
4373,5,600,2024-05-04,Central Hospital,Kaduna,Ultrasound,MedTech Co.,USA
4374,20,120,2024-05-09,State Hospital,Oyo,X-Ray Machine,Radiant Suppliers,China
4375,15,330,2024-05-14,City Medical Center,Lagos,MRI Machine,TechHealth Inc.,Canada
4376,10,450,2024-05-19,Central Hospital,Rivers,Ultrasound,HealthEquip Ltd.,UK
4377,7,200,2024-05-24,Metro Hospital,Abuja,X-Ray Machine,Radiant Suppliers,China
4378,25,280,2024-05-29,Hope Clinic,Kano,CT Scanner,TechHealth Inc.,Canada
4379,30,400,2024-06-03,Sunshine Hospital,Lagos,MRI Machine,MedTech Co.,USA
4380,15,170,2024-06-08,General Hospital,Enugu,Ultrasound,HealthEquip Ltd.,UK
4381,12,300,2024-06-13,State Medical Center,Oyo,CT Scanner,MedTech Co.,USA
4382,6,400,2024-06-18,Healing Hands Hospital,Rivers,MRI Machine,HealthEquip Ltd.,Canada
4383,8,250,2024-06-23,Metro Medical Center,Abuja,X-Ray Machine,TechHealth Inc.,UK
4384,14,150,2024-06-28,Central Clinic,Kaduna,Ultrasound,MedTech Co.,China
4385,25,220,2024-07-03,Community Hospital,Lagos,MRI Machine,MedTech Co.,USA
4386,18,600,2024-07-08,Sunshine Medical,Kano,CT Scanner,HealthEquip Ltd.,UK
4387,10,150,2024-07-13,Hope Hospital,Enugu,Ultrasound,Radiant Suppliers,China
4388,11,300,2024-07-18,City Medical Center,Oyo,X-Ray Machine,HealthEquip Ltd.,UK
4389,25,320,2024-07-23,State Hospital,Lagos,MRI Machine,Radiant Suppliers,China
4390,12,400,2024-07-28,General Hospital,Kaduna,CT Scanner,HealthEquip Ltd.,UK
4391,30,200,2024-08-02,Healing Touch Hospital,Rivers,X-Ray Machine,Radiant Suppliers,China
4392,15,150,2024-08-07,Metro Hospital,Abuja,Ultrasound,TechHealth Inc.,Canada
4393,20,350,2024-08-12,Central Hospital,Enugu,MRI Machine,MedTech Co.,USA
4394,5,450,2024-08-17,Sunshine Hospital,Lagos,CT Scanner,HealthEquip Ltd.,UK
4395,10,250,2024-08-22,Community Hospital,Abuja,Ultrasound,Radiant Suppliers,China
4396,14,150,2024-08-27,Hope Clinic,Kano,MRI Machine,TechHealth Inc.,Canada
4397,20,300,2024-09-01,Healing Hands Hospital,Lagos,Defibrillator,SoloSupplier Inc.,UK
4398,5,750,2024-09-06,City Hospital,Rivers,Ventilator,ExclusiveTech Ltd.,Germany
4399,10,400,2024-09-11,Metro Medical Center,Abuja,Surgical Table,HealthEquip Ltd.,UK
4400,12,200,2024-09-16,State Hospital,Oyo,MRI Machine,MedTech Co.,USA
4401,10,250,2024-01-15,General Hospital,Lagos,MRI Machine,MedTech Co.,USA
4402,5,200,2024-01-20,City Hospital,Abuja,MRI Machine,HealthEquip Ltd.,UK
4403,20,150,2024-01-25,Central Hospital,Rivers,X-Ray Machine,Radiant Suppliers,China
4404,15,300,2024-01-30,Sunshine Hospital,Lagos,CT Scanner,TechHealth Inc.,Canada
4405,8,500,2024-02-04,Community Hospital,Kaduna,Ultrasound,HealthEquip Ltd.,UK
4406,12,180,2024-02-09,Healing Hands Hospital,Enugu,X-Ray Machine,Radiant Suppliers,China
4407,25,220,2024-02-14,Hope Hospital,Kano,MRI Machine,MedTech Co.,USA
4408,30,320,2024-02-19,Unity Hospital,Lagos,CT Scanner,TechHealth Inc.,Canada
4409,10,550,2024-02-24,Metro Hospital,Abuja,Ultrasound,HealthEquip Ltd.,UK
4410,50,130,2024-02-29,State Hospital,Oyo,X-Ray Machine,Radiant Suppliers,China
4411,20,270,2024-03-05,City Medical Center,Lagos,MRI Machine,MedTech Co.,USA
4412,6,300,2024-03-10,General Hospital,Rivers,CT Scanner,TechHealth Inc.,Canada
4413,15,250,2024-03-15,Central Clinic,Ogun,Ultrasound,HealthEquip Ltd.,UK
4414,4,450,2024-03-20,Healing Touch Hospital,Enugu,MRI Machine,Radiant Suppliers,China
4415,25,180,2024-03-25,Sunshine Medical,Lagos,X-Ray Machine,MedTech Co.,USA
4416,18,600,2024-03-30,Hope Clinic,Kano,CT Scanner,HealthEquip Ltd.,UK
4417,14,150,2024-04-04,Metro Medical Center,Abuja,Ultrasound,TechHealth Inc.,Canada
4418,11,200,2024-04-09,State Medical Center,Oyo,MRI Machine,MedTech Co.,USA
4419,30,400,2024-04-14,General Clinic,Lagos,CT Scanner,HealthEquip Ltd.,UK
4420,10,150,2024-04-19,City Hospital,Rivers,Ultrasound,TechHealth Inc.,Canada
4421,12,350,2024-04-24,Hope Hospital,Abuja,MRI Machine,Radiant Suppliers,China
4422,10,450,2024-04-29,Healing Hands Hospital,Enugu,X-Ray Machine,HealthEquip Ltd.,UK
4423,5,600,2024-05-04,Central Hospital,Kaduna,Ultrasound,MedTech Co.,USA
4424,20,120,2024-05-09,State Hospital,Oyo,X-Ray Machine,Radiant Suppliers,China
4425,15,330,2024-05-14,City Medical Center,Lagos,MRI Machine,TechHealth Inc.,Canada
4426,10,450,2024-05-19,Central Hospital,Rivers,Ultrasound,HealthEquip Ltd.,UK
4427,7,200,2024-05-24,Metro Hospital,Abuja,X-Ray Machine,Radiant Suppliers,China
4428,25,280,2024-05-29,Hope Clinic,Kano,CT Scanner,TechHealth Inc.,Canada
4429,30,400,2024-06-03,Sunshine Hospital,Lagos,MRI Machine,MedTech Co.,USA
4430,15,170,2024-06-08,General Hospital,Enugu,Ultrasound,HealthEquip Ltd.,UK
4431,12,300,2024-06-13,State Medical Center,Oyo,CT Scanner,MedTech Co.,USA
4432,6,400,2024-06-18,Healing Hands Hospital,Rivers,MRI Machine,HealthEquip Ltd.,Canada
4433,8,250,2024-06-23,Metro Medical Center,Abuja,X-Ray Machine,TechHealth Inc.,UK
4434,14,150,2024-06-28,Central Clinic,Kaduna,Ultrasound,MedTech Co.,China
4435,25,220,2024-07-03,Community Hospital,Lagos,MRI Machine,MedTech Co.,USA
4436,18,600,2024-07-08,Sunshine Medical,Kano,CT Scanner,HealthEquip Ltd.,UK
4437,10,150,2024-07-13,Hope Hospital,Enugu,Ultrasound,Radiant Suppliers,China
4438,11,300,2024-07-18,City Medical Center,Oyo,X-Ray Machine,HealthEquip Ltd.,UK
4439,25,320,2024-07-23,State Hospital,Lagos,MRI Machine,Radiant Suppliers,China
4440,12,400,2024-07-28,General Hospital,Kaduna,CT Scanner,HealthEquip Ltd.,UK
4441,30,200,2024-08-02,Healing Touch Hospital,Rivers,X-Ray Machine,Radiant Suppliers,China
4442,15,150,2024-08-07,Metro Hospital,Abuja,Ultrasound,TechHealth Inc.,Canada
4443,20,350,2024-08-12,Central Hospital,Enugu,MRI Machine,MedTech Co.,USA
4444,5,450,2024-08-17,Sunshine Hospital,Lagos,CT Scanner,HealthEquip Ltd.,UK
4445,10,250,2024-08-22,Community Hospital,Abuja,Ultrasound,Radiant Suppliers,China
4446,14,150,2024-08-27,Hope Clinic,Kano,MRI Machine,TechHealth Inc.,Canada
4447,20,300,2024-09-01,Healing Hands Hospital,Lagos,Defibrillator,SoloSupplier Inc.,UK
4448,5,750,2024-09-06,City Hospital,Rivers,Ventilator,ExclusiveTech Ltd.,Germany
4449,10,400,2024-09-11,Metro Medical Center,Abuja,Surgical Table,HealthEquip Ltd.,UK
4450,12,200,2024-09-16,State Hospital,Oyo,MRI Machine,MedTech Co.,USA
4451,10,250,2024-01-15,General Hospital,Lagos,MRI Machine,MedTech Co.,USA
4452,5,200,2024-01-20,City Hospital,Abuja,MRI Machine,HealthEquip Ltd.,UK
4453,20,150,2024-01-25,Central Hospital,Rivers,X-Ray Machine,Radiant Suppliers,China
4454,15,300,2024-01-30,Sunshine Hospital,Lagos,CT Scanner,TechHealth Inc.,Canada
4455,8,500,2024-02-04,Community Hospital,Kaduna,Ultrasound,HealthEquip Ltd.,UK
4456,12,180,2024-02-09,Healing Hands Hospital,Enugu,X-Ray Machine,Radiant Suppliers,China
4457,25,220,2024-02-14,Hope Hospital,Kano,MRI Machine,MedTech Co.,USA
4458,30,320,2024-02-19,Unity Hospital,Lagos,CT Scanner,TechHealth Inc.,Canada
4459,10,550,2024-02-24,Metro Hospital,Abuja,Ultrasound,HealthEquip Ltd.,UK
4460,50,130,2024-02-29,State Hospital,Oyo,X-Ray Machine,Radiant Suppliers,China
4461,20,270,2024-03-05,City Medical Center,Lagos,MRI Machine,MedTech Co.,USA
4462,6,300,2024-03-10,General Hospital,Rivers,CT Scanner,TechHealth Inc.,Canada
4463,15,250,2024-03-15,Central Clinic,Ogun,Ultrasound,HealthEquip Ltd.,UK
4464,4,450,2024-03-20,Healing Touch Hospital,Enugu,MRI Machine,Radiant Suppliers,China
4465,25,180,2024-03-25,Sunshine Medical,Lagos,X-Ray Machine,MedTech Co.,USA
4466,18,600,2024-03-30,Hope Clinic,Kano,CT Scanner,HealthEquip Ltd.,UK
4467,14,150,2024-04-04,Metro Medical Center,Abuja,Ultrasound,TechHealth Inc.,Canada
4468,11,200,2024-04-09,State Medical Center,Oyo,MRI Machine,MedTech Co.,USA
4469,30,400,2024-04-14,General Clinic,Lagos,CT Scanner,HealthEquip Ltd.,UK
4470,10,150,2024-04-19,City Hospital,Rivers,Ultrasound,TechHealth Inc.,Canada
4471,12,350,2024-04-24,Hope Hospital,Abuja,MRI Machine,Radiant Suppliers,China
4472,10,450,2024-04-29,Healing Hands Hospital,Enugu,X-Ray Machine,HealthEquip Ltd.,UK
4473,5,600,2024-05-04,Central Hospital,Kaduna,Ultrasound,MedTech Co.,USA
4474,20,120,2024-05-09,State Hospital,Oyo,X-Ray Machine,Radiant Suppliers,China
4475,15,330,2024-05-14,City Medical Center,Lagos,MRI Machine,TechHealth Inc.,Canada
4476,10,450,2024-05-19,Central Hospital,Rivers,Ultrasound,HealthEquip Ltd.,UK
4477,7,200,2024-05-24,Metro Hospital,Abuja,X-Ray Machine,Radiant Suppliers,China
4478,25,280,2024-05-29,Hope Clinic,Kano,CT Scanner,TechHealth Inc.,Canada
4479,30,400,2024-06-03,Sunshine Hospital,Lagos,MRI Machine,MedTech Co.,USA
4480,15,170,2024-06-08,General Hospital,Enugu,Ultrasound,HealthEquip Ltd.,UK
4481,12,300,2024-06-13,State Medical Center,Oyo,CT Scanner,MedTech Co.,USA
4482,6,400,2024-06-18,Healing Hands Hospital,Rivers,MRI Machine,HealthEquip Ltd.,Canada
4483,8,250,2024-06-23,Metro Medical Center,Abuja,X-Ray Machine,TechHealth Inc.,UK
4484,14,150,2024-06-28,Central Clinic,Kaduna,Ultrasound,MedTech Co.,China
4485,25,220,2024-07-03,Community Hospital,Lagos,MRI Machine,MedTech Co.,USA
4486,18,600,2024-07-08,Sunshine Medical,Kano,CT Scanner,HealthEquip Ltd.,UK
4487,10,150,2024-07-13,Hope Hospital,Enugu,Ultrasound,Radiant Suppliers,China
4488,11,300,2024-07-18,City Medical Center,Oyo,X-Ray Machine,HealthEquip Ltd.,UK
4489,25,320,2024-07-23,State Hospital,Lagos,MRI Machine,Radiant Suppliers,China
4490,12,400,2024-07-28,General Hospital,Kaduna,CT Scanner,HealthEquip Ltd.,UK
4491,30,200,2024-08-02,Healing Touch Hospital,Rivers,X-Ray Machine,Radiant Suppliers,China
4492,15,150,2024-08-07,Metro Hospital,Abuja,Ultrasound,TechHealth Inc.,Canada
4493,20,350,2024-08-12,Central Hospital,Enugu,MRI Machine,MedTech Co.,USA
4494,5,450,2024-08-17,Sunshine Hospital,Lagos,CT Scanner,HealthEquip Ltd.,UK
4495,10,250,2024-08-22,Community Hospital,Abuja,Ultrasound,Radiant Suppliers,China
4496,14,150,2024-08-27,Hope Clinic,Kano,MRI Machine,TechHealth Inc.,Canada
4497,20,300,2024-09-01,Healing Hands Hospital,Lagos,Defibrillator,SoloSupplier Inc.,UK
4498,5,750,2024-09-06,City Hospital,Rivers,Ventilator,ExclusiveTech Ltd.,Germany
4499,10,400,2024-09-11,Metro Medical Center,Abuja,Surgical Table,HealthEquip Ltd.,UK
4500,12,200,2024-09-16,State Hospital,Oyo,MRI Machine,MedTech Co.,USA
4501,10,250,2024-01-15,General Hospital,Lagos,MRI Machine,MedTech Co.,USA
4502,5,200,2024-01-20,City Hospital,Abuja,MRI Machine,HealthEquip Ltd.,UK
4503,20,150,2024-01-25,Central Hospital,Rivers,X-Ray Machine,Radiant Suppliers,China
4504,15,300,2024-01-30,Sunshine Hospital,Lagos,CT Scanner,TechHealth Inc.,Canada
4505,8,500,2024-02-04,Community Hospital,Kaduna,Ultrasound,HealthEquip Ltd.,UK
4506,12,180,2024-02-09,Healing Hands Hospital,Enugu,X-Ray Machine,Radiant Suppliers,China
4507,25,220,2024-02-14,Hope Hospital,Kano,MRI Machine,MedTech Co.,USA
4508,30,320,2024-02-19,Unity Hospital,Lagos,CT Scanner,TechHealth Inc.,Canada
4509,10,550,2024-02-24,Metro Hospital,Abuja,Ultrasound,HealthEquip Ltd.,UK
4510,50,130,2024-02-29,State Hospital,Oyo,X-Ray Machine,Radiant Suppliers,China
4511,20,270,2024-03-05,City Medical Center,Lagos,MRI Machine,MedTech Co.,USA
4512,6,300,2024-03-10,General Hospital,Rivers,CT Scanner,TechHealth Inc.,Canada
4513,15,250,2024-03-15,Central Clinic,Ogun,Ultrasound,HealthEquip Ltd.,UK
4514,4,450,2024-03-20,Healing Touch Hospital,Enugu,MRI Machine,Radiant Suppliers,China
4515,25,180,2024-03-25,Sunshine Medical,Lagos,X-Ray Machine,MedTech Co.,USA
4516,18,600,2024-03-30,Hope Clinic,Kano,CT Scanner,HealthEquip Ltd.,UK
4517,14,150,2024-04-04,Metro Medical Center,Abuja,Ultrasound,TechHealth Inc.,Canada
4518,11,200,2024-04-09,State Medical Center,Oyo,MRI Machine,MedTech Co.,USA
4519,30,400,2024-04-14,General Clinic,Lagos,CT Scanner,HealthEquip Ltd.,UK
4520,10,150,2024-04-19,City Hospital,Rivers,Ultrasound,TechHealth Inc.,Canada
4521,12,350,2024-04-24,Hope Hospital,Abuja,MRI Machine,Radiant Suppliers,China
4522,10,450,2024-04-29,Healing Hands Hospital,Enugu,X-Ray Machine,HealthEquip Ltd.,UK
4523,5,600,2024-05-04,Central Hospital,Kaduna,Ultrasound,MedTech Co.,USA
4524,20,120,2024-05-09,State Hospital,Oyo,X-Ray Machine,Radiant Suppliers,China
4525,15,330,2024-05-14,City Medical Center,Lagos,MRI Machine,TechHealth Inc.,Canada
4526,10,450,2024-05-19,Central Hospital,Rivers,Ultrasound,HealthEquip Ltd.,UK
4527,7,200,2024-05-24,Metro Hospital,Abuja,X-Ray Machine,Radiant Suppliers,China
4528,25,280,2024-05-29,Hope Clinic,Kano,CT Scanner,TechHealth Inc.,Canada
4529,30,400,2024-06-03,Sunshine Hospital,Lagos,MRI Machine,MedTech Co.,USA
4530,15,170,2024-06-08,General Hospital,Enugu,Ultrasound,HealthEquip Ltd.,UK
4531,12,300,2024-06-13,State Medical Center,Oyo,CT Scanner,MedTech Co.,USA
4532,6,400,2024-06-18,Healing Hands Hospital,Rivers,MRI Machine,HealthEquip Ltd.,Canada
4533,8,250,2024-06-23,Metro Medical Center,Abuja,X-Ray Machine,TechHealth Inc.,UK
4534,14,150,2024-06-28,Central Clinic,Kaduna,Ultrasound,MedTech Co.,China
4535,25,220,2024-07-03,Community Hospital,Lagos,MRI Machine,MedTech Co.,USA
4536,18,600,2024-07-08,Sunshine Medical,Kano,CT Scanner,HealthEquip Ltd.,UK
4537,10,150,2024-07-13,Hope Hospital,Enugu,Ultrasound,Radiant Suppliers,China
4538,11,300,2024-07-18,City Medical Center,Oyo,X-Ray Machine,HealthEquip Ltd.,UK
4539,25,320,2024-07-23,State Hospital,Lagos,MRI Machine,Radiant Suppliers,China
4540,12,400,2024-07-28,General Hospital,Kaduna,CT Scanner,HealthEquip Ltd.,UK
4541,30,200,2024-08-02,Healing Touch Hospital,Rivers,X-Ray Machine,Radiant Suppliers,China
4542,15,150,2024-08-07,Metro Hospital,Abuja,Ultrasound,TechHealth Inc.,Canada
4543,20,350,2024-08-12,Central Hospital,Enugu,MRI Machine,MedTech Co.,USA
4544,5,450,2024-08-17,Sunshine Hospital,Lagos,CT Scanner,HealthEquip Ltd.,UK
4545,10,250,2024-08-22,Community Hospital,Abuja,Ultrasound,Radiant Suppliers,China
4546,14,150,2024-08-27,Hope Clinic,Kano,MRI Machine,TechHealth Inc.,Canada
4547,20,300,2024-09-01,Healing Hands Hospital,Lagos,Defibrillator,SoloSupplier Inc.,UK
4548,5,750,2024-09-06,City Hospital,Rivers,Ventilator,ExclusiveTech Ltd.,Germany
4549,10,400,2024-09-11,Metro Medical Center,Abuja,Surgical Table,HealthEquip Ltd.,UK
4550,12,200,2024-09-16,State Hospital,Oyo,MRI Machine,MedTech Co.,USA
4551,10,250,2024-01-15,General Hospital,Lagos,MRI Machine,MedTech Co.,USA
4552,5,200,2024-01-20,City Hospital,Abuja,MRI Machine,HealthEquip Ltd.,UK
4553,20,150,2024-01-25,Central Hospital,Rivers,X-Ray Machine,Radiant Suppliers,China
4554,15,300,2024-01-30,Sunshine Hospital,Lagos,CT Scanner,TechHealth Inc.,Canada
4555,8,500,2024-02-04,Community Hospital,Kaduna,Ultrasound,HealthEquip Ltd.,UK
4556,12,180,2024-02-09,Healing Hands Hospital,Enugu,X-Ray Machine,Radiant Suppliers,China
4557,25,220,2024-02-14,Hope Hospital,Kano,MRI Machine,MedTech Co.,USA
4558,30,320,2024-02-19,Unity Hospital,Lagos,CT Scanner,TechHealth Inc.,Canada
4559,10,550,2024-02-24,Metro Hospital,Abuja,Ultrasound,HealthEquip Ltd.,UK
4560,50,130,2024-02-29,State Hospital,Oyo,X-Ray Machine,Radiant Suppliers,China
4561,20,270,2024-03-05,City Medical Center,Lagos,MRI Machine,MedTech Co.,USA
4562,6,300,2024-03-10,General Hospital,Rivers,CT Scanner,TechHealth Inc.,Canada
4563,15,250,2024-03-15,Central Clinic,Ogun,Ultrasound,HealthEquip Ltd.,UK
4564,4,450,2024-03-20,Healing Touch Hospital,Enugu,MRI Machine,Radiant Suppliers,China
4565,25,180,2024-03-25,Sunshine Medical,Lagos,X-Ray Machine,MedTech Co.,USA
4566,18,600,2024-03-30,Hope Clinic,Kano,CT Scanner,HealthEquip Ltd.,UK
4567,14,150,2024-04-04,Metro Medical Center,Abuja,Ultrasound,TechHealth Inc.,Canada
4568,11,200,2024-04-09,State Medical Center,Oyo,MRI Machine,MedTech Co.,USA
4569,30,400,2024-04-14,General Clinic,Lagos,CT Scanner,HealthEquip Ltd.,UK
4570,10,150,2024-04-19,City Hospital,Rivers,Ultrasound,TechHealth Inc.,Canada
4571,12,350,2024-04-24,Hope Hospital,Abuja,MRI Machine,Radiant Suppliers,China
4572,10,450,2024-04-29,Healing Hands Hospital,Enugu,X-Ray Machine,HealthEquip Ltd.,UK
4573,5,600,2024-05-04,Central Hospital,Kaduna,Ultrasound,MedTech Co.,USA
4574,20,120,2024-05-09,State Hospital,Oyo,X-Ray Machine,Radiant Suppliers,China
4575,15,330,2024-05-14,City Medical Center,Lagos,MRI Machine,TechHealth Inc.,Canada
4576,10,450,2024-05-19,Central Hospital,Rivers,Ultrasound,HealthEquip Ltd.,UK
4577,7,200,2024-05-24,Metro Hospital,Abuja,X-Ray Machine,Radiant Suppliers,China
4578,25,280,2024-05-29,Hope Clinic,Kano,CT Scanner,TechHealth Inc.,Canada
4579,30,400,2024-06-03,Sunshine Hospital,Lagos,MRI Machine,MedTech Co.,USA
4580,15,170,2024-06-08,General Hospital,Enugu,Ultrasound,HealthEquip Ltd.,UK
4581,12,300,2024-06-13,State Medical Center,Oyo,CT Scanner,MedTech Co.,USA
4582,6,400,2024-06-18,Healing Hands Hospital,Rivers,MRI Machine,HealthEquip Ltd.,Canada
4583,8,250,2024-06-23,Metro Medical Center,Abuja,X-Ray Machine,TechHealth Inc.,UK
4584,14,150,2024-06-28,Central Clinic,Kaduna,Ultrasound,MedTech Co.,China
4585,25,220,2024-07-03,Community Hospital,Lagos,MRI Machine,MedTech Co.,USA
4586,18,600,2024-07-08,Sunshine Medical,Kano,CT Scanner,HealthEquip Ltd.,UK
4587,10,150,2024-07-13,Hope Hospital,Enugu,Ultrasound,Radiant Suppliers,China
4588,11,300,2024-07-18,City Medical Center,Oyo,X-Ray Machine,HealthEquip Ltd.,UK
4589,25,320,2024-07-23,State Hospital,Lagos,MRI Machine,Radiant Suppliers,China
4590,12,400,2024-07-28,General Hospital,Kaduna,CT Scanner,HealthEquip Ltd.,UK
4591,30,200,2024-08-02,Healing Touch Hospital,Rivers,X-Ray Machine,Radiant Suppliers,China
4592,15,150,2024-08-07,Metro Hospital,Abuja,Ultrasound,TechHealth Inc.,Canada
4593,20,350,2024-08-12,Central Hospital,Enugu,MRI Machine,MedTech Co.,USA
4594,5,450,2024-08-17,Sunshine Hospital,Lagos,CT Scanner,HealthEquip Ltd.,UK
4595,10,250,2024-08-22,Community Hospital,Abuja,Ultrasound,Radiant Suppliers,China
4596,14,150,2024-08-27,Hope Clinic,Kano,MRI Machine,TechHealth Inc.,Canada
4597,20,300,2024-09-01,Healing Hands Hospital,Lagos,Defibrillator,SoloSupplier Inc.,UK
4598,5,750,2024-09-06,City Hospital,Rivers,Ventilator,ExclusiveTech Ltd.,Germany
4599,10,400,2024-09-11,Metro Medical Center,Abuja,Surgical Table,HealthEquip Ltd.,UK
4600,12,200,2024-09-16,State Hospital,Oyo,MRI Machine,MedTech Co.,USA
4601,10,250,2024-01-15,General Hospital,Lagos,MRI Machine,MedTech Co.,USA
4602,5,200,2024-01-20,City Hospital,Abuja,MRI Machine,HealthEquip Ltd.,UK
4603,20,150,2024-01-25,Central Hospital,Rivers,X-Ray Machine,Radiant Suppliers,China
4604,15,300,2024-01-30,Sunshine Hospital,Lagos,CT Scanner,TechHealth Inc.,Canada
4605,8,500,2024-02-04,Community Hospital,Kaduna,Ultrasound,HealthEquip Ltd.,UK
4606,12,180,2024-02-09,Healing Hands Hospital,Enugu,X-Ray Machine,Radiant Suppliers,China
4607,25,220,2024-02-14,Hope Hospital,Kano,MRI Machine,MedTech Co.,USA
4608,30,320,2024-02-19,Unity Hospital,Lagos,CT Scanner,TechHealth Inc.,Canada
4609,10,550,2024-02-24,Metro Hospital,Abuja,Ultrasound,HealthEquip Ltd.,UK
4610,50,130,2024-02-29,State Hospital,Oyo,X-Ray Machine,Radiant Suppliers,China
4611,20,270,2024-03-05,City Medical Center,Lagos,MRI Machine,MedTech Co.,USA
4612,6,300,2024-03-10,General Hospital,Rivers,CT Scanner,TechHealth Inc.,Canada
4613,15,250,2024-03-15,Central Clinic,Ogun,Ultrasound,HealthEquip Ltd.,UK
4614,4,450,2024-03-20,Healing Touch Hospital,Enugu,MRI Machine,Radiant Suppliers,China
4615,25,180,2024-03-25,Sunshine Medical,Lagos,X-Ray Machine,MedTech Co.,USA
4616,18,600,2024-03-30,Hope Clinic,Kano,CT Scanner,HealthEquip Ltd.,UK
4617,14,150,2024-04-04,Metro Medical Center,Abuja,Ultrasound,TechHealth Inc.,Canada
4618,11,200,2024-04-09,State Medical Center,Oyo,MRI Machine,MedTech Co.,USA
4619,30,400,2024-04-14,General Clinic,Lagos,CT Scanner,HealthEquip Ltd.,UK
4620,10,150,2024-04-19,City Hospital,Rivers,Ultrasound,TechHealth Inc.,Canada
4621,12,350,2024-04-24,Hope Hospital,Abuja,MRI Machine,Radiant Suppliers,China
4622,10,450,2024-04-29,Healing Hands Hospital,Enugu,X-Ray Machine,HealthEquip Ltd.,UK
4623,5,600,2024-05-04,Central Hospital,Kaduna,Ultrasound,MedTech Co.,USA
4624,20,120,2024-05-09,State Hospital,Oyo,X-Ray Machine,Radiant Suppliers,China
4625,15,330,2024-05-14,City Medical Center,Lagos,MRI Machine,TechHealth Inc.,Canada
4626,10,450,2024-05-19,Central Hospital,Rivers,Ultrasound,HealthEquip Ltd.,UK
4627,7,200,2024-05-24,Metro Hospital,Abuja,X-Ray Machine,Radiant Suppliers,China
4628,25,280,2024-05-29,Hope Clinic,Kano,CT Scanner,TechHealth Inc.,Canada
4629,30,400,2024-06-03,Sunshine Hospital,Lagos,MRI Machine,MedTech Co.,USA
4630,15,170,2024-06-08,General Hospital,Enugu,Ultrasound,HealthEquip Ltd.,UK
4631,12,300,2024-06-13,State Medical Center,Oyo,CT Scanner,MedTech Co.,USA
4632,6,400,2024-06-18,Healing Hands Hospital,Rivers,MRI Machine,HealthEquip Ltd.,Canada
4633,8,250,2024-06-23,Metro Medical Center,Abuja,X-Ray Machine,TechHealth Inc.,UK
4634,14,150,2024-06-28,Central Clinic,Kaduna,Ultrasound,MedTech Co.,China
4635,25,220,2024-07-03,Community Hospital,Lagos,MRI Machine,MedTech Co.,USA
4636,18,600,2024-07-08,Sunshine Medical,Kano,CT Scanner,HealthEquip Ltd.,UK
4637,10,150,2024-07-13,Hope Hospital,Enugu,Ultrasound,Radiant Suppliers,China
4638,11,300,2024-07-18,City Medical Center,Oyo,X-Ray Machine,HealthEquip Ltd.,UK
4639,25,320,2024-07-23,State Hospital,Lagos,MRI Machine,Radiant Suppliers,China
4640,12,400,2024-07-28,General Hospital,Kaduna,CT Scanner,HealthEquip Ltd.,UK
4641,30,200,2024-08-02,Healing Touch Hospital,Rivers,X-Ray Machine,Radiant Suppliers,China
4642,15,150,2024-08-07,Metro Hospital,Abuja,Ultrasound,TechHealth Inc.,Canada
4643,20,350,2024-08-12,Central Hospital,Enugu,MRI Machine,MedTech Co.,USA
4644,5,450,2024-08-17,Sunshine Hospital,Lagos,CT Scanner,HealthEquip Ltd.,UK
4645,10,250,2024-08-22,Community Hospital,Abuja,Ultrasound,Radiant Suppliers,China
4646,14,150,2024-08-27,Hope Clinic,Kano,MRI Machine,TechHealth Inc.,Canada
4647,20,300,2024-09-01,Healing Hands Hospital,Lagos,Defibrillator,SoloSupplier Inc.,UK
4648,5,750,2024-09-06,City Hospital,Rivers,Ventilator,ExclusiveTech Ltd.,Germany
4649,10,400,2024-09-11,Metro Medical Center,Abuja,Surgical Table,HealthEquip Ltd.,UK
4650,12,200,2024-09-16,State Hospital,Oyo,MRI Machine,MedTech Co.,USA
4651,10,250,2024-01-15,General Hospital,Lagos,MRI Machine,MedTech Co.,USA
4652,5,200,2024-01-20,City Hospital,Abuja,MRI Machine,HealthEquip Ltd.,UK
4653,20,150,2024-01-25,Central Hospital,Rivers,X-Ray Machine,Radiant Suppliers,China
4654,15,300,2024-01-30,Sunshine Hospital,Lagos,CT Scanner,TechHealth Inc.,Canada
4655,8,500,2024-02-04,Community Hospital,Kaduna,Ultrasound,HealthEquip Ltd.,UK
4656,12,180,2024-02-09,Healing Hands Hospital,Enugu,X-Ray Machine,Radiant Suppliers,China
4657,25,220,2024-02-14,Hope Hospital,Kano,MRI Machine,MedTech Co.,USA
4658,30,320,2024-02-19,Unity Hospital,Lagos,CT Scanner,TechHealth Inc.,Canada
4659,10,550,2024-02-24,Metro Hospital,Abuja,Ultrasound,HealthEquip Ltd.,UK
4660,50,130,2024-02-29,State Hospital,Oyo,X-Ray Machine,Radiant Suppliers,China
4661,20,270,2024-03-05,City Medical Center,Lagos,MRI Machine,MedTech Co.,USA
4662,6,300,2024-03-10,General Hospital,Rivers,CT Scanner,TechHealth Inc.,Canada
4663,15,250,2024-03-15,Central Clinic,Ogun,Ultrasound,HealthEquip Ltd.,UK
4664,4,450,2024-03-20,Healing Touch Hospital,Enugu,MRI Machine,Radiant Suppliers,China
4665,25,180,2024-03-25,Sunshine Medical,Lagos,X-Ray Machine,MedTech Co.,USA
4666,18,600,2024-03-30,Hope Clinic,Kano,CT Scanner,HealthEquip Ltd.,UK
4667,14,150,2024-04-04,Metro Medical Center,Abuja,Ultrasound,TechHealth Inc.,Canada
4668,11,200,2024-04-09,State Medical Center,Oyo,MRI Machine,MedTech Co.,USA
4669,30,400,2024-04-14,General Clinic,Lagos,CT Scanner,HealthEquip Ltd.,UK
4670,10,150,2024-04-19,City Hospital,Rivers,Ultrasound,TechHealth Inc.,Canada
4671,12,350,2024-04-24,Hope Hospital,Abuja,MRI Machine,Radiant Suppliers,China
4672,10,450,2024-04-29,Healing Hands Hospital,Enugu,X-Ray Machine,HealthEquip Ltd.,UK
4673,5,600,2024-05-04,Central Hospital,Kaduna,Ultrasound,MedTech Co.,USA
4674,20,120,2024-05-09,State Hospital,Oyo,X-Ray Machine,Radiant Suppliers,China
4675,15,330,2024-05-14,City Medical Center,Lagos,MRI Machine,TechHealth Inc.,Canada
4676,10,450,2024-05-19,Central Hospital,Rivers,Ultrasound,HealthEquip Ltd.,UK
4677,7,200,2024-05-24,Metro Hospital,Abuja,X-Ray Machine,Radiant Suppliers,China
4678,25,280,2024-05-29,Hope Clinic,Kano,CT Scanner,TechHealth Inc.,Canada
4679,30,400,2024-06-03,Sunshine Hospital,Lagos,MRI Machine,MedTech Co.,USA
4680,15,170,2024-06-08,General Hospital,Enugu,Ultrasound,HealthEquip Ltd.,UK
4681,12,300,2024-06-13,State Medical Center,Oyo,CT Scanner,MedTech Co.,USA
4682,6,400,2024-06-18,Healing Hands Hospital,Rivers,MRI Machine,HealthEquip Ltd.,Canada
4683,8,250,2024-06-23,Metro Medical Center,Abuja,X-Ray Machine,TechHealth Inc.,UK
4684,14,150,2024-06-28,Central Clinic,Kaduna,Ultrasound,MedTech Co.,China
4685,25,220,2024-07-03,Community Hospital,Lagos,MRI Machine,MedTech Co.,USA
4686,18,600,2024-07-08,Sunshine Medical,Kano,CT Scanner,HealthEquip Ltd.,UK
4687,10,150,2024-07-13,Hope Hospital,Enugu,Ultrasound,Radiant Suppliers,China
4688,11,300,2024-07-18,City Medical Center,Oyo,X-Ray Machine,HealthEquip Ltd.,UK
4689,25,320,2024-07-23,State Hospital,Lagos,MRI Machine,Radiant Suppliers,China
4690,12,400,2024-07-28,General Hospital,Kaduna,CT Scanner,HealthEquip Ltd.,UK
4691,30,200,2024-08-02,Healing Touch Hospital,Rivers,X-Ray Machine,Radiant Suppliers,China
4692,15,150,2024-08-07,Metro Hospital,Abuja,Ultrasound,TechHealth Inc.,Canada
4693,20,350,2024-08-12,Central Hospital,Enugu,MRI Machine,MedTech Co.,USA
4694,5,450,2024-08-17,Sunshine Hospital,Lagos,CT Scanner,HealthEquip Ltd.,UK
4695,10,250,2024-08-22,Community Hospital,Abuja,Ultrasound,Radiant Suppliers,China
4696,14,150,2024-08-27,Hope Clinic,Kano,MRI Machine,TechHealth Inc.,Canada
4697,20,300,2024-09-01,Healing Hands Hospital,Lagos,Defibrillator,SoloSupplier Inc.,UK
4698,5,750,2024-09-06,City Hospital,Rivers,Ventilator,ExclusiveTech Ltd.,Germany
4699,10,400,2024-09-11,Metro Medical Center,Abuja,Surgical Table,HealthEquip Ltd.,UK
4700,12,200,2024-09-16,State Hospital,Oyo,MRI Machine,MedTech Co.,USA
4701,10,250,2024-01-15,General Hospital,Lagos,MRI Machine,MedTech Co.,USA
4702,5,200,2024-01-20,City Hospital,Abuja,MRI Machine,HealthEquip Ltd.,UK
4703,20,150,2024-01-25,Central Hospital,Rivers,X-Ray Machine,Radiant Suppliers,China
4704,15,300,2024-01-30,Sunshine Hospital,Lagos,CT Scanner,TechHealth Inc.,Canada
4705,8,500,2024-02-04,Community Hospital,Kaduna,Ultrasound,HealthEquip Ltd.,UK
4706,12,180,2024-02-09,Healing Hands Hospital,Enugu,X-Ray Machine,Radiant Suppliers,China
4707,25,220,2024-02-14,Hope Hospital,Kano,MRI Machine,MedTech Co.,USA
4708,30,320,2024-02-19,Unity Hospital,Lagos,CT Scanner,TechHealth Inc.,Canada
4709,10,550,2024-02-24,Metro Hospital,Abuja,Ultrasound,HealthEquip Ltd.,UK
4710,50,130,2024-02-29,State Hospital,Oyo,X-Ray Machine,Radiant Suppliers,China
4711,20,270,2024-03-05,City Medical Center,Lagos,MRI Machine,MedTech Co.,USA
4712,6,300,2024-03-10,General Hospital,Rivers,CT Scanner,TechHealth Inc.,Canada
4713,15,250,2024-03-15,Central Clinic,Ogun,Ultrasound,HealthEquip Ltd.,UK
4714,4,450,2024-03-20,Healing Touch Hospital,Enugu,MRI Machine,Radiant Suppliers,China
4715,25,180,2024-03-25,Sunshine Medical,Lagos,X-Ray Machine,MedTech Co.,USA
4716,18,600,2024-03-30,Hope Clinic,Kano,CT Scanner,HealthEquip Ltd.,UK
4717,14,150,2024-04-04,Metro Medical Center,Abuja,Ultrasound,TechHealth Inc.,Canada
4718,11,200,2024-04-09,State Medical Center,Oyo,MRI Machine,MedTech Co.,USA
4719,30,400,2024-04-14,General Clinic,Lagos,CT Scanner,HealthEquip Ltd.,UK
4720,10,150,2024-04-19,City Hospital,Rivers,Ultrasound,TechHealth Inc.,Canada
4721,12,350,2024-04-24,Hope Hospital,Abuja,MRI Machine,Radiant Suppliers,China
4722,10,450,2024-04-29,Healing Hands Hospital,Enugu,X-Ray Machine,HealthEquip Ltd.,UK
4723,5,600,2024-05-04,Central Hospital,Kaduna,Ultrasound,MedTech Co.,USA
4724,20,120,2024-05-09,State Hospital,Oyo,X-Ray Machine,Radiant Suppliers,China
4725,15,330,2024-05-14,City Medical Center,Lagos,MRI Machine,TechHealth Inc.,Canada
4726,10,450,2024-05-19,Central Hospital,Rivers,Ultrasound,HealthEquip Ltd.,UK
4727,7,200,2024-05-24,Metro Hospital,Abuja,X-Ray Machine,Radiant Suppliers,China
4728,25,280,2024-05-29,Hope Clinic,Kano,CT Scanner,TechHealth Inc.,Canada
4729,30,400,2024-06-03,Sunshine Hospital,Lagos,MRI Machine,MedTech Co.,USA
4730,15,170,2024-06-08,General Hospital,Enugu,Ultrasound,HealthEquip Ltd.,UK
4731,12,300,2024-06-13,State Medical Center,Oyo,CT Scanner,MedTech Co.,USA
4732,6,400,2024-06-18,Healing Hands Hospital,Rivers,MRI Machine,HealthEquip Ltd.,Canada
4733,8,250,2024-06-23,Metro Medical Center,Abuja,X-Ray Machine,TechHealth Inc.,UK
4734,14,150,2024-06-28,Central Clinic,Kaduna,Ultrasound,MedTech Co.,China
4735,25,220,2024-07-03,Community Hospital,Lagos,MRI Machine,MedTech Co.,USA
4736,18,600,2024-07-08,Sunshine Medical,Kano,CT Scanner,HealthEquip Ltd.,UK
4737,10,150,2024-07-13,Hope Hospital,Enugu,Ultrasound,Radiant Suppliers,China
4738,11,300,2024-07-18,City Medical Center,Oyo,X-Ray Machine,HealthEquip Ltd.,UK
4739,25,320,2024-07-23,State Hospital,Lagos,MRI Machine,Radiant Suppliers,China
4740,12,400,2024-07-28,General Hospital,Kaduna,CT Scanner,HealthEquip Ltd.,UK
4741,30,200,2024-08-02,Healing Touch Hospital,Rivers,X-Ray Machine,Radiant Suppliers,China
4742,15,150,2024-08-07,Metro Hospital,Abuja,Ultrasound,TechHealth Inc.,Canada
4743,20,350,2024-08-12,Central Hospital,Enugu,MRI Machine,MedTech Co.,USA
4744,5,450,2024-08-17,Sunshine Hospital,Lagos,CT Scanner,HealthEquip Ltd.,UK
4745,10,250,2024-08-22,Community Hospital,Abuja,Ultrasound,Radiant Suppliers,China
4746,14,150,2024-08-27,Hope Clinic,Kano,MRI Machine,TechHealth Inc.,Canada
4747,20,300,2024-09-01,Healing Hands Hospital,Lagos,Defibrillator,SoloSupplier Inc.,UK
4748,5,750,2024-09-06,City Hospital,Rivers,Ventilator,ExclusiveTech Ltd.,Germany
4749,10,400,2024-09-11,Metro Medical Center,Abuja,Surgical Table,HealthEquip Ltd.,UK
4750,12,200,2024-09-16,State Hospital,Oyo,MRI Machine,MedTech Co.,USA
4751,10,250,2024-01-15,General Hospital,Lagos,MRI Machine,MedTech Co.,USA
4752,5,200,2024-01-20,City Hospital,Abuja,MRI Machine,HealthEquip Ltd.,UK
4753,20,150,2024-01-25,Central Hospital,Rivers,X-Ray Machine,Radiant Suppliers,China
4754,15,300,2024-01-30,Sunshine Hospital,Lagos,CT Scanner,TechHealth Inc.,Canada
4755,8,500,2024-02-04,Community Hospital,Kaduna,Ultrasound,HealthEquip Ltd.,UK
4756,12,180,2024-02-09,Healing Hands Hospital,Enugu,X-Ray Machine,Radiant Suppliers,China
4757,25,220,2024-02-14,Hope Hospital,Kano,MRI Machine,MedTech Co.,USA
4758,30,320,2024-02-19,Unity Hospital,Lagos,CT Scanner,TechHealth Inc.,Canada
4759,10,550,2024-02-24,Metro Hospital,Abuja,Ultrasound,HealthEquip Ltd.,UK
4760,50,130,2024-02-29,State Hospital,Oyo,X-Ray Machine,Radiant Suppliers,China
4761,20,270,2024-03-05,City Medical Center,Lagos,MRI Machine,MedTech Co.,USA
4762,6,300,2024-03-10,General Hospital,Rivers,CT Scanner,TechHealth Inc.,Canada
4763,15,250,2024-03-15,Central Clinic,Ogun,Ultrasound,HealthEquip Ltd.,UK
4764,4,450,2024-03-20,Healing Touch Hospital,Enugu,MRI Machine,Radiant Suppliers,China
4765,25,180,2024-03-25,Sunshine Medical,Lagos,X-Ray Machine,MedTech Co.,USA
4766,18,600,2024-03-30,Hope Clinic,Kano,CT Scanner,HealthEquip Ltd.,UK
4767,14,150,2024-04-04,Metro Medical Center,Abuja,Ultrasound,TechHealth Inc.,Canada
4768,11,200,2024-04-09,State Medical Center,Oyo,MRI Machine,MedTech Co.,USA
4769,30,400,2024-04-14,General Clinic,Lagos,CT Scanner,HealthEquip Ltd.,UK
4770,10,150,2024-04-19,City Hospital,Rivers,Ultrasound,TechHealth Inc.,Canada
4771,12,350,2024-04-24,Hope Hospital,Abuja,MRI Machine,Radiant Suppliers,China
4772,10,450,2024-04-29,Healing Hands Hospital,Enugu,X-Ray Machine,HealthEquip Ltd.,UK
4773,5,600,2024-05-04,Central Hospital,Kaduna,Ultrasound,MedTech Co.,USA
4774,20,120,2024-05-09,State Hospital,Oyo,X-Ray Machine,Radiant Suppliers,China
4775,15,330,2024-05-14,City Medical Center,Lagos,MRI Machine,TechHealth Inc.,Canada
4776,10,450,2024-05-19,Central Hospital,Rivers,Ultrasound,HealthEquip Ltd.,UK
4777,7,200,2024-05-24,Metro Hospital,Abuja,X-Ray Machine,Radiant Suppliers,China
4778,25,280,2024-05-29,Hope Clinic,Kano,CT Scanner,TechHealth Inc.,Canada
4779,30,400,2024-06-03,Sunshine Hospital,Lagos,MRI Machine,MedTech Co.,USA
4780,15,170,2024-06-08,General Hospital,Enugu,Ultrasound,HealthEquip Ltd.,UK
4781,12,300,2024-06-13,State Medical Center,Oyo,CT Scanner,MedTech Co.,USA
4782,6,400,2024-06-18,Healing Hands Hospital,Rivers,MRI Machine,HealthEquip Ltd.,Canada
4783,8,250,2024-06-23,Metro Medical Center,Abuja,X-Ray Machine,TechHealth Inc.,UK
4784,14,150,2024-06-28,Central Clinic,Kaduna,Ultrasound,MedTech Co.,China
4785,25,220,2024-07-03,Community Hospital,Lagos,MRI Machine,MedTech Co.,USA
4786,18,600,2024-07-08,Sunshine Medical,Kano,CT Scanner,HealthEquip Ltd.,UK
4787,10,150,2024-07-13,Hope Hospital,Enugu,Ultrasound,Radiant Suppliers,China
4788,11,300,2024-07-18,City Medical Center,Oyo,X-Ray Machine,HealthEquip Ltd.,UK
4789,25,320,2024-07-23,State Hospital,Lagos,MRI Machine,Radiant Suppliers,China
4790,12,400,2024-07-28,General Hospital,Kaduna,CT Scanner,HealthEquip Ltd.,UK
4791,30,200,2024-08-02,Healing Touch Hospital,Rivers,X-Ray Machine,Radiant Suppliers,China
4792,15,150,2024-08-07,Metro Hospital,Abuja,Ultrasound,TechHealth Inc.,Canada
4793,20,350,2024-08-12,Central Hospital,Enugu,MRI Machine,MedTech Co.,USA
4794,5,450,2024-08-17,Sunshine Hospital,Lagos,CT Scanner,HealthEquip Ltd.,UK
4795,10,250,2024-08-22,Community Hospital,Abuja,Ultrasound,Radiant Suppliers,China
4796,14,150,2024-08-27,Hope Clinic,Kano,MRI Machine,TechHealth Inc.,Canada
4797,20,300,2024-09-01,Healing Hands Hospital,Lagos,Defibrillator,SoloSupplier Inc.,UK
4798,5,750,2024-09-06,City Hospital,Rivers,Ventilator,ExclusiveTech Ltd.,Germany
4799,10,400,2024-09-11,Metro Medical Center,Abuja,Surgical Table,HealthEquip Ltd.,UK
4800,12,200,2024-09-16,State Hospital,Oyo,MRI Machine,MedTech Co.,USA
4801,10,250,2024-01-15,General Hospital,Lagos,MRI Machine,MedTech Co.,USA
4802,5,200,2024-01-20,City Hospital,Abuja,MRI Machine,HealthEquip Ltd.,UK
4803,20,150,2024-01-25,Central Hospital,Rivers,X-Ray Machine,Radiant Suppliers,China
4804,15,300,2024-01-30,Sunshine Hospital,Lagos,CT Scanner,TechHealth Inc.,Canada
4805,8,500,2024-02-04,Community Hospital,Kaduna,Ultrasound,HealthEquip Ltd.,UK
4806,12,180,2024-02-09,Healing Hands Hospital,Enugu,X-Ray Machine,Radiant Suppliers,China
4807,25,220,2024-02-14,Hope Hospital,Kano,MRI Machine,MedTech Co.,USA
4808,30,320,2024-02-19,Unity Hospital,Lagos,CT Scanner,TechHealth Inc.,Canada
4809,10,550,2024-02-24,Metro Hospital,Abuja,Ultrasound,HealthEquip Ltd.,UK
4810,50,130,2024-02-29,State Hospital,Oyo,X-Ray Machine,Radiant Suppliers,China
4811,20,270,2024-03-05,City Medical Center,Lagos,MRI Machine,MedTech Co.,USA
4812,6,300,2024-03-10,General Hospital,Rivers,CT Scanner,TechHealth Inc.,Canada
4813,15,250,2024-03-15,Central Clinic,Ogun,Ultrasound,HealthEquip Ltd.,UK
4814,4,450,2024-03-20,Healing Touch Hospital,Enugu,MRI Machine,Radiant Suppliers,China
4815,25,180,2024-03-25,Sunshine Medical,Lagos,X-Ray Machine,MedTech Co.,USA
4816,18,600,2024-03-30,Hope Clinic,Kano,CT Scanner,HealthEquip Ltd.,UK
4817,14,150,2024-04-04,Metro Medical Center,Abuja,Ultrasound,TechHealth Inc.,Canada
4818,11,200,2024-04-09,State Medical Center,Oyo,MRI Machine,MedTech Co.,USA
4819,30,400,2024-04-14,General Clinic,Lagos,CT Scanner,HealthEquip Ltd.,UK
4820,10,150,2024-04-19,City Hospital,Rivers,Ultrasound,TechHealth Inc.,Canada
4821,12,350,2024-04-24,Hope Hospital,Abuja,MRI Machine,Radiant Suppliers,China
4822,10,450,2024-04-29,Healing Hands Hospital,Enugu,X-Ray Machine,HealthEquip Ltd.,UK
4823,5,600,2024-05-04,Central Hospital,Kaduna,Ultrasound,MedTech Co.,USA
4824,20,120,2024-05-09,State Hospital,Oyo,X-Ray Machine,Radiant Suppliers,China
4825,15,330,2024-05-14,City Medical Center,Lagos,MRI Machine,TechHealth Inc.,Canada
4826,10,450,2024-05-19,Central Hospital,Rivers,Ultrasound,HealthEquip Ltd.,UK
4827,7,200,2024-05-24,Metro Hospital,Abuja,X-Ray Machine,Radiant Suppliers,China
4828,25,280,2024-05-29,Hope Clinic,Kano,CT Scanner,TechHealth Inc.,Canada
4829,30,400,2024-06-03,Sunshine Hospital,Lagos,MRI Machine,MedTech Co.,USA
4830,15,170,2024-06-08,General Hospital,Enugu,Ultrasound,HealthEquip Ltd.,UK
4831,12,300,2024-06-13,State Medical Center,Oyo,CT Scanner,MedTech Co.,USA
4832,6,400,2024-06-18,Healing Hands Hospital,Rivers,MRI Machine,HealthEquip Ltd.,Canada
4833,8,250,2024-06-23,Metro Medical Center,Abuja,X-Ray Machine,TechHealth Inc.,UK
4834,14,150,2024-06-28,Central Clinic,Kaduna,Ultrasound,MedTech Co.,China
4835,25,220,2024-07-03,Community Hospital,Lagos,MRI Machine,MedTech Co.,USA
4836,18,600,2024-07-08,Sunshine Medical,Kano,CT Scanner,HealthEquip Ltd.,UK
4837,10,150,2024-07-13,Hope Hospital,Enugu,Ultrasound,Radiant Suppliers,China
4838,11,300,2024-07-18,City Medical Center,Oyo,X-Ray Machine,HealthEquip Ltd.,UK
4839,25,320,2024-07-23,State Hospital,Lagos,MRI Machine,Radiant Suppliers,China
4840,12,400,2024-07-28,General Hospital,Kaduna,CT Scanner,HealthEquip Ltd.,UK
4841,30,200,2024-08-02,Healing Touch Hospital,Rivers,X-Ray Machine,Radiant Suppliers,China
4842,15,150,2024-08-07,Metro Hospital,Abuja,Ultrasound,TechHealth Inc.,Canada
4843,20,350,2024-08-12,Central Hospital,Enugu,MRI Machine,MedTech Co.,USA
4844,5,450,2024-08-17,Sunshine Hospital,Lagos,CT Scanner,HealthEquip Ltd.,UK
4845,10,250,2024-08-22,Community Hospital,Abuja,Ultrasound,Radiant Suppliers,China
4846,14,150,2024-08-27,Hope Clinic,Kano,MRI Machine,TechHealth Inc.,Canada
4847,20,300,2024-09-01,Healing Hands Hospital,Lagos,Defibrillator,SoloSupplier Inc.,UK
4848,5,750,2024-09-06,City Hospital,Rivers,Ventilator,ExclusiveTech Ltd.,Germany
4849,10,400,2024-09-11,Metro Medical Center,Abuja,Surgical Table,HealthEquip Ltd.,UK
4850,12,200,2024-09-16,State Hospital,Oyo,MRI Machine,MedTech Co.,USA
4851,10,250,2024-01-15,General Hospital,Lagos,MRI Machine,MedTech Co.,USA
4852,5,200,2024-01-20,City Hospital,Abuja,MRI Machine,HealthEquip Ltd.,UK
4853,20,150,2024-01-25,Central Hospital,Rivers,X-Ray Machine,Radiant Suppliers,China
4854,15,300,2024-01-30,Sunshine Hospital,Lagos,CT Scanner,TechHealth Inc.,Canada
4855,8,500,2024-02-04,Community Hospital,Kaduna,Ultrasound,HealthEquip Ltd.,UK
4856,12,180,2024-02-09,Healing Hands Hospital,Enugu,X-Ray Machine,Radiant Suppliers,China
4857,25,220,2024-02-14,Hope Hospital,Kano,MRI Machine,MedTech Co.,USA
4858,30,320,2024-02-19,Unity Hospital,Lagos,CT Scanner,TechHealth Inc.,Canada
4859,10,550,2024-02-24,Metro Hospital,Abuja,Ultrasound,HealthEquip Ltd.,UK
4860,50,130,2024-02-29,State Hospital,Oyo,X-Ray Machine,Radiant Suppliers,China
4861,20,270,2024-03-05,City Medical Center,Lagos,MRI Machine,MedTech Co.,USA
4862,6,300,2024-03-10,General Hospital,Rivers,CT Scanner,TechHealth Inc.,Canada
4863,15,250,2024-03-15,Central Clinic,Ogun,Ultrasound,HealthEquip Ltd.,UK
4864,4,450,2024-03-20,Healing Touch Hospital,Enugu,MRI Machine,Radiant Suppliers,China
4865,25,180,2024-03-25,Sunshine Medical,Lagos,X-Ray Machine,MedTech Co.,USA
4866,18,600,2024-03-30,Hope Clinic,Kano,CT Scanner,HealthEquip Ltd.,UK
4867,14,150,2024-04-04,Metro Medical Center,Abuja,Ultrasound,TechHealth Inc.,Canada
4868,11,200,2024-04-09,State Medical Center,Oyo,MRI Machine,MedTech Co.,USA
4869,30,400,2024-04-14,General Clinic,Lagos,CT Scanner,HealthEquip Ltd.,UK
4870,10,150,2024-04-19,City Hospital,Rivers,Ultrasound,TechHealth Inc.,Canada
4871,12,350,2024-04-24,Hope Hospital,Abuja,MRI Machine,Radiant Suppliers,China
4872,10,450,2024-04-29,Healing Hands Hospital,Enugu,X-Ray Machine,HealthEquip Ltd.,UK
4873,5,600,2024-05-04,Central Hospital,Kaduna,Ultrasound,MedTech Co.,USA
4874,20,120,2024-05-09,State Hospital,Oyo,X-Ray Machine,Radiant Suppliers,China
4875,15,330,2024-05-14,City Medical Center,Lagos,MRI Machine,TechHealth Inc.,Canada
4876,10,450,2024-05-19,Central Hospital,Rivers,Ultrasound,HealthEquip Ltd.,UK
4877,7,200,2024-05-24,Metro Hospital,Abuja,X-Ray Machine,Radiant Suppliers,China
4878,25,280,2024-05-29,Hope Clinic,Kano,CT Scanner,TechHealth Inc.,Canada
4879,30,400,2024-06-03,Sunshine Hospital,Lagos,MRI Machine,MedTech Co.,USA
4880,15,170,2024-06-08,General Hospital,Enugu,Ultrasound,HealthEquip Ltd.,UK
4881,12,300,2024-06-13,State Medical Center,Oyo,CT Scanner,MedTech Co.,USA
4882,6,400,2024-06-18,Healing Hands Hospital,Rivers,MRI Machine,HealthEquip Ltd.,Canada
4883,8,250,2024-06-23,Metro Medical Center,Abuja,X-Ray Machine,TechHealth Inc.,UK
4884,14,150,2024-06-28,Central Clinic,Kaduna,Ultrasound,MedTech Co.,China
4885,25,220,2024-07-03,Community Hospital,Lagos,MRI Machine,MedTech Co.,USA
4886,18,600,2024-07-08,Sunshine Medical,Kano,CT Scanner,HealthEquip Ltd.,UK
4887,10,150,2024-07-13,Hope Hospital,Enugu,Ultrasound,Radiant Suppliers,China
4888,11,300,2024-07-18,City Medical Center,Oyo,X-Ray Machine,HealthEquip Ltd.,UK
4889,25,320,2024-07-23,State Hospital,Lagos,MRI Machine,Radiant Suppliers,China
4890,12,400,2024-07-28,General Hospital,Kaduna,CT Scanner,HealthEquip Ltd.,UK
4891,30,200,2024-08-02,Healing Touch Hospital,Rivers,X-Ray Machine,Radiant Suppliers,China
4892,15,150,2024-08-07,Metro Hospital,Abuja,Ultrasound,TechHealth Inc.,Canada
4893,20,350,2024-08-12,Central Hospital,Enugu,MRI Machine,MedTech Co.,USA
4894,5,450,2024-08-17,Sunshine Hospital,Lagos,CT Scanner,HealthEquip Ltd.,UK
4895,10,250,2024-08-22,Community Hospital,Abuja,Ultrasound,Radiant Suppliers,China
4896,14,150,2024-08-27,Hope Clinic,Kano,MRI Machine,TechHealth Inc.,Canada
4897,20,300,2024-09-01,Healing Hands Hospital,Lagos,Defibrillator,SoloSupplier Inc.,UK
4898,5,750,2024-09-06,City Hospital,Rivers,Ventilator,ExclusiveTech Ltd.,Germany
4899,10,400,2024-09-11,Metro Medical Center,Abuja,Surgical Table,HealthEquip Ltd.,UK
4900,12,200,2024-09-16,State Hospital,Oyo,MRI Machine,MedTech Co.,USA
4901,10,250,2024-01-15,General Hospital,Lagos,MRI Machine,MedTech Co.,USA
4902,5,200,2024-01-20,City Hospital,Abuja,MRI Machine,HealthEquip Ltd.,UK
4903,20,150,2024-01-25,Central Hospital,Rivers,X-Ray Machine,Radiant Suppliers,China
4904,15,300,2024-01-30,Sunshine Hospital,Lagos,CT Scanner,TechHealth Inc.,Canada
4905,8,500,2024-02-04,Community Hospital,Kaduna,Ultrasound,HealthEquip Ltd.,UK
4906,12,180,2024-02-09,Healing Hands Hospital,Enugu,X-Ray Machine,Radiant Suppliers,China
4907,25,220,2024-02-14,Hope Hospital,Kano,MRI Machine,MedTech Co.,USA
4908,30,320,2024-02-19,Unity Hospital,Lagos,CT Scanner,TechHealth Inc.,Canada
4909,10,550,2024-02-24,Metro Hospital,Abuja,Ultrasound,HealthEquip Ltd.,UK
4910,50,130,2024-02-29,State Hospital,Oyo,X-Ray Machine,Radiant Suppliers,China
4911,20,270,2024-03-05,City Medical Center,Lagos,MRI Machine,MedTech Co.,USA
4912,6,300,2024-03-10,General Hospital,Rivers,CT Scanner,TechHealth Inc.,Canada
4913,15,250,2024-03-15,Central Clinic,Ogun,Ultrasound,HealthEquip Ltd.,UK
4914,4,450,2024-03-20,Healing Touch Hospital,Enugu,MRI Machine,Radiant Suppliers,China
4915,25,180,2024-03-25,Sunshine Medical,Lagos,X-Ray Machine,MedTech Co.,USA
4916,18,600,2024-03-30,Hope Clinic,Kano,CT Scanner,HealthEquip Ltd.,UK
4917,14,150,2024-04-04,Metro Medical Center,Abuja,Ultrasound,TechHealth Inc.,Canada
4918,11,200,2024-04-09,State Medical Center,Oyo,MRI Machine,MedTech Co.,USA
4919,30,400,2024-04-14,General Clinic,Lagos,CT Scanner,HealthEquip Ltd.,UK
4920,10,150,2024-04-19,City Hospital,Rivers,Ultrasound,TechHealth Inc.,Canada
4921,12,350,2024-04-24,Hope Hospital,Abuja,MRI Machine,Radiant Suppliers,China
4922,10,450,2024-04-29,Healing Hands Hospital,Enugu,X-Ray Machine,HealthEquip Ltd.,UK
4923,5,600,2024-05-04,Central Hospital,Kaduna,Ultrasound,MedTech Co.,USA
4924,20,120,2024-05-09,State Hospital,Oyo,X-Ray Machine,Radiant Suppliers,China
4925,15,330,2024-05-14,City Medical Center,Lagos,MRI Machine,TechHealth Inc.,Canada
4926,10,450,2024-05-19,Central Hospital,Rivers,Ultrasound,HealthEquip Ltd.,UK
4927,7,200,2024-05-24,Metro Hospital,Abuja,X-Ray Machine,Radiant Suppliers,China
4928,25,280,2024-05-29,Hope Clinic,Kano,CT Scanner,TechHealth Inc.,Canada
4929,30,400,2024-06-03,Sunshine Hospital,Lagos,MRI Machine,MedTech Co.,USA
4930,15,170,2024-06-08,General Hospital,Enugu,Ultrasound,HealthEquip Ltd.,UK
4931,12,300,2024-06-13,State Medical Center,Oyo,CT Scanner,MedTech Co.,USA
4932,6,400,2024-06-18,Healing Hands Hospital,Rivers,MRI Machine,HealthEquip Ltd.,Canada
4933,8,250,2024-06-23,Metro Medical Center,Abuja,X-Ray Machine,TechHealth Inc.,UK
4934,14,150,2024-06-28,Central Clinic,Kaduna,Ultrasound,MedTech Co.,China
4935,25,220,2024-07-03,Community Hospital,Lagos,MRI Machine,MedTech Co.,USA
4936,18,600,2024-07-08,Sunshine Medical,Kano,CT Scanner,HealthEquip Ltd.,UK
4937,10,150,2024-07-13,Hope Hospital,Enugu,Ultrasound,Radiant Suppliers,China
4938,11,300,2024-07-18,City Medical Center,Oyo,X-Ray Machine,HealthEquip Ltd.,UK
4939,25,320,2024-07-23,State Hospital,Lagos,MRI Machine,Radiant Suppliers,China
4940,12,400,2024-07-28,General Hospital,Kaduna,CT Scanner,HealthEquip Ltd.,UK
4941,30,200,2024-08-02,Healing Touch Hospital,Rivers,X-Ray Machine,Radiant Suppliers,China
4942,15,150,2024-08-07,Metro Hospital,Abuja,Ultrasound,TechHealth Inc.,Canada
4943,20,350,2024-08-12,Central Hospital,Enugu,MRI Machine,MedTech Co.,USA
4944,5,450,2024-08-17,Sunshine Hospital,Lagos,CT Scanner,HealthEquip Ltd.,UK
4945,10,250,2024-08-22,Community Hospital,Abuja,Ultrasound,Radiant Suppliers,China
4946,14,150,2024-08-27,Hope Clinic,Kano,MRI Machine,TechHealth Inc.,Canada
4947,20,300,2024-09-01,Healing Hands Hospital,Lagos,Defibrillator,SoloSupplier Inc.,UK
4948,5,750,2024-09-06,City Hospital,Rivers,Ventilator,ExclusiveTech Ltd.,Germany
4949,10,400,2024-09-11,Metro Medical Center,Abuja,Surgical Table,HealthEquip Ltd.,UK
4950,12,200,2024-09-16,State Hospital,Oyo,MRI Machine,MedTech Co.,USA
4951,10,250,2024-01-15,General Hospital,Lagos,MRI Machine,MedTech Co.,USA
4952,5,200,2024-01-20,City Hospital,Abuja,MRI Machine,HealthEquip Ltd.,UK
4953,20,150,2024-01-25,Central Hospital,Rivers,X-Ray Machine,Radiant Suppliers,China
4954,15,300,2024-01-30,Sunshine Hospital,Lagos,CT Scanner,TechHealth Inc.,Canada
4955,8,500,2024-02-04,Community Hospital,Kaduna,Ultrasound,HealthEquip Ltd.,UK
4956,12,180,2024-02-09,Healing Hands Hospital,Enugu,X-Ray Machine,Radiant Suppliers,China
4957,25,220,2024-02-14,Hope Hospital,Kano,MRI Machine,MedTech Co.,USA
4958,30,320,2024-02-19,Unity Hospital,Lagos,CT Scanner,TechHealth Inc.,Canada
4959,10,550,2024-02-24,Metro Hospital,Abuja,Ultrasound,HealthEquip Ltd.,UK
4960,50,130,2024-02-29,State Hospital,Oyo,X-Ray Machine,Radiant Suppliers,China
4961,20,270,2024-03-05,City Medical Center,Lagos,MRI Machine,MedTech Co.,USA
4962,6,300,2024-03-10,General Hospital,Rivers,CT Scanner,TechHealth Inc.,Canada
4963,15,250,2024-03-15,Central Clinic,Ogun,Ultrasound,HealthEquip Ltd.,UK
4964,4,450,2024-03-20,Healing Touch Hospital,Enugu,MRI Machine,Radiant Suppliers,China
4965,25,180,2024-03-25,Sunshine Medical,Lagos,X-Ray Machine,MedTech Co.,USA
4966,18,600,2024-03-30,Hope Clinic,Kano,CT Scanner,HealthEquip Ltd.,UK
4967,14,150,2024-04-04,Metro Medical Center,Abuja,Ultrasound,TechHealth Inc.,Canada
4968,11,200,2024-04-09,State Medical Center,Oyo,MRI Machine,MedTech Co.,USA
4969,30,400,2024-04-14,General Clinic,Lagos,CT Scanner,HealthEquip Ltd.,UK
4970,10,150,2024-04-19,City Hospital,Rivers,Ultrasound,TechHealth Inc.,Canada
4971,12,350,2024-04-24,Hope Hospital,Abuja,MRI Machine,Radiant Suppliers,China
4972,10,450,2024-04-29,Healing Hands Hospital,Enugu,X-Ray Machine,HealthEquip Ltd.,UK
4973,5,600,2024-05-04,Central Hospital,Kaduna,Ultrasound,MedTech Co.,USA
4974,20,120,2024-05-09,State Hospital,Oyo,X-Ray Machine,Radiant Suppliers,China
4975,15,330,2024-05-14,City Medical Center,Lagos,MRI Machine,TechHealth Inc.,Canada
4976,10,450,2024-05-19,Central Hospital,Rivers,Ultrasound,HealthEquip Ltd.,UK
4977,7,200,2024-05-24,Metro Hospital,Abuja,X-Ray Machine,Radiant Suppliers,China
4978,25,280,2024-05-29,Hope Clinic,Kano,CT Scanner,TechHealth Inc.,Canada
4979,30,400,2024-06-03,Sunshine Hospital,Lagos,MRI Machine,MedTech Co.,USA
4980,15,170,2024-06-08,General Hospital,Enugu,Ultrasound,HealthEquip Ltd.,UK
4981,12,300,2024-06-13,State Medical Center,Oyo,CT Scanner,MedTech Co.,USA
4982,6,400,2024-06-18,Healing Hands Hospital,Rivers,MRI Machine,HealthEquip Ltd.,Canada
4983,8,250,2024-06-23,Metro Medical Center,Abuja,X-Ray Machine,TechHealth Inc.,UK
4984,14,150,2024-06-28,Central Clinic,Kaduna,Ultrasound,MedTech Co.,China
4985,25,220,2024-07-03,Community Hospital,Lagos,MRI Machine,MedTech Co.,USA
4986,18,600,2024-07-08,Sunshine Medical,Kano,CT Scanner,HealthEquip Ltd.,UK
4987,10,150,2024-07-13,Hope Hospital,Enugu,Ultrasound,Radiant Suppliers,China
4988,11,300,2024-07-18,City Medical Center,Oyo,X-Ray Machine,HealthEquip Ltd.,UK
4989,25,320,2024-07-23,State Hospital,Lagos,MRI Machine,Radiant Suppliers,China
4990,12,400,2024-07-28,General Hospital,Kaduna,CT Scanner,HealthEquip Ltd.,UK
4991,30,200,2024-08-02,Healing Touch Hospital,Rivers,X-Ray Machine,Radiant Suppliers,China
4992,15,150,2024-08-07,Metro Hospital,Abuja,Ultrasound,TechHealth Inc.,Canada
4993,20,350,2024-08-12,Central Hospital,Enugu,MRI Machine,MedTech Co.,USA
4994,5,450,2024-08-17,Sunshine Hospital,Lagos,CT Scanner,HealthEquip Ltd.,UK
4995,10,250,2024-08-22,Community Hospital,Abuja,Ultrasound,Radiant Suppliers,China
4996,14,150,2024-08-27,Hope Clinic,Kano,MRI Machine,TechHealth Inc.,Canada
4997,20,300,2024-09-01,Healing Hands Hospital,Lagos,Defibrillator,SoloSupplier Inc.,UK
4998,5,750,2024-09-06,City Hospital,Rivers,Ventilator,ExclusiveTech Ltd.,Germany
4999,10,400,2024-09-11,Metro Medical Center,Abuja,Surgical Table,HealthEquip Ltd.,UK
5000,12,200,2024-09-16,State Hospital,Oyo,MRI Machine,MedTech Co.,USA
5001,10,250,2024-01-15,General Hospital,Lagos,MRI Machine,MedTech Co.,USA
5002,5,200,2024-01-20,City Hospital,Abuja,MRI Machine,HealthEquip Ltd.,UK
5003,20,150,2024-01-25,Central Hospital,Rivers,X-Ray Machine,Radiant Suppliers,China
5004,15,300,2024-01-30,Sunshine Hospital,Lagos,CT Scanner,TechHealth Inc.,Canada
5005,8,500,2024-02-04,Community Hospital,Kaduna,Ultrasound,HealthEquip Ltd.,UK
5006,12,180,2024-02-09,Healing Hands Hospital,Enugu,X-Ray Machine,Radiant Suppliers,China
5007,25,220,2024-02-14,Hope Hospital,Kano,MRI Machine,MedTech Co.,USA
5008,30,320,2024-02-19,Unity Hospital,Lagos,CT Scanner,TechHealth Inc.,Canada
5009,10,550,2024-02-24,Metro Hospital,Abuja,Ultrasound,HealthEquip Ltd.,UK
5010,50,130,2024-02-29,State Hospital,Oyo,X-Ray Machine,Radiant Suppliers,China
5011,20,270,2024-03-05,City Medical Center,Lagos,MRI Machine,MedTech Co.,USA
5012,6,300,2024-03-10,General Hospital,Rivers,CT Scanner,TechHealth Inc.,Canada
5013,15,250,2024-03-15,Central Clinic,Ogun,Ultrasound,HealthEquip Ltd.,UK
5014,4,450,2024-03-20,Healing Touch Hospital,Enugu,MRI Machine,Radiant Suppliers,China
5015,25,180,2024-03-25,Sunshine Medical,Lagos,X-Ray Machine,MedTech Co.,USA
5016,18,600,2024-03-30,Hope Clinic,Kano,CT Scanner,HealthEquip Ltd.,UK
5017,14,150,2024-04-04,Metro Medical Center,Abuja,Ultrasound,TechHealth Inc.,Canada
5018,11,200,2024-04-09,State Medical Center,Oyo,MRI Machine,MedTech Co.,USA
5019,30,400,2024-04-14,General Clinic,Lagos,CT Scanner,HealthEquip Ltd.,UK
5020,10,150,2024-04-19,City Hospital,Rivers,Ultrasound,TechHealth Inc.,Canada
5021,12,350,2024-04-24,Hope Hospital,Abuja,MRI Machine,Radiant Suppliers,China
5022,10,450,2024-04-29,Healing Hands Hospital,Enugu,X-Ray Machine,HealthEquip Ltd.,UK
5023,5,600,2024-05-04,Central Hospital,Kaduna,Ultrasound,MedTech Co.,USA
5024,20,120,2024-05-09,State Hospital,Oyo,X-Ray Machine,Radiant Suppliers,China
5025,15,330,2024-05-14,City Medical Center,Lagos,MRI Machine,TechHealth Inc.,Canada
5026,10,450,2024-05-19,Central Hospital,Rivers,Ultrasound,HealthEquip Ltd.,UK
5027,7,200,2024-05-24,Metro Hospital,Abuja,X-Ray Machine,Radiant Suppliers,China
5028,25,280,2024-05-29,Hope Clinic,Kano,CT Scanner,TechHealth Inc.,Canada
5029,30,400,2024-06-03,Sunshine Hospital,Lagos,MRI Machine,MedTech Co.,USA
5030,15,170,2024-06-08,General Hospital,Enugu,Ultrasound,HealthEquip Ltd.,UK
5031,12,300,2024-06-13,State Medical Center,Oyo,CT Scanner,MedTech Co.,USA
5032,6,400,2024-06-18,Healing Hands Hospital,Rivers,MRI Machine,HealthEquip Ltd.,Canada
5033,8,250,2024-06-23,Metro Medical Center,Abuja,X-Ray Machine,TechHealth Inc.,UK
5034,14,150,2024-06-28,Central Clinic,Kaduna,Ultrasound,MedTech Co.,China
5035,25,220,2024-07-03,Community Hospital,Lagos,MRI Machine,MedTech Co.,USA
5036,18,600,2024-07-08,Sunshine Medical,Kano,CT Scanner,HealthEquip Ltd.,UK
5037,10,150,2024-07-13,Hope Hospital,Enugu,Ultrasound,Radiant Suppliers,China
5038,11,300,2024-07-18,City Medical Center,Oyo,X-Ray Machine,HealthEquip Ltd.,UK
5039,25,320,2024-07-23,State Hospital,Lagos,MRI Machine,Radiant Suppliers,China
5040,12,400,2024-07-28,General Hospital,Kaduna,CT Scanner,HealthEquip Ltd.,UK
5041,30,200,2024-08-02,Healing Touch Hospital,Rivers,X-Ray Machine,Radiant Suppliers,China
5042,15,150,2024-08-07,Metro Hospital,Abuja,Ultrasound,TechHealth Inc.,Canada
5043,20,350,2024-08-12,Central Hospital,Enugu,MRI Machine,MedTech Co.,USA
5044,5,450,2024-08-17,Sunshine Hospital,Lagos,CT Scanner,HealthEquip Ltd.,UK
5045,10,250,2024-08-22,Community Hospital,Abuja,Ultrasound,Radiant Suppliers,China
5046,14,150,2024-08-27,Hope Clinic,Kano,MRI Machine,TechHealth Inc.,Canada
5047,20,300,2024-09-01,Healing Hands Hospital,Lagos,Defibrillator,SoloSupplier Inc.,UK
5048,5,750,2024-09-06,City Hospital,Rivers,Ventilator,ExclusiveTech Ltd.,Germany
5049,10,400,2024-09-11,Metro Medical Center,Abuja,Surgical Table,HealthEquip Ltd.,UK
5050,12,200,2024-09-16,State Hospital,Oyo,MRI Machine,MedTech Co.,USA
5051,10,250,2024-01-15,General Hospital,Lagos,MRI Machine,MedTech Co.,USA
5052,5,200,2024-01-20,City Hospital,Abuja,MRI Machine,HealthEquip Ltd.,UK
5053,20,150,2024-01-25,Central Hospital,Rivers,X-Ray Machine,Radiant Suppliers,China
5054,15,300,2024-01-30,Sunshine Hospital,Lagos,CT Scanner,TechHealth Inc.,Canada
5055,8,500,2024-02-04,Community Hospital,Kaduna,Ultrasound,HealthEquip Ltd.,UK
5056,12,180,2024-02-09,Healing Hands Hospital,Enugu,X-Ray Machine,Radiant Suppliers,China
5057,25,220,2024-02-14,Hope Hospital,Kano,MRI Machine,MedTech Co.,USA
5058,30,320,2024-02-19,Unity Hospital,Lagos,CT Scanner,TechHealth Inc.,Canada
5059,10,550,2024-02-24,Metro Hospital,Abuja,Ultrasound,HealthEquip Ltd.,UK
5060,50,130,2024-02-29,State Hospital,Oyo,X-Ray Machine,Radiant Suppliers,China
5061,20,270,2024-03-05,City Medical Center,Lagos,MRI Machine,MedTech Co.,USA
5062,6,300,2024-03-10,General Hospital,Rivers,CT Scanner,TechHealth Inc.,Canada
5063,15,250,2024-03-15,Central Clinic,Ogun,Ultrasound,HealthEquip Ltd.,UK
5064,4,450,2024-03-20,Healing Touch Hospital,Enugu,MRI Machine,Radiant Suppliers,China
5065,25,180,2024-03-25,Sunshine Medical,Lagos,X-Ray Machine,MedTech Co.,USA
5066,18,600,2024-03-30,Hope Clinic,Kano,CT Scanner,HealthEquip Ltd.,UK
5067,14,150,2024-04-04,Metro Medical Center,Abuja,Ultrasound,TechHealth Inc.,Canada
5068,11,200,2024-04-09,State Medical Center,Oyo,MRI Machine,MedTech Co.,USA
5069,30,400,2024-04-14,General Clinic,Lagos,CT Scanner,HealthEquip Ltd.,UK
5070,10,150,2024-04-19,City Hospital,Rivers,Ultrasound,TechHealth Inc.,Canada
5071,12,350,2024-04-24,Hope Hospital,Abuja,MRI Machine,Radiant Suppliers,China
5072,10,450,2024-04-29,Healing Hands Hospital,Enugu,X-Ray Machine,HealthEquip Ltd.,UK
5073,5,600,2024-05-04,Central Hospital,Kaduna,Ultrasound,MedTech Co.,USA
5074,20,120,2024-05-09,State Hospital,Oyo,X-Ray Machine,Radiant Suppliers,China
5075,15,330,2024-05-14,City Medical Center,Lagos,MRI Machine,TechHealth Inc.,Canada
5076,10,450,2024-05-19,Central Hospital,Rivers,Ultrasound,HealthEquip Ltd.,UK
5077,7,200,2024-05-24,Metro Hospital,Abuja,X-Ray Machine,Radiant Suppliers,China
5078,25,280,2024-05-29,Hope Clinic,Kano,CT Scanner,TechHealth Inc.,Canada
5079,30,400,2024-06-03,Sunshine Hospital,Lagos,MRI Machine,MedTech Co.,USA
5080,15,170,2024-06-08,General Hospital,Enugu,Ultrasound,HealthEquip Ltd.,UK
5081,12,300,2024-06-13,State Medical Center,Oyo,CT Scanner,MedTech Co.,USA
5082,6,400,2024-06-18,Healing Hands Hospital,Rivers,MRI Machine,HealthEquip Ltd.,Canada
5083,8,250,2024-06-23,Metro Medical Center,Abuja,X-Ray Machine,TechHealth Inc.,UK
5084,14,150,2024-06-28,Central Clinic,Kaduna,Ultrasound,MedTech Co.,China
5085,25,220,2024-07-03,Community Hospital,Lagos,MRI Machine,MedTech Co.,USA
5086,18,600,2024-07-08,Sunshine Medical,Kano,CT Scanner,HealthEquip Ltd.,UK
5087,10,150,2024-07-13,Hope Hospital,Enugu,Ultrasound,Radiant Suppliers,China
5088,11,300,2024-07-18,City Medical Center,Oyo,X-Ray Machine,HealthEquip Ltd.,UK
5089,25,320,2024-07-23,State Hospital,Lagos,MRI Machine,Radiant Suppliers,China
5090,12,400,2024-07-28,General Hospital,Kaduna,CT Scanner,HealthEquip Ltd.,UK
5091,30,200,2024-08-02,Healing Touch Hospital,Rivers,X-Ray Machine,Radiant Suppliers,China
5092,15,150,2024-08-07,Metro Hospital,Abuja,Ultrasound,TechHealth Inc.,Canada
5093,20,350,2024-08-12,Central Hospital,Enugu,MRI Machine,MedTech Co.,USA
5094,5,450,2024-08-17,Sunshine Hospital,Lagos,CT Scanner,HealthEquip Ltd.,UK
5095,10,250,2024-08-22,Community Hospital,Abuja,Ultrasound,Radiant Suppliers,China
5096,14,150,2024-08-27,Hope Clinic,Kano,MRI Machine,TechHealth Inc.,Canada
5097,20,300,2024-09-01,Healing Hands Hospital,Lagos,Defibrillator,SoloSupplier Inc.,UK
5098,5,750,2024-09-06,City Hospital,Rivers,Ventilator,ExclusiveTech Ltd.,Germany
5099,10,400,2024-09-11,Metro Medical Center,Abuja,Surgical Table,HealthEquip Ltd.,UK
5100,12,200,2024-09-16,State Hospital,Oyo,MRI Machine,MedTech Co.,USA
5101,10,250,2024-01-15,General Hospital,Lagos,MRI Machine,MedTech Co.,USA
5102,5,200,2024-01-20,City Hospital,Abuja,MRI Machine,HealthEquip Ltd.,UK
5103,20,150,2024-01-25,Central Hospital,Rivers,X-Ray Machine,Radiant Suppliers,China
5104,15,300,2024-01-30,Sunshine Hospital,Lagos,CT Scanner,TechHealth Inc.,Canada
5105,8,500,2024-02-04,Community Hospital,Kaduna,Ultrasound,HealthEquip Ltd.,UK
5106,12,180,2024-02-09,Healing Hands Hospital,Enugu,X-Ray Machine,Radiant Suppliers,China
5107,25,220,2024-02-14,Hope Hospital,Kano,MRI Machine,MedTech Co.,USA
5108,30,320,2024-02-19,Unity Hospital,Lagos,CT Scanner,TechHealth Inc.,Canada
5109,10,550,2024-02-24,Metro Hospital,Abuja,Ultrasound,HealthEquip Ltd.,UK
5110,50,130,2024-02-29,State Hospital,Oyo,X-Ray Machine,Radiant Suppliers,China
5111,20,270,2024-03-05,City Medical Center,Lagos,MRI Machine,MedTech Co.,USA
5112,6,300,2024-03-10,General Hospital,Rivers,CT Scanner,TechHealth Inc.,Canada
5113,15,250,2024-03-15,Central Clinic,Ogun,Ultrasound,HealthEquip Ltd.,UK
5114,4,450,2024-03-20,Healing Touch Hospital,Enugu,MRI Machine,Radiant Suppliers,China
5115,25,180,2024-03-25,Sunshine Medical,Lagos,X-Ray Machine,MedTech Co.,USA
5116,18,600,2024-03-30,Hope Clinic,Kano,CT Scanner,HealthEquip Ltd.,UK
5117,14,150,2024-04-04,Metro Medical Center,Abuja,Ultrasound,TechHealth Inc.,Canada
5118,11,200,2024-04-09,State Medical Center,Oyo,MRI Machine,MedTech Co.,USA
5119,30,400,2024-04-14,General Clinic,Lagos,CT Scanner,HealthEquip Ltd.,UK
5120,10,150,2024-04-19,City Hospital,Rivers,Ultrasound,TechHealth Inc.,Canada
5121,12,350,2024-04-24,Hope Hospital,Abuja,MRI Machine,Radiant Suppliers,China
5122,10,450,2024-04-29,Healing Hands Hospital,Enugu,X-Ray Machine,HealthEquip Ltd.,UK
5123,5,600,2024-05-04,Central Hospital,Kaduna,Ultrasound,MedTech Co.,USA
5124,20,120,2024-05-09,State Hospital,Oyo,X-Ray Machine,Radiant Suppliers,China
5125,15,330,2024-05-14,City Medical Center,Lagos,MRI Machine,TechHealth Inc.,Canada
5126,10,450,2024-05-19,Central Hospital,Rivers,Ultrasound,HealthEquip Ltd.,UK
5127,7,200,2024-05-24,Metro Hospital,Abuja,X-Ray Machine,Radiant Suppliers,China
5128,25,280,2024-05-29,Hope Clinic,Kano,CT Scanner,TechHealth Inc.,Canada
5129,30,400,2024-06-03,Sunshine Hospital,Lagos,MRI Machine,MedTech Co.,USA
5130,15,170,2024-06-08,General Hospital,Enugu,Ultrasound,HealthEquip Ltd.,UK
5131,12,300,2024-06-13,State Medical Center,Oyo,CT Scanner,MedTech Co.,USA
5132,6,400,2024-06-18,Healing Hands Hospital,Rivers,MRI Machine,HealthEquip Ltd.,Canada
5133,8,250,2024-06-23,Metro Medical Center,Abuja,X-Ray Machine,TechHealth Inc.,UK
5134,14,150,2024-06-28,Central Clinic,Kaduna,Ultrasound,MedTech Co.,China
5135,25,220,2024-07-03,Community Hospital,Lagos,MRI Machine,MedTech Co.,USA
5136,18,600,2024-07-08,Sunshine Medical,Kano,CT Scanner,HealthEquip Ltd.,UK
5137,10,150,2024-07-13,Hope Hospital,Enugu,Ultrasound,Radiant Suppliers,China
5138,11,300,2024-07-18,City Medical Center,Oyo,X-Ray Machine,HealthEquip Ltd.,UK
5139,25,320,2024-07-23,State Hospital,Lagos,MRI Machine,Radiant Suppliers,China
5140,12,400,2024-07-28,General Hospital,Kaduna,CT Scanner,HealthEquip Ltd.,UK
5141,30,200,2024-08-02,Healing Touch Hospital,Rivers,X-Ray Machine,Radiant Suppliers,China
5142,15,150,2024-08-07,Metro Hospital,Abuja,Ultrasound,TechHealth Inc.,Canada
5143,20,350,2024-08-12,Central Hospital,Enugu,MRI Machine,MedTech Co.,USA
5144,5,450,2024-08-17,Sunshine Hospital,Lagos,CT Scanner,HealthEquip Ltd.,UK
5145,10,250,2024-08-22,Community Hospital,Abuja,Ultrasound,Radiant Suppliers,China
5146,14,150,2024-08-27,Hope Clinic,Kano,MRI Machine,TechHealth Inc.,Canada
5147,20,300,2024-09-01,Healing Hands Hospital,Lagos,Defibrillator,SoloSupplier Inc.,UK
5148,5,750,2024-09-06,City Hospital,Rivers,Ventilator,ExclusiveTech Ltd.,Germany
5149,10,400,2024-09-11,Metro Medical Center,Abuja,Surgical Table,HealthEquip Ltd.,UK
5150,12,200,2024-09-16,State Hospital,Oyo,MRI Machine,MedTech Co.,USA
5151,10,250,2024-01-15,General Hospital,Lagos,MRI Machine,MedTech Co.,USA
5152,5,200,2024-01-20,City Hospital,Abuja,MRI Machine,HealthEquip Ltd.,UK
5153,20,150,2024-01-25,Central Hospital,Rivers,X-Ray Machine,Radiant Suppliers,China
5154,15,300,2024-01-30,Sunshine Hospital,Lagos,CT Scanner,TechHealth Inc.,Canada
5155,8,500,2024-02-04,Community Hospital,Kaduna,Ultrasound,HealthEquip Ltd.,UK
5156,12,180,2024-02-09,Healing Hands Hospital,Enugu,X-Ray Machine,Radiant Suppliers,China
5157,25,220,2024-02-14,Hope Hospital,Kano,MRI Machine,MedTech Co.,USA
5158,30,320,2024-02-19,Unity Hospital,Lagos,CT Scanner,TechHealth Inc.,Canada
5159,10,550,2024-02-24,Metro Hospital,Abuja,Ultrasound,HealthEquip Ltd.,UK
5160,50,130,2024-02-29,State Hospital,Oyo,X-Ray Machine,Radiant Suppliers,China
5161,20,270,2024-03-05,City Medical Center,Lagos,MRI Machine,MedTech Co.,USA
5162,6,300,2024-03-10,General Hospital,Rivers,CT Scanner,TechHealth Inc.,Canada
5163,15,250,2024-03-15,Central Clinic,Ogun,Ultrasound,HealthEquip Ltd.,UK
5164,4,450,2024-03-20,Healing Touch Hospital,Enugu,MRI Machine,Radiant Suppliers,China
5165,25,180,2024-03-25,Sunshine Medical,Lagos,X-Ray Machine,MedTech Co.,USA
5166,18,600,2024-03-30,Hope Clinic,Kano,CT Scanner,HealthEquip Ltd.,UK
5167,14,150,2024-04-04,Metro Medical Center,Abuja,Ultrasound,TechHealth Inc.,Canada
5168,11,200,2024-04-09,State Medical Center,Oyo,MRI Machine,MedTech Co.,USA
5169,30,400,2024-04-14,General Clinic,Lagos,CT Scanner,HealthEquip Ltd.,UK
5170,10,150,2024-04-19,City Hospital,Rivers,Ultrasound,TechHealth Inc.,Canada
5171,12,350,2024-04-24,Hope Hospital,Abuja,MRI Machine,Radiant Suppliers,China
5172,10,450,2024-04-29,Healing Hands Hospital,Enugu,X-Ray Machine,HealthEquip Ltd.,UK
5173,5,600,2024-05-04,Central Hospital,Kaduna,Ultrasound,MedTech Co.,USA
5174,20,120,2024-05-09,State Hospital,Oyo,X-Ray Machine,Radiant Suppliers,China
5175,15,330,2024-05-14,City Medical Center,Lagos,MRI Machine,TechHealth Inc.,Canada
5176,10,450,2024-05-19,Central Hospital,Rivers,Ultrasound,HealthEquip Ltd.,UK
5177,7,200,2024-05-24,Metro Hospital,Abuja,X-Ray Machine,Radiant Suppliers,China
5178,25,280,2024-05-29,Hope Clinic,Kano,CT Scanner,TechHealth Inc.,Canada
5179,30,400,2024-06-03,Sunshine Hospital,Lagos,MRI Machine,MedTech Co.,USA
5180,15,170,2024-06-08,General Hospital,Enugu,Ultrasound,HealthEquip Ltd.,UK
5181,12,300,2024-06-13,State Medical Center,Oyo,CT Scanner,MedTech Co.,USA
5182,6,400,2024-06-18,Healing Hands Hospital,Rivers,MRI Machine,HealthEquip Ltd.,Canada
5183,8,250,2024-06-23,Metro Medical Center,Abuja,X-Ray Machine,TechHealth Inc.,UK
5184,14,150,2024-06-28,Central Clinic,Kaduna,Ultrasound,MedTech Co.,China
5185,25,220,2024-07-03,Community Hospital,Lagos,MRI Machine,MedTech Co.,USA
5186,18,600,2024-07-08,Sunshine Medical,Kano,CT Scanner,HealthEquip Ltd.,UK
5187,10,150,2024-07-13,Hope Hospital,Enugu,Ultrasound,Radiant Suppliers,China
5188,11,300,2024-07-18,City Medical Center,Oyo,X-Ray Machine,HealthEquip Ltd.,UK
5189,25,320,2024-07-23,State Hospital,Lagos,MRI Machine,Radiant Suppliers,China
5190,12,400,2024-07-28,General Hospital,Kaduna,CT Scanner,HealthEquip Ltd.,UK
5191,30,200,2024-08-02,Healing Touch Hospital,Rivers,X-Ray Machine,Radiant Suppliers,China
5192,15,150,2024-08-07,Metro Hospital,Abuja,Ultrasound,TechHealth Inc.,Canada
5193,20,350,2024-08-12,Central Hospital,Enugu,MRI Machine,MedTech Co.,USA
5194,5,450,2024-08-17,Sunshine Hospital,Lagos,CT Scanner,HealthEquip Ltd.,UK
5195,10,250,2024-08-22,Community Hospital,Abuja,Ultrasound,Radiant Suppliers,China
5196,14,150,2024-08-27,Hope Clinic,Kano,MRI Machine,TechHealth Inc.,Canada
5197,20,300,2024-09-01,Healing Hands Hospital,Lagos,Defibrillator,SoloSupplier Inc.,UK
5198,5,750,2024-09-06,City Hospital,Rivers,Ventilator,ExclusiveTech Ltd.,Germany
5199,10,400,2024-09-11,Metro Medical Center,Abuja,Surgical Table,HealthEquip Ltd.,UK
5200,12,200,2024-09-16,State Hospital,Oyo,MRI Machine,MedTech Co.,USA
5201,10,250,2024-01-15,General Hospital,Lagos,MRI Machine,MedTech Co.,USA
5202,5,200,2024-01-20,City Hospital,Abuja,MRI Machine,HealthEquip Ltd.,UK
5203,20,150,2024-01-25,Central Hospital,Rivers,X-Ray Machine,Radiant Suppliers,China
5204,15,300,2024-01-30,Sunshine Hospital,Lagos,CT Scanner,TechHealth Inc.,Canada
5205,8,500,2024-02-04,Community Hospital,Kaduna,Ultrasound,HealthEquip Ltd.,UK
5206,12,180,2024-02-09,Healing Hands Hospital,Enugu,X-Ray Machine,Radiant Suppliers,China
5207,25,220,2024-02-14,Hope Hospital,Kano,MRI Machine,MedTech Co.,USA
5208,30,320,2024-02-19,Unity Hospital,Lagos,CT Scanner,TechHealth Inc.,Canada
5209,10,550,2024-02-24,Metro Hospital,Abuja,Ultrasound,HealthEquip Ltd.,UK
5210,50,130,2024-02-29,State Hospital,Oyo,X-Ray Machine,Radiant Suppliers,China
5211,20,270,2024-03-05,City Medical Center,Lagos,MRI Machine,MedTech Co.,USA
5212,6,300,2024-03-10,General Hospital,Rivers,CT Scanner,TechHealth Inc.,Canada
5213,15,250,2024-03-15,Central Clinic,Ogun,Ultrasound,HealthEquip Ltd.,UK
5214,4,450,2024-03-20,Healing Touch Hospital,Enugu,MRI Machine,Radiant Suppliers,China
5215,25,180,2024-03-25,Sunshine Medical,Lagos,X-Ray Machine,MedTech Co.,USA
5216,18,600,2024-03-30,Hope Clinic,Kano,CT Scanner,HealthEquip Ltd.,UK
5217,14,150,2024-04-04,Metro Medical Center,Abuja,Ultrasound,TechHealth Inc.,Canada
5218,11,200,2024-04-09,State Medical Center,Oyo,MRI Machine,MedTech Co.,USA
5219,30,400,2024-04-14,General Clinic,Lagos,CT Scanner,HealthEquip Ltd.,UK
5220,10,150,2024-04-19,City Hospital,Rivers,Ultrasound,TechHealth Inc.,Canada
5221,12,350,2024-04-24,Hope Hospital,Abuja,MRI Machine,Radiant Suppliers,China
5222,10,450,2024-04-29,Healing Hands Hospital,Enugu,X-Ray Machine,HealthEquip Ltd.,UK
5223,5,600,2024-05-04,Central Hospital,Kaduna,Ultrasound,MedTech Co.,USA
5224,20,120,2024-05-09,State Hospital,Oyo,X-Ray Machine,Radiant Suppliers,China
5225,15,330,2024-05-14,City Medical Center,Lagos,MRI Machine,TechHealth Inc.,Canada
5226,10,450,2024-05-19,Central Hospital,Rivers,Ultrasound,HealthEquip Ltd.,UK
5227,7,200,2024-05-24,Metro Hospital,Abuja,X-Ray Machine,Radiant Suppliers,China
5228,25,280,2024-05-29,Hope Clinic,Kano,CT Scanner,TechHealth Inc.,Canada
5229,30,400,2024-06-03,Sunshine Hospital,Lagos,MRI Machine,MedTech Co.,USA
5230,15,170,2024-06-08,General Hospital,Enugu,Ultrasound,HealthEquip Ltd.,UK
5231,12,300,2024-06-13,State Medical Center,Oyo,CT Scanner,MedTech Co.,USA
5232,6,400,2024-06-18,Healing Hands Hospital,Rivers,MRI Machine,HealthEquip Ltd.,Canada
5233,8,250,2024-06-23,Metro Medical Center,Abuja,X-Ray Machine,TechHealth Inc.,UK
5234,14,150,2024-06-28,Central Clinic,Kaduna,Ultrasound,MedTech Co.,China
5235,25,220,2024-07-03,Community Hospital,Lagos,MRI Machine,MedTech Co.,USA
5236,18,600,2024-07-08,Sunshine Medical,Kano,CT Scanner,HealthEquip Ltd.,UK
5237,10,150,2024-07-13,Hope Hospital,Enugu,Ultrasound,Radiant Suppliers,China
5238,11,300,2024-07-18,City Medical Center,Oyo,X-Ray Machine,HealthEquip Ltd.,UK
5239,25,320,2024-07-23,State Hospital,Lagos,MRI Machine,Radiant Suppliers,China
5240,12,400,2024-07-28,General Hospital,Kaduna,CT Scanner,HealthEquip Ltd.,UK
5241,30,200,2024-08-02,Healing Touch Hospital,Rivers,X-Ray Machine,Radiant Suppliers,China
5242,15,150,2024-08-07,Metro Hospital,Abuja,Ultrasound,TechHealth Inc.,Canada
5243,20,350,2024-08-12,Central Hospital,Enugu,MRI Machine,MedTech Co.,USA
5244,5,450,2024-08-17,Sunshine Hospital,Lagos,CT Scanner,HealthEquip Ltd.,UK
5245,10,250,2024-08-22,Community Hospital,Abuja,Ultrasound,Radiant Suppliers,China
5246,14,150,2024-08-27,Hope Clinic,Kano,MRI Machine,TechHealth Inc.,Canada
5247,20,300,2024-09-01,Healing Hands Hospital,Lagos,Defibrillator,SoloSupplier Inc.,UK
5248,5,750,2024-09-06,City Hospital,Rivers,Ventilator,ExclusiveTech Ltd.,Germany
5249,10,400,2024-09-11,Metro Medical Center,Abuja,Surgical Table,HealthEquip Ltd.,UK
5250,12,200,2024-09-16,State Hospital,Oyo,MRI Machine,MedTech Co.,USA
5251,10,250,2024-01-15,General Hospital,Lagos,MRI Machine,MedTech Co.,USA
5252,5,200,2024-01-20,City Hospital,Abuja,MRI Machine,HealthEquip Ltd.,UK
5253,20,150,2024-01-25,Central Hospital,Rivers,X-Ray Machine,Radiant Suppliers,China
5254,15,300,2024-01-30,Sunshine Hospital,Lagos,CT Scanner,TechHealth Inc.,Canada
5255,8,500,2024-02-04,Community Hospital,Kaduna,Ultrasound,HealthEquip Ltd.,UK
5256,12,180,2024-02-09,Healing Hands Hospital,Enugu,X-Ray Machine,Radiant Suppliers,China
5257,25,220,2024-02-14,Hope Hospital,Kano,MRI Machine,MedTech Co.,USA
5258,30,320,2024-02-19,Unity Hospital,Lagos,CT Scanner,TechHealth Inc.,Canada
5259,10,550,2024-02-24,Metro Hospital,Abuja,Ultrasound,HealthEquip Ltd.,UK
5260,50,130,2024-02-29,State Hospital,Oyo,X-Ray Machine,Radiant Suppliers,China
5261,20,270,2024-03-05,City Medical Center,Lagos,MRI Machine,MedTech Co.,USA
5262,6,300,2024-03-10,General Hospital,Rivers,CT Scanner,TechHealth Inc.,Canada
5263,15,250,2024-03-15,Central Clinic,Ogun,Ultrasound,HealthEquip Ltd.,UK
5264,4,450,2024-03-20,Healing Touch Hospital,Enugu,MRI Machine,Radiant Suppliers,China
5265,25,180,2024-03-25,Sunshine Medical,Lagos,X-Ray Machine,MedTech Co.,USA
5266,18,600,2024-03-30,Hope Clinic,Kano,CT Scanner,HealthEquip Ltd.,UK
5267,14,150,2024-04-04,Metro Medical Center,Abuja,Ultrasound,TechHealth Inc.,Canada
5268,11,200,2024-04-09,State Medical Center,Oyo,MRI Machine,MedTech Co.,USA
5269,30,400,2024-04-14,General Clinic,Lagos,CT Scanner,HealthEquip Ltd.,UK
5270,10,150,2024-04-19,City Hospital,Rivers,Ultrasound,TechHealth Inc.,Canada
5271,12,350,2024-04-24,Hope Hospital,Abuja,MRI Machine,Radiant Suppliers,China
5272,10,450,2024-04-29,Healing Hands Hospital,Enugu,X-Ray Machine,HealthEquip Ltd.,UK
5273,5,600,2024-05-04,Central Hospital,Kaduna,Ultrasound,MedTech Co.,USA
5274,20,120,2024-05-09,State Hospital,Oyo,X-Ray Machine,Radiant Suppliers,China
5275,15,330,2024-05-14,City Medical Center,Lagos,MRI Machine,TechHealth Inc.,Canada
5276,10,450,2024-05-19,Central Hospital,Rivers,Ultrasound,HealthEquip Ltd.,UK
5277,7,200,2024-05-24,Metro Hospital,Abuja,X-Ray Machine,Radiant Suppliers,China
5278,25,280,2024-05-29,Hope Clinic,Kano,CT Scanner,TechHealth Inc.,Canada
5279,30,400,2024-06-03,Sunshine Hospital,Lagos,MRI Machine,MedTech Co.,USA
5280,15,170,2024-06-08,General Hospital,Enugu,Ultrasound,HealthEquip Ltd.,UK
5281,12,300,2024-06-13,State Medical Center,Oyo,CT Scanner,MedTech Co.,USA
5282,6,400,2024-06-18,Healing Hands Hospital,Rivers,MRI Machine,HealthEquip Ltd.,Canada
5283,8,250,2024-06-23,Metro Medical Center,Abuja,X-Ray Machine,TechHealth Inc.,UK
5284,14,150,2024-06-28,Central Clinic,Kaduna,Ultrasound,MedTech Co.,China
5285,25,220,2024-07-03,Community Hospital,Lagos,MRI Machine,MedTech Co.,USA
5286,18,600,2024-07-08,Sunshine Medical,Kano,CT Scanner,HealthEquip Ltd.,UK
5287,10,150,2024-07-13,Hope Hospital,Enugu,Ultrasound,Radiant Suppliers,China
5288,11,300,2024-07-18,City Medical Center,Oyo,X-Ray Machine,HealthEquip Ltd.,UK
5289,25,320,2024-07-23,State Hospital,Lagos,MRI Machine,Radiant Suppliers,China
5290,12,400,2024-07-28,General Hospital,Kaduna,CT Scanner,HealthEquip Ltd.,UK
5291,30,200,2024-08-02,Healing Touch Hospital,Rivers,X-Ray Machine,Radiant Suppliers,China
5292,15,150,2024-08-07,Metro Hospital,Abuja,Ultrasound,TechHealth Inc.,Canada
5293,20,350,2024-08-12,Central Hospital,Enugu,MRI Machine,MedTech Co.,USA
5294,5,450,2024-08-17,Sunshine Hospital,Lagos,CT Scanner,HealthEquip Ltd.,UK
5295,10,250,2024-08-22,Community Hospital,Abuja,Ultrasound,Radiant Suppliers,China
5296,14,150,2024-08-27,Hope Clinic,Kano,MRI Machine,TechHealth Inc.,Canada
5297,20,300,2024-09-01,Healing Hands Hospital,Lagos,Defibrillator,SoloSupplier Inc.,UK
5298,5,750,2024-09-06,City Hospital,Rivers,Ventilator,ExclusiveTech Ltd.,Germany
5299,10,400,2024-09-11,Metro Medical Center,Abuja,Surgical Table,HealthEquip Ltd.,UK
5300,12,200,2024-09-16,State Hospital,Oyo,MRI Machine,MedTech Co.,USA
5301,10,250,2024-01-15,General Hospital,Lagos,MRI Machine,MedTech Co.,USA
5302,5,200,2024-01-20,City Hospital,Abuja,MRI Machine,HealthEquip Ltd.,UK
5303,20,150,2024-01-25,Central Hospital,Rivers,X-Ray Machine,Radiant Suppliers,China
5304,15,300,2024-01-30,Sunshine Hospital,Lagos,CT Scanner,TechHealth Inc.,Canada
5305,8,500,2024-02-04,Community Hospital,Kaduna,Ultrasound,HealthEquip Ltd.,UK
5306,12,180,2024-02-09,Healing Hands Hospital,Enugu,X-Ray Machine,Radiant Suppliers,China
5307,25,220,2024-02-14,Hope Hospital,Kano,MRI Machine,MedTech Co.,USA
5308,30,320,2024-02-19,Unity Hospital,Lagos,CT Scanner,TechHealth Inc.,Canada
5309,10,550,2024-02-24,Metro Hospital,Abuja,Ultrasound,HealthEquip Ltd.,UK
5310,50,130,2024-02-29,State Hospital,Oyo,X-Ray Machine,Radiant Suppliers,China
5311,20,270,2024-03-05,City Medical Center,Lagos,MRI Machine,MedTech Co.,USA
5312,6,300,2024-03-10,General Hospital,Rivers,CT Scanner,TechHealth Inc.,Canada
5313,15,250,2024-03-15,Central Clinic,Ogun,Ultrasound,HealthEquip Ltd.,UK
5314,4,450,2024-03-20,Healing Touch Hospital,Enugu,MRI Machine,Radiant Suppliers,China
5315,25,180,2024-03-25,Sunshine Medical,Lagos,X-Ray Machine,MedTech Co.,USA
5316,18,600,2024-03-30,Hope Clinic,Kano,CT Scanner,HealthEquip Ltd.,UK
5317,14,150,2024-04-04,Metro Medical Center,Abuja,Ultrasound,TechHealth Inc.,Canada
5318,11,200,2024-04-09,State Medical Center,Oyo,MRI Machine,MedTech Co.,USA
5319,30,400,2024-04-14,General Clinic,Lagos,CT Scanner,HealthEquip Ltd.,UK
5320,10,150,2024-04-19,City Hospital,Rivers,Ultrasound,TechHealth Inc.,Canada
5321,12,350,2024-04-24,Hope Hospital,Abuja,MRI Machine,Radiant Suppliers,China
5322,10,450,2024-04-29,Healing Hands Hospital,Enugu,X-Ray Machine,HealthEquip Ltd.,UK
5323,5,600,2024-05-04,Central Hospital,Kaduna,Ultrasound,MedTech Co.,USA
5324,20,120,2024-05-09,State Hospital,Oyo,X-Ray Machine,Radiant Suppliers,China
5325,15,330,2024-05-14,City Medical Center,Lagos,MRI Machine,TechHealth Inc.,Canada
5326,10,450,2024-05-19,Central Hospital,Rivers,Ultrasound,HealthEquip Ltd.,UK
5327,7,200,2024-05-24,Metro Hospital,Abuja,X-Ray Machine,Radiant Suppliers,China
5328,25,280,2024-05-29,Hope Clinic,Kano,CT Scanner,TechHealth Inc.,Canada
5329,30,400,2024-06-03,Sunshine Hospital,Lagos,MRI Machine,MedTech Co.,USA
5330,15,170,2024-06-08,General Hospital,Enugu,Ultrasound,HealthEquip Ltd.,UK
5331,12,300,2024-06-13,State Medical Center,Oyo,CT Scanner,MedTech Co.,USA
5332,6,400,2024-06-18,Healing Hands Hospital,Rivers,MRI Machine,HealthEquip Ltd.,Canada
5333,8,250,2024-06-23,Metro Medical Center,Abuja,X-Ray Machine,TechHealth Inc.,UK
5334,14,150,2024-06-28,Central Clinic,Kaduna,Ultrasound,MedTech Co.,China
5335,25,220,2024-07-03,Community Hospital,Lagos,MRI Machine,MedTech Co.,USA
5336,18,600,2024-07-08,Sunshine Medical,Kano,CT Scanner,HealthEquip Ltd.,UK
5337,10,150,2024-07-13,Hope Hospital,Enugu,Ultrasound,Radiant Suppliers,China
5338,11,300,2024-07-18,City Medical Center,Oyo,X-Ray Machine,HealthEquip Ltd.,UK
5339,25,320,2024-07-23,State Hospital,Lagos,MRI Machine,Radiant Suppliers,China
5340,12,400,2024-07-28,General Hospital,Kaduna,CT Scanner,HealthEquip Ltd.,UK
5341,30,200,2024-08-02,Healing Touch Hospital,Rivers,X-Ray Machine,Radiant Suppliers,China
5342,15,150,2024-08-07,Metro Hospital,Abuja,Ultrasound,TechHealth Inc.,Canada
5343,20,350,2024-08-12,Central Hospital,Enugu,MRI Machine,MedTech Co.,USA
5344,5,450,2024-08-17,Sunshine Hospital,Lagos,CT Scanner,HealthEquip Ltd.,UK
5345,10,250,2024-08-22,Community Hospital,Abuja,Ultrasound,Radiant Suppliers,China
5346,14,150,2024-08-27,Hope Clinic,Kano,MRI Machine,TechHealth Inc.,Canada
5347,20,300,2024-09-01,Healing Hands Hospital,Lagos,Defibrillator,SoloSupplier Inc.,UK
5348,5,750,2024-09-06,City Hospital,Rivers,Ventilator,ExclusiveTech Ltd.,Germany
5349,10,400,2024-09-11,Metro Medical Center,Abuja,Surgical Table,HealthEquip Ltd.,UK
5350,12,200,2024-09-16,State Hospital,Oyo,MRI Machine,MedTech Co.,USA
5351,10,250,2024-01-15,General Hospital,Lagos,MRI Machine,MedTech Co.,USA
5352,5,200,2024-01-20,City Hospital,Abuja,MRI Machine,HealthEquip Ltd.,UK
5353,20,150,2024-01-25,Central Hospital,Rivers,X-Ray Machine,Radiant Suppliers,China
5354,15,300,2024-01-30,Sunshine Hospital,Lagos,CT Scanner,TechHealth Inc.,Canada
5355,8,500,2024-02-04,Community Hospital,Kaduna,Ultrasound,HealthEquip Ltd.,UK
5356,12,180,2024-02-09,Healing Hands Hospital,Enugu,X-Ray Machine,Radiant Suppliers,China
5357,25,220,2024-02-14,Hope Hospital,Kano,MRI Machine,MedTech Co.,USA
5358,30,320,2024-02-19,Unity Hospital,Lagos,CT Scanner,TechHealth Inc.,Canada
5359,10,550,2024-02-24,Metro Hospital,Abuja,Ultrasound,HealthEquip Ltd.,UK
5360,50,130,2024-02-29,State Hospital,Oyo,X-Ray Machine,Radiant Suppliers,China
5361,20,270,2024-03-05,City Medical Center,Lagos,MRI Machine,MedTech Co.,USA
5362,6,300,2024-03-10,General Hospital,Rivers,CT Scanner,TechHealth Inc.,Canada
5363,15,250,2024-03-15,Central Clinic,Ogun,Ultrasound,HealthEquip Ltd.,UK
5364,4,450,2024-03-20,Healing Touch Hospital,Enugu,MRI Machine,Radiant Suppliers,China
5365,25,180,2024-03-25,Sunshine Medical,Lagos,X-Ray Machine,MedTech Co.,USA
5366,18,600,2024-03-30,Hope Clinic,Kano,CT Scanner,HealthEquip Ltd.,UK
5367,14,150,2024-04-04,Metro Medical Center,Abuja,Ultrasound,TechHealth Inc.,Canada
5368,11,200,2024-04-09,State Medical Center,Oyo,MRI Machine,MedTech Co.,USA
5369,30,400,2024-04-14,General Clinic,Lagos,CT Scanner,HealthEquip Ltd.,UK
5370,10,150,2024-04-19,City Hospital,Rivers,Ultrasound,TechHealth Inc.,Canada
5371,12,350,2024-04-24,Hope Hospital,Abuja,MRI Machine,Radiant Suppliers,China
5372,10,450,2024-04-29,Healing Hands Hospital,Enugu,X-Ray Machine,HealthEquip Ltd.,UK
5373,5,600,2024-05-04,Central Hospital,Kaduna,Ultrasound,MedTech Co.,USA
5374,20,120,2024-05-09,State Hospital,Oyo,X-Ray Machine,Radiant Suppliers,China
5375,15,330,2024-05-14,City Medical Center,Lagos,MRI Machine,TechHealth Inc.,Canada
5376,10,450,2024-05-19,Central Hospital,Rivers,Ultrasound,HealthEquip Ltd.,UK
5377,7,200,2024-05-24,Metro Hospital,Abuja,X-Ray Machine,Radiant Suppliers,China
5378,25,280,2024-05-29,Hope Clinic,Kano,CT Scanner,TechHealth Inc.,Canada
5379,30,400,2024-06-03,Sunshine Hospital,Lagos,MRI Machine,MedTech Co.,USA
5380,15,170,2024-06-08,General Hospital,Enugu,Ultrasound,HealthEquip Ltd.,UK
5381,12,300,2024-06-13,State Medical Center,Oyo,CT Scanner,MedTech Co.,USA
5382,6,400,2024-06-18,Healing Hands Hospital,Rivers,MRI Machine,HealthEquip Ltd.,Canada
5383,8,250,2024-06-23,Metro Medical Center,Abuja,X-Ray Machine,TechHealth Inc.,UK
5384,14,150,2024-06-28,Central Clinic,Kaduna,Ultrasound,MedTech Co.,China
5385,25,220,2024-07-03,Community Hospital,Lagos,MRI Machine,MedTech Co.,USA
5386,18,600,2024-07-08,Sunshine Medical,Kano,CT Scanner,HealthEquip Ltd.,UK
5387,10,150,2024-07-13,Hope Hospital,Enugu,Ultrasound,Radiant Suppliers,China
5388,11,300,2024-07-18,City Medical Center,Oyo,X-Ray Machine,HealthEquip Ltd.,UK
5389,25,320,2024-07-23,State Hospital,Lagos,MRI Machine,Radiant Suppliers,China
5390,12,400,2024-07-28,General Hospital,Kaduna,CT Scanner,HealthEquip Ltd.,UK
5391,30,200,2024-08-02,Healing Touch Hospital,Rivers,X-Ray Machine,Radiant Suppliers,China
5392,15,150,2024-08-07,Metro Hospital,Abuja,Ultrasound,TechHealth Inc.,Canada
5393,20,350,2024-08-12,Central Hospital,Enugu,MRI Machine,MedTech Co.,USA
5394,5,450,2024-08-17,Sunshine Hospital,Lagos,CT Scanner,HealthEquip Ltd.,UK
5395,10,250,2024-08-22,Community Hospital,Abuja,Ultrasound,Radiant Suppliers,China
5396,14,150,2024-08-27,Hope Clinic,Kano,MRI Machine,TechHealth Inc.,Canada
5397,20,300,2024-09-01,Healing Hands Hospital,Lagos,Defibrillator,SoloSupplier Inc.,UK
5398,5,750,2024-09-06,City Hospital,Rivers,Ventilator,ExclusiveTech Ltd.,Germany
5399,10,400,2024-09-11,Metro Medical Center,Abuja,Surgical Table,HealthEquip Ltd.,UK
5400,12,200,2024-09-16,State Hospital,Oyo,MRI Machine,MedTech Co.,USA
5401,10,250,2024-01-15,General Hospital,Lagos,MRI Machine,MedTech Co.,USA
5402,5,200,2024-01-20,City Hospital,Abuja,MRI Machine,HealthEquip Ltd.,UK
5403,20,150,2024-01-25,Central Hospital,Rivers,X-Ray Machine,Radiant Suppliers,China
5404,15,300,2024-01-30,Sunshine Hospital,Lagos,CT Scanner,TechHealth Inc.,Canada
5405,8,500,2024-02-04,Community Hospital,Kaduna,Ultrasound,HealthEquip Ltd.,UK
5406,12,180,2024-02-09,Healing Hands Hospital,Enugu,X-Ray Machine,Radiant Suppliers,China
5407,25,220,2024-02-14,Hope Hospital,Kano,MRI Machine,MedTech Co.,USA
5408,30,320,2024-02-19,Unity Hospital,Lagos,CT Scanner,TechHealth Inc.,Canada
5409,10,550,2024-02-24,Metro Hospital,Abuja,Ultrasound,HealthEquip Ltd.,UK
5410,50,130,2024-02-29,State Hospital,Oyo,X-Ray Machine,Radiant Suppliers,China
5411,20,270,2024-03-05,City Medical Center,Lagos,MRI Machine,MedTech Co.,USA
5412,6,300,2024-03-10,General Hospital,Rivers,CT Scanner,TechHealth Inc.,Canada
5413,15,250,2024-03-15,Central Clinic,Ogun,Ultrasound,HealthEquip Ltd.,UK
5414,4,450,2024-03-20,Healing Touch Hospital,Enugu,MRI Machine,Radiant Suppliers,China
5415,25,180,2024-03-25,Sunshine Medical,Lagos,X-Ray Machine,MedTech Co.,USA
5416,18,600,2024-03-30,Hope Clinic,Kano,CT Scanner,HealthEquip Ltd.,UK
5417,14,150,2024-04-04,Metro Medical Center,Abuja,Ultrasound,TechHealth Inc.,Canada
5418,11,200,2024-04-09,State Medical Center,Oyo,MRI Machine,MedTech Co.,USA
5419,30,400,2024-04-14,General Clinic,Lagos,CT Scanner,HealthEquip Ltd.,UK
5420,10,150,2024-04-19,City Hospital,Rivers,Ultrasound,TechHealth Inc.,Canada
5421,12,350,2024-04-24,Hope Hospital,Abuja,MRI Machine,Radiant Suppliers,China
5422,10,450,2024-04-29,Healing Hands Hospital,Enugu,X-Ray Machine,HealthEquip Ltd.,UK
5423,5,600,2024-05-04,Central Hospital,Kaduna,Ultrasound,MedTech Co.,USA
5424,20,120,2024-05-09,State Hospital,Oyo,X-Ray Machine,Radiant Suppliers,China
5425,15,330,2024-05-14,City Medical Center,Lagos,MRI Machine,TechHealth Inc.,Canada
5426,10,450,2024-05-19,Central Hospital,Rivers,Ultrasound,HealthEquip Ltd.,UK
5427,7,200,2024-05-24,Metro Hospital,Abuja,X-Ray Machine,Radiant Suppliers,China
5428,25,280,2024-05-29,Hope Clinic,Kano,CT Scanner,TechHealth Inc.,Canada
5429,30,400,2024-06-03,Sunshine Hospital,Lagos,MRI Machine,MedTech Co.,USA
5430,15,170,2024-06-08,General Hospital,Enugu,Ultrasound,HealthEquip Ltd.,UK
5431,12,300,2024-06-13,State Medical Center,Oyo,CT Scanner,MedTech Co.,USA
5432,6,400,2024-06-18,Healing Hands Hospital,Rivers,MRI Machine,HealthEquip Ltd.,Canada
5433,8,250,2024-06-23,Metro Medical Center,Abuja,X-Ray Machine,TechHealth Inc.,UK
5434,14,150,2024-06-28,Central Clinic,Kaduna,Ultrasound,MedTech Co.,China
5435,25,220,2024-07-03,Community Hospital,Lagos,MRI Machine,MedTech Co.,USA
5436,18,600,2024-07-08,Sunshine Medical,Kano,CT Scanner,HealthEquip Ltd.,UK
5437,10,150,2024-07-13,Hope Hospital,Enugu,Ultrasound,Radiant Suppliers,China
5438,11,300,2024-07-18,City Medical Center,Oyo,X-Ray Machine,HealthEquip Ltd.,UK
5439,25,320,2024-07-23,State Hospital,Lagos,MRI Machine,Radiant Suppliers,China
5440,12,400,2024-07-28,General Hospital,Kaduna,CT Scanner,HealthEquip Ltd.,UK
5441,30,200,2024-08-02,Healing Touch Hospital,Rivers,X-Ray Machine,Radiant Suppliers,China
5442,15,150,2024-08-07,Metro Hospital,Abuja,Ultrasound,TechHealth Inc.,Canada
5443,20,350,2024-08-12,Central Hospital,Enugu,MRI Machine,MedTech Co.,USA
5444,5,450,2024-08-17,Sunshine Hospital,Lagos,CT Scanner,HealthEquip Ltd.,UK
5445,10,250,2024-08-22,Community Hospital,Abuja,Ultrasound,Radiant Suppliers,China
5446,14,150,2024-08-27,Hope Clinic,Kano,MRI Machine,TechHealth Inc.,Canada
5447,20,300,2024-09-01,Healing Hands Hospital,Lagos,Defibrillator,SoloSupplier Inc.,UK
5448,5,750,2024-09-06,City Hospital,Rivers,Ventilator,ExclusiveTech Ltd.,Germany
5449,10,400,2024-09-11,Metro Medical Center,Abuja,Surgical Table,HealthEquip Ltd.,UK
5450,12,200,2024-09-16,State Hospital,Oyo,MRI Machine,MedTech Co.,USA
5451,10,250,2024-01-15,General Hospital,Lagos,MRI Machine,MedTech Co.,USA
5452,5,200,2024-01-20,City Hospital,Abuja,MRI Machine,HealthEquip Ltd.,UK
5453,20,150,2024-01-25,Central Hospital,Rivers,X-Ray Machine,Radiant Suppliers,China
5454,15,300,2024-01-30,Sunshine Hospital,Lagos,CT Scanner,TechHealth Inc.,Canada
5455,8,500,2024-02-04,Community Hospital,Kaduna,Ultrasound,HealthEquip Ltd.,UK
5456,12,180,2024-02-09,Healing Hands Hospital,Enugu,X-Ray Machine,Radiant Suppliers,China
5457,25,220,2024-02-14,Hope Hospital,Kano,MRI Machine,MedTech Co.,USA
5458,30,320,2024-02-19,Unity Hospital,Lagos,CT Scanner,TechHealth Inc.,Canada
5459,10,550,2024-02-24,Metro Hospital,Abuja,Ultrasound,HealthEquip Ltd.,UK
5460,50,130,2024-02-29,State Hospital,Oyo,X-Ray Machine,Radiant Suppliers,China
5461,20,270,2024-03-05,City Medical Center,Lagos,MRI Machine,MedTech Co.,USA
5462,6,300,2024-03-10,General Hospital,Rivers,CT Scanner,TechHealth Inc.,Canada
5463,15,250,2024-03-15,Central Clinic,Ogun,Ultrasound,HealthEquip Ltd.,UK
5464,4,450,2024-03-20,Healing Touch Hospital,Enugu,MRI Machine,Radiant Suppliers,China
5465,25,180,2024-03-25,Sunshine Medical,Lagos,X-Ray Machine,MedTech Co.,USA
5466,18,600,2024-03-30,Hope Clinic,Kano,CT Scanner,HealthEquip Ltd.,UK
5467,14,150,2024-04-04,Metro Medical Center,Abuja,Ultrasound,TechHealth Inc.,Canada
5468,11,200,2024-04-09,State Medical Center,Oyo,MRI Machine,MedTech Co.,USA
5469,30,400,2024-04-14,General Clinic,Lagos,CT Scanner,HealthEquip Ltd.,UK
5470,10,150,2024-04-19,City Hospital,Rivers,Ultrasound,TechHealth Inc.,Canada
5471,12,350,2024-04-24,Hope Hospital,Abuja,MRI Machine,Radiant Suppliers,China
5472,10,450,2024-04-29,Healing Hands Hospital,Enugu,X-Ray Machine,HealthEquip Ltd.,UK
5473,5,600,2024-05-04,Central Hospital,Kaduna,Ultrasound,MedTech Co.,USA
5474,20,120,2024-05-09,State Hospital,Oyo,X-Ray Machine,Radiant Suppliers,China
5475,15,330,2024-05-14,City Medical Center,Lagos,MRI Machine,TechHealth Inc.,Canada
5476,10,450,2024-05-19,Central Hospital,Rivers,Ultrasound,HealthEquip Ltd.,UK
5477,7,200,2024-05-24,Metro Hospital,Abuja,X-Ray Machine,Radiant Suppliers,China
5478,25,280,2024-05-29,Hope Clinic,Kano,CT Scanner,TechHealth Inc.,Canada
5479,30,400,2024-06-03,Sunshine Hospital,Lagos,MRI Machine,MedTech Co.,USA
5480,15,170,2024-06-08,General Hospital,Enugu,Ultrasound,HealthEquip Ltd.,UK
5481,12,300,2024-06-13,State Medical Center,Oyo,CT Scanner,MedTech Co.,USA
5482,6,400,2024-06-18,Healing Hands Hospital,Rivers,MRI Machine,HealthEquip Ltd.,Canada
5483,8,250,2024-06-23,Metro Medical Center,Abuja,X-Ray Machine,TechHealth Inc.,UK
5484,14,150,2024-06-28,Central Clinic,Kaduna,Ultrasound,MedTech Co.,China
5485,25,220,2024-07-03,Community Hospital,Lagos,MRI Machine,MedTech Co.,USA
5486,18,600,2024-07-08,Sunshine Medical,Kano,CT Scanner,HealthEquip Ltd.,UK
5487,10,150,2024-07-13,Hope Hospital,Enugu,Ultrasound,Radiant Suppliers,China
5488,11,300,2024-07-18,City Medical Center,Oyo,X-Ray Machine,HealthEquip Ltd.,UK
5489,25,320,2024-07-23,State Hospital,Lagos,MRI Machine,Radiant Suppliers,China
5490,12,400,2024-07-28,General Hospital,Kaduna,CT Scanner,HealthEquip Ltd.,UK
5491,30,200,2024-08-02,Healing Touch Hospital,Rivers,X-Ray Machine,Radiant Suppliers,China
5492,15,150,2024-08-07,Metro Hospital,Abuja,Ultrasound,TechHealth Inc.,Canada
5493,20,350,2024-08-12,Central Hospital,Enugu,MRI Machine,MedTech Co.,USA
5494,5,450,2024-08-17,Sunshine Hospital,Lagos,CT Scanner,HealthEquip Ltd.,UK
5495,10,250,2024-08-22,Community Hospital,Abuja,Ultrasound,Radiant Suppliers,China
5496,14,150,2024-08-27,Hope Clinic,Kano,MRI Machine,TechHealth Inc.,Canada
5497,20,300,2024-09-01,Healing Hands Hospital,Lagos,Defibrillator,SoloSupplier Inc.,UK
5498,5,750,2024-09-06,City Hospital,Rivers,Ventilator,ExclusiveTech Ltd.,Germany
5499,10,400,2024-09-11,Metro Medical Center,Abuja,Surgical Table,HealthEquip Ltd.,UK
5500,12,200,2024-09-16,State Hospital,Oyo,MRI Machine,MedTech Co.,USA
5501,10,250,2024-01-15,General Hospital,Lagos,MRI Machine,MedTech Co.,USA
5502,5,200,2024-01-20,City Hospital,Abuja,MRI Machine,HealthEquip Ltd.,UK
5503,20,150,2024-01-25,Central Hospital,Rivers,X-Ray Machine,Radiant Suppliers,China
5504,15,300,2024-01-30,Sunshine Hospital,Lagos,CT Scanner,TechHealth Inc.,Canada
5505,8,500,2024-02-04,Community Hospital,Kaduna,Ultrasound,HealthEquip Ltd.,UK
5506,12,180,2024-02-09,Healing Hands Hospital,Enugu,X-Ray Machine,Radiant Suppliers,China
5507,25,220,2024-02-14,Hope Hospital,Kano,MRI Machine,MedTech Co.,USA
5508,30,320,2024-02-19,Unity Hospital,Lagos,CT Scanner,TechHealth Inc.,Canada
5509,10,550,2024-02-24,Metro Hospital,Abuja,Ultrasound,HealthEquip Ltd.,UK
5510,50,130,2024-02-29,State Hospital,Oyo,X-Ray Machine,Radiant Suppliers,China
5511,20,270,2024-03-05,City Medical Center,Lagos,MRI Machine,MedTech Co.,USA
5512,6,300,2024-03-10,General Hospital,Rivers,CT Scanner,TechHealth Inc.,Canada
5513,15,250,2024-03-15,Central Clinic,Ogun,Ultrasound,HealthEquip Ltd.,UK
5514,4,450,2024-03-20,Healing Touch Hospital,Enugu,MRI Machine,Radiant Suppliers,China
5515,25,180,2024-03-25,Sunshine Medical,Lagos,X-Ray Machine,MedTech Co.,USA
5516,18,600,2024-03-30,Hope Clinic,Kano,CT Scanner,HealthEquip Ltd.,UK
5517,14,150,2024-04-04,Metro Medical Center,Abuja,Ultrasound,TechHealth Inc.,Canada
5518,11,200,2024-04-09,State Medical Center,Oyo,MRI Machine,MedTech Co.,USA
5519,30,400,2024-04-14,General Clinic,Lagos,CT Scanner,HealthEquip Ltd.,UK
5520,10,150,2024-04-19,City Hospital,Rivers,Ultrasound,TechHealth Inc.,Canada
5521,12,350,2024-04-24,Hope Hospital,Abuja,MRI Machine,Radiant Suppliers,China
5522,10,450,2024-04-29,Healing Hands Hospital,Enugu,X-Ray Machine,HealthEquip Ltd.,UK
5523,5,600,2024-05-04,Central Hospital,Kaduna,Ultrasound,MedTech Co.,USA
5524,20,120,2024-05-09,State Hospital,Oyo,X-Ray Machine,Radiant Suppliers,China
5525,15,330,2024-05-14,City Medical Center,Lagos,MRI Machine,TechHealth Inc.,Canada
5526,10,450,2024-05-19,Central Hospital,Rivers,Ultrasound,HealthEquip Ltd.,UK
5527,7,200,2024-05-24,Metro Hospital,Abuja,X-Ray Machine,Radiant Suppliers,China
5528,25,280,2024-05-29,Hope Clinic,Kano,CT Scanner,TechHealth Inc.,Canada
5529,30,400,2024-06-03,Sunshine Hospital,Lagos,MRI Machine,MedTech Co.,USA
5530,15,170,2024-06-08,General Hospital,Enugu,Ultrasound,HealthEquip Ltd.,UK
5531,12,300,2024-06-13,State Medical Center,Oyo,CT Scanner,MedTech Co.,USA
5532,6,400,2024-06-18,Healing Hands Hospital,Rivers,MRI Machine,HealthEquip Ltd.,Canada
5533,8,250,2024-06-23,Metro Medical Center,Abuja,X-Ray Machine,TechHealth Inc.,UK
5534,14,150,2024-06-28,Central Clinic,Kaduna,Ultrasound,MedTech Co.,China
5535,25,220,2024-07-03,Community Hospital,Lagos,MRI Machine,MedTech Co.,USA
5536,18,600,2024-07-08,Sunshine Medical,Kano,CT Scanner,HealthEquip Ltd.,UK
5537,10,150,2024-07-13,Hope Hospital,Enugu,Ultrasound,Radiant Suppliers,China
5538,11,300,2024-07-18,City Medical Center,Oyo,X-Ray Machine,HealthEquip Ltd.,UK
5539,25,320,2024-07-23,State Hospital,Lagos,MRI Machine,Radiant Suppliers,China
5540,12,400,2024-07-28,General Hospital,Kaduna,CT Scanner,HealthEquip Ltd.,UK
5541,30,200,2024-08-02,Healing Touch Hospital,Rivers,X-Ray Machine,Radiant Suppliers,China
5542,15,150,2024-08-07,Metro Hospital,Abuja,Ultrasound,TechHealth Inc.,Canada
5543,20,350,2024-08-12,Central Hospital,Enugu,MRI Machine,MedTech Co.,USA
5544,5,450,2024-08-17,Sunshine Hospital,Lagos,CT Scanner,HealthEquip Ltd.,UK
5545,10,250,2024-08-22,Community Hospital,Abuja,Ultrasound,Radiant Suppliers,China
5546,14,150,2024-08-27,Hope Clinic,Kano,MRI Machine,TechHealth Inc.,Canada
5547,20,300,2024-09-01,Healing Hands Hospital,Lagos,Defibrillator,SoloSupplier Inc.,UK
5548,5,750,2024-09-06,City Hospital,Rivers,Ventilator,ExclusiveTech Ltd.,Germany
5549,10,400,2024-09-11,Metro Medical Center,Abuja,Surgical Table,HealthEquip Ltd.,UK
5550,12,200,2024-09-16,State Hospital,Oyo,MRI Machine,MedTech Co.,USA
5551,10,250,2024-01-15,General Hospital,Lagos,MRI Machine,MedTech Co.,USA
5552,5,200,2024-01-20,City Hospital,Abuja,MRI Machine,HealthEquip Ltd.,UK
5553,20,150,2024-01-25,Central Hospital,Rivers,X-Ray Machine,Radiant Suppliers,China
5554,15,300,2024-01-30,Sunshine Hospital,Lagos,CT Scanner,TechHealth Inc.,Canada
5555,8,500,2024-02-04,Community Hospital,Kaduna,Ultrasound,HealthEquip Ltd.,UK
5556,12,180,2024-02-09,Healing Hands Hospital,Enugu,X-Ray Machine,Radiant Suppliers,China
5557,25,220,2024-02-14,Hope Hospital,Kano,MRI Machine,MedTech Co.,USA
5558,30,320,2024-02-19,Unity Hospital,Lagos,CT Scanner,TechHealth Inc.,Canada
5559,10,550,2024-02-24,Metro Hospital,Abuja,Ultrasound,HealthEquip Ltd.,UK
5560,50,130,2024-02-29,State Hospital,Oyo,X-Ray Machine,Radiant Suppliers,China
5561,20,270,2024-03-05,City Medical Center,Lagos,MRI Machine,MedTech Co.,USA
5562,6,300,2024-03-10,General Hospital,Rivers,CT Scanner,TechHealth Inc.,Canada
5563,15,250,2024-03-15,Central Clinic,Ogun,Ultrasound,HealthEquip Ltd.,UK
5564,4,450,2024-03-20,Healing Touch Hospital,Enugu,MRI Machine,Radiant Suppliers,China
5565,25,180,2024-03-25,Sunshine Medical,Lagos,X-Ray Machine,MedTech Co.,USA
5566,18,600,2024-03-30,Hope Clinic,Kano,CT Scanner,HealthEquip Ltd.,UK
5567,14,150,2024-04-04,Metro Medical Center,Abuja,Ultrasound,TechHealth Inc.,Canada
5568,11,200,2024-04-09,State Medical Center,Oyo,MRI Machine,MedTech Co.,USA
5569,30,400,2024-04-14,General Clinic,Lagos,CT Scanner,HealthEquip Ltd.,UK
5570,10,150,2024-04-19,City Hospital,Rivers,Ultrasound,TechHealth Inc.,Canada
5571,12,350,2024-04-24,Hope Hospital,Abuja,MRI Machine,Radiant Suppliers,China
5572,10,450,2024-04-29,Healing Hands Hospital,Enugu,X-Ray Machine,HealthEquip Ltd.,UK
5573,5,600,2024-05-04,Central Hospital,Kaduna,Ultrasound,MedTech Co.,USA
5574,20,120,2024-05-09,State Hospital,Oyo,X-Ray Machine,Radiant Suppliers,China
5575,15,330,2024-05-14,City Medical Center,Lagos,MRI Machine,TechHealth Inc.,Canada
5576,10,450,2024-05-19,Central Hospital,Rivers,Ultrasound,HealthEquip Ltd.,UK
5577,7,200,2024-05-24,Metro Hospital,Abuja,X-Ray Machine,Radiant Suppliers,China
5578,25,280,2024-05-29,Hope Clinic,Kano,CT Scanner,TechHealth Inc.,Canada
5579,30,400,2024-06-03,Sunshine Hospital,Lagos,MRI Machine,MedTech Co.,USA
5580,15,170,2024-06-08,General Hospital,Enugu,Ultrasound,HealthEquip Ltd.,UK
5581,12,300,2024-06-13,State Medical Center,Oyo,CT Scanner,MedTech Co.,USA
5582,6,400,2024-06-18,Healing Hands Hospital,Rivers,MRI Machine,HealthEquip Ltd.,Canada
5583,8,250,2024-06-23,Metro Medical Center,Abuja,X-Ray Machine,TechHealth Inc.,UK
5584,14,150,2024-06-28,Central Clinic,Kaduna,Ultrasound,MedTech Co.,China
5585,25,220,2024-07-03,Community Hospital,Lagos,MRI Machine,MedTech Co.,USA
5586,18,600,2024-07-08,Sunshine Medical,Kano,CT Scanner,HealthEquip Ltd.,UK
5587,10,150,2024-07-13,Hope Hospital,Enugu,Ultrasound,Radiant Suppliers,China
5588,11,300,2024-07-18,City Medical Center,Oyo,X-Ray Machine,HealthEquip Ltd.,UK
5589,25,320,2024-07-23,State Hospital,Lagos,MRI Machine,Radiant Suppliers,China
5590,12,400,2024-07-28,General Hospital,Kaduna,CT Scanner,HealthEquip Ltd.,UK
5591,30,200,2024-08-02,Healing Touch Hospital,Rivers,X-Ray Machine,Radiant Suppliers,China
5592,15,150,2024-08-07,Metro Hospital,Abuja,Ultrasound,TechHealth Inc.,Canada
5593,20,350,2024-08-12,Central Hospital,Enugu,MRI Machine,MedTech Co.,USA
5594,5,450,2024-08-17,Sunshine Hospital,Lagos,CT Scanner,HealthEquip Ltd.,UK
5595,10,250,2024-08-22,Community Hospital,Abuja,Ultrasound,Radiant Suppliers,China
5596,14,150,2024-08-27,Hope Clinic,Kano,MRI Machine,TechHealth Inc.,Canada
5597,20,300,2024-09-01,Healing Hands Hospital,Lagos,Defibrillator,SoloSupplier Inc.,UK
5598,5,750,2024-09-06,City Hospital,Rivers,Ventilator,ExclusiveTech Ltd.,Germany
5599,10,400,2024-09-11,Metro Medical Center,Abuja,Surgical Table,HealthEquip Ltd.,UK
5600,12,200,2024-09-16,State Hospital,Oyo,MRI Machine,MedTech Co.,USA
5601,10,250,2024-01-15,General Hospital,Lagos,MRI Machine,MedTech Co.,USA
5602,5,200,2024-01-20,City Hospital,Abuja,MRI Machine,HealthEquip Ltd.,UK
5603,20,150,2024-01-25,Central Hospital,Rivers,X-Ray Machine,Radiant Suppliers,China
5604,15,300,2024-01-30,Sunshine Hospital,Lagos,CT Scanner,TechHealth Inc.,Canada
5605,8,500,2024-02-04,Community Hospital,Kaduna,Ultrasound,HealthEquip Ltd.,UK
5606,12,180,2024-02-09,Healing Hands Hospital,Enugu,X-Ray Machine,Radiant Suppliers,China
5607,25,220,2024-02-14,Hope Hospital,Kano,MRI Machine,MedTech Co.,USA
5608,30,320,2024-02-19,Unity Hospital,Lagos,CT Scanner,TechHealth Inc.,Canada
5609,10,550,2024-02-24,Metro Hospital,Abuja,Ultrasound,HealthEquip Ltd.,UK
5610,50,130,2024-02-29,State Hospital,Oyo,X-Ray Machine,Radiant Suppliers,China
5611,20,270,2024-03-05,City Medical Center,Lagos,MRI Machine,MedTech Co.,USA
5612,6,300,2024-03-10,General Hospital,Rivers,CT Scanner,TechHealth Inc.,Canada
5613,15,250,2024-03-15,Central Clinic,Ogun,Ultrasound,HealthEquip Ltd.,UK
5614,4,450,2024-03-20,Healing Touch Hospital,Enugu,MRI Machine,Radiant Suppliers,China
5615,25,180,2024-03-25,Sunshine Medical,Lagos,X-Ray Machine,MedTech Co.,USA
5616,18,600,2024-03-30,Hope Clinic,Kano,CT Scanner,HealthEquip Ltd.,UK
5617,14,150,2024-04-04,Metro Medical Center,Abuja,Ultrasound,TechHealth Inc.,Canada
5618,11,200,2024-04-09,State Medical Center,Oyo,MRI Machine,MedTech Co.,USA
5619,30,400,2024-04-14,General Clinic,Lagos,CT Scanner,HealthEquip Ltd.,UK
5620,10,150,2024-04-19,City Hospital,Rivers,Ultrasound,TechHealth Inc.,Canada
5621,12,350,2024-04-24,Hope Hospital,Abuja,MRI Machine,Radiant Suppliers,China
5622,10,450,2024-04-29,Healing Hands Hospital,Enugu,X-Ray Machine,HealthEquip Ltd.,UK
5623,5,600,2024-05-04,Central Hospital,Kaduna,Ultrasound,MedTech Co.,USA
5624,20,120,2024-05-09,State Hospital,Oyo,X-Ray Machine,Radiant Suppliers,China
5625,15,330,2024-05-14,City Medical Center,Lagos,MRI Machine,TechHealth Inc.,Canada
5626,10,450,2024-05-19,Central Hospital,Rivers,Ultrasound,HealthEquip Ltd.,UK
5627,7,200,2024-05-24,Metro Hospital,Abuja,X-Ray Machine,Radiant Suppliers,China
5628,25,280,2024-05-29,Hope Clinic,Kano,CT Scanner,TechHealth Inc.,Canada
5629,30,400,2024-06-03,Sunshine Hospital,Lagos,MRI Machine,MedTech Co.,USA
5630,15,170,2024-06-08,General Hospital,Enugu,Ultrasound,HealthEquip Ltd.,UK
5631,12,300,2024-06-13,State Medical Center,Oyo,CT Scanner,MedTech Co.,USA
5632,6,400,2024-06-18,Healing Hands Hospital,Rivers,MRI Machine,HealthEquip Ltd.,Canada
5633,8,250,2024-06-23,Metro Medical Center,Abuja,X-Ray Machine,TechHealth Inc.,UK
5634,14,150,2024-06-28,Central Clinic,Kaduna,Ultrasound,MedTech Co.,China
5635,25,220,2024-07-03,Community Hospital,Lagos,MRI Machine,MedTech Co.,USA
5636,18,600,2024-07-08,Sunshine Medical,Kano,CT Scanner,HealthEquip Ltd.,UK
5637,10,150,2024-07-13,Hope Hospital,Enugu,Ultrasound,Radiant Suppliers,China
5638,11,300,2024-07-18,City Medical Center,Oyo,X-Ray Machine,HealthEquip Ltd.,UK
5639,25,320,2024-07-23,State Hospital,Lagos,MRI Machine,Radiant Suppliers,China
5640,12,400,2024-07-28,General Hospital,Kaduna,CT Scanner,HealthEquip Ltd.,UK
5641,30,200,2024-08-02,Healing Touch Hospital,Rivers,X-Ray Machine,Radiant Suppliers,China
5642,15,150,2024-08-07,Metro Hospital,Abuja,Ultrasound,TechHealth Inc.,Canada
5643,20,350,2024-08-12,Central Hospital,Enugu,MRI Machine,MedTech Co.,USA
5644,5,450,2024-08-17,Sunshine Hospital,Lagos,CT Scanner,HealthEquip Ltd.,UK
5645,10,250,2024-08-22,Community Hospital,Abuja,Ultrasound,Radiant Suppliers,China
5646,14,150,2024-08-27,Hope Clinic,Kano,MRI Machine,TechHealth Inc.,Canada
5647,20,300,2024-09-01,Healing Hands Hospital,Lagos,Defibrillator,SoloSupplier Inc.,UK
5648,5,750,2024-09-06,City Hospital,Rivers,Ventilator,ExclusiveTech Ltd.,Germany
5649,10,400,2024-09-11,Metro Medical Center,Abuja,Surgical Table,HealthEquip Ltd.,UK
5650,12,200,2024-09-16,State Hospital,Oyo,MRI Machine,MedTech Co.,USA
5651,10,250,2024-01-15,General Hospital,Lagos,MRI Machine,MedTech Co.,USA
5652,5,200,2024-01-20,City Hospital,Abuja,MRI Machine,HealthEquip Ltd.,UK
5653,20,150,2024-01-25,Central Hospital,Rivers,X-Ray Machine,Radiant Suppliers,China
5654,15,300,2024-01-30,Sunshine Hospital,Lagos,CT Scanner,TechHealth Inc.,Canada
5655,8,500,2024-02-04,Community Hospital,Kaduna,Ultrasound,HealthEquip Ltd.,UK
5656,12,180,2024-02-09,Healing Hands Hospital,Enugu,X-Ray Machine,Radiant Suppliers,China
5657,25,220,2024-02-14,Hope Hospital,Kano,MRI Machine,MedTech Co.,USA
5658,30,320,2024-02-19,Unity Hospital,Lagos,CT Scanner,TechHealth Inc.,Canada
5659,10,550,2024-02-24,Metro Hospital,Abuja,Ultrasound,HealthEquip Ltd.,UK
5660,50,130,2024-02-29,State Hospital,Oyo,X-Ray Machine,Radiant Suppliers,China
5661,20,270,2024-03-05,City Medical Center,Lagos,MRI Machine,MedTech Co.,USA
5662,6,300,2024-03-10,General Hospital,Rivers,CT Scanner,TechHealth Inc.,Canada
5663,15,250,2024-03-15,Central Clinic,Ogun,Ultrasound,HealthEquip Ltd.,UK
5664,4,450,2024-03-20,Healing Touch Hospital,Enugu,MRI Machine,Radiant Suppliers,China
5665,25,180,2024-03-25,Sunshine Medical,Lagos,X-Ray Machine,MedTech Co.,USA
5666,18,600,2024-03-30,Hope Clinic,Kano,CT Scanner,HealthEquip Ltd.,UK
5667,14,150,2024-04-04,Metro Medical Center,Abuja,Ultrasound,TechHealth Inc.,Canada
5668,11,200,2024-04-09,State Medical Center,Oyo,MRI Machine,MedTech Co.,USA
5669,30,400,2024-04-14,General Clinic,Lagos,CT Scanner,HealthEquip Ltd.,UK
5670,10,150,2024-04-19,City Hospital,Rivers,Ultrasound,TechHealth Inc.,Canada
5671,12,350,2024-04-24,Hope Hospital,Abuja,MRI Machine,Radiant Suppliers,China
5672,10,450,2024-04-29,Healing Hands Hospital,Enugu,X-Ray Machine,HealthEquip Ltd.,UK
5673,5,600,2024-05-04,Central Hospital,Kaduna,Ultrasound,MedTech Co.,USA
5674,20,120,2024-05-09,State Hospital,Oyo,X-Ray Machine,Radiant Suppliers,China
5675,15,330,2024-05-14,City Medical Center,Lagos,MRI Machine,TechHealth Inc.,Canada
5676,10,450,2024-05-19,Central Hospital,Rivers,Ultrasound,HealthEquip Ltd.,UK
5677,7,200,2024-05-24,Metro Hospital,Abuja,X-Ray Machine,Radiant Suppliers,China
5678,25,280,2024-05-29,Hope Clinic,Kano,CT Scanner,TechHealth Inc.,Canada
5679,30,400,2024-06-03,Sunshine Hospital,Lagos,MRI Machine,MedTech Co.,USA
5680,15,170,2024-06-08,General Hospital,Enugu,Ultrasound,HealthEquip Ltd.,UK
5681,12,300,2024-06-13,State Medical Center,Oyo,CT Scanner,MedTech Co.,USA
5682,6,400,2024-06-18,Healing Hands Hospital,Rivers,MRI Machine,HealthEquip Ltd.,Canada
5683,8,250,2024-06-23,Metro Medical Center,Abuja,X-Ray Machine,TechHealth Inc.,UK
5684,14,150,2024-06-28,Central Clinic,Kaduna,Ultrasound,MedTech Co.,China
5685,25,220,2024-07-03,Community Hospital,Lagos,MRI Machine,MedTech Co.,USA
5686,18,600,2024-07-08,Sunshine Medical,Kano,CT Scanner,HealthEquip Ltd.,UK
5687,10,150,2024-07-13,Hope Hospital,Enugu,Ultrasound,Radiant Suppliers,China
5688,11,300,2024-07-18,City Medical Center,Oyo,X-Ray Machine,HealthEquip Ltd.,UK
5689,25,320,2024-07-23,State Hospital,Lagos,MRI Machine,Radiant Suppliers,China
5690,12,400,2024-07-28,General Hospital,Kaduna,CT Scanner,HealthEquip Ltd.,UK
5691,30,200,2024-08-02,Healing Touch Hospital,Rivers,X-Ray Machine,Radiant Suppliers,China
5692,15,150,2024-08-07,Metro Hospital,Abuja,Ultrasound,TechHealth Inc.,Canada
5693,20,350,2024-08-12,Central Hospital,Enugu,MRI Machine,MedTech Co.,USA
5694,5,450,2024-08-17,Sunshine Hospital,Lagos,CT Scanner,HealthEquip Ltd.,UK
5695,10,250,2024-08-22,Community Hospital,Abuja,Ultrasound,Radiant Suppliers,China
5696,14,150,2024-08-27,Hope Clinic,Kano,MRI Machine,TechHealth Inc.,Canada
5697,20,300,2024-09-01,Healing Hands Hospital,Lagos,Defibrillator,SoloSupplier Inc.,UK
5698,5,750,2024-09-06,City Hospital,Rivers,Ventilator,ExclusiveTech Ltd.,Germany
5699,10,400,2024-09-11,Metro Medical Center,Abuja,Surgical Table,HealthEquip Ltd.,UK
5700,12,200,2024-09-16,State Hospital,Oyo,MRI Machine,MedTech Co.,USA
5701,10,250,2024-01-15,General Hospital,Lagos,MRI Machine,MedTech Co.,USA
5702,5,200,2024-01-20,City Hospital,Abuja,MRI Machine,HealthEquip Ltd.,UK
5703,20,150,2024-01-25,Central Hospital,Rivers,X-Ray Machine,Radiant Suppliers,China
5704,15,300,2024-01-30,Sunshine Hospital,Lagos,CT Scanner,TechHealth Inc.,Canada
5705,8,500,2024-02-04,Community Hospital,Kaduna,Ultrasound,HealthEquip Ltd.,UK
5706,12,180,2024-02-09,Healing Hands Hospital,Enugu,X-Ray Machine,Radiant Suppliers,China
5707,25,220,2024-02-14,Hope Hospital,Kano,MRI Machine,MedTech Co.,USA
5708,30,320,2024-02-19,Unity Hospital,Lagos,CT Scanner,TechHealth Inc.,Canada
5709,10,550,2024-02-24,Metro Hospital,Abuja,Ultrasound,HealthEquip Ltd.,UK
5710,50,130,2024-02-29,State Hospital,Oyo,X-Ray Machine,Radiant Suppliers,China
5711,20,270,2024-03-05,City Medical Center,Lagos,MRI Machine,MedTech Co.,USA
5712,6,300,2024-03-10,General Hospital,Rivers,CT Scanner,TechHealth Inc.,Canada
5713,15,250,2024-03-15,Central Clinic,Ogun,Ultrasound,HealthEquip Ltd.,UK
5714,4,450,2024-03-20,Healing Touch Hospital,Enugu,MRI Machine,Radiant Suppliers,China
5715,25,180,2024-03-25,Sunshine Medical,Lagos,X-Ray Machine,MedTech Co.,USA
5716,18,600,2024-03-30,Hope Clinic,Kano,CT Scanner,HealthEquip Ltd.,UK
5717,14,150,2024-04-04,Metro Medical Center,Abuja,Ultrasound,TechHealth Inc.,Canada
5718,11,200,2024-04-09,State Medical Center,Oyo,MRI Machine,MedTech Co.,USA
5719,30,400,2024-04-14,General Clinic,Lagos,CT Scanner,HealthEquip Ltd.,UK
5720,10,150,2024-04-19,City Hospital,Rivers,Ultrasound,TechHealth Inc.,Canada
5721,12,350,2024-04-24,Hope Hospital,Abuja,MRI Machine,Radiant Suppliers,China
5722,10,450,2024-04-29,Healing Hands Hospital,Enugu,X-Ray Machine,HealthEquip Ltd.,UK
5723,5,600,2024-05-04,Central Hospital,Kaduna,Ultrasound,MedTech Co.,USA
5724,20,120,2024-05-09,State Hospital,Oyo,X-Ray Machine,Radiant Suppliers,China
5725,15,330,2024-05-14,City Medical Center,Lagos,MRI Machine,TechHealth Inc.,Canada
5726,10,450,2024-05-19,Central Hospital,Rivers,Ultrasound,HealthEquip Ltd.,UK
5727,7,200,2024-05-24,Metro Hospital,Abuja,X-Ray Machine,Radiant Suppliers,China
5728,25,280,2024-05-29,Hope Clinic,Kano,CT Scanner,TechHealth Inc.,Canada
5729,30,400,2024-06-03,Sunshine Hospital,Lagos,MRI Machine,MedTech Co.,USA
5730,15,170,2024-06-08,General Hospital,Enugu,Ultrasound,HealthEquip Ltd.,UK
5731,12,300,2024-06-13,State Medical Center,Oyo,CT Scanner,MedTech Co.,USA
5732,6,400,2024-06-18,Healing Hands Hospital,Rivers,MRI Machine,HealthEquip Ltd.,Canada
5733,8,250,2024-06-23,Metro Medical Center,Abuja,X-Ray Machine,TechHealth Inc.,UK
5734,14,150,2024-06-28,Central Clinic,Kaduna,Ultrasound,MedTech Co.,China
5735,25,220,2024-07-03,Community Hospital,Lagos,MRI Machine,MedTech Co.,USA
5736,18,600,2024-07-08,Sunshine Medical,Kano,CT Scanner,HealthEquip Ltd.,UK
5737,10,150,2024-07-13,Hope Hospital,Enugu,Ultrasound,Radiant Suppliers,China
5738,11,300,2024-07-18,City Medical Center,Oyo,X-Ray Machine,HealthEquip Ltd.,UK
5739,25,320,2024-07-23,State Hospital,Lagos,MRI Machine,Radiant Suppliers,China
5740,12,400,2024-07-28,General Hospital,Kaduna,CT Scanner,HealthEquip Ltd.,UK
5741,30,200,2024-08-02,Healing Touch Hospital,Rivers,X-Ray Machine,Radiant Suppliers,China
5742,15,150,2024-08-07,Metro Hospital,Abuja,Ultrasound,TechHealth Inc.,Canada
5743,20,350,2024-08-12,Central Hospital,Enugu,MRI Machine,MedTech Co.,USA
5744,5,450,2024-08-17,Sunshine Hospital,Lagos,CT Scanner,HealthEquip Ltd.,UK
5745,10,250,2024-08-22,Community Hospital,Abuja,Ultrasound,Radiant Suppliers,China
5746,14,150,2024-08-27,Hope Clinic,Kano,MRI Machine,TechHealth Inc.,Canada
5747,20,300,2024-09-01,Healing Hands Hospital,Lagos,Defibrillator,SoloSupplier Inc.,UK
5748,5,750,2024-09-06,City Hospital,Rivers,Ventilator,ExclusiveTech Ltd.,Germany
5749,10,400,2024-09-11,Metro Medical Center,Abuja,Surgical Table,HealthEquip Ltd.,UK
5750,12,200,2024-09-16,State Hospital,Oyo,MRI Machine,MedTech Co.,USA
5751,10,250,2024-01-15,General Hospital,Lagos,MRI Machine,MedTech Co.,USA
5752,5,200,2024-01-20,City Hospital,Abuja,MRI Machine,HealthEquip Ltd.,UK
5753,20,150,2024-01-25,Central Hospital,Rivers,X-Ray Machine,Radiant Suppliers,China
5754,15,300,2024-01-30,Sunshine Hospital,Lagos,CT Scanner,TechHealth Inc.,Canada
5755,8,500,2024-02-04,Community Hospital,Kaduna,Ultrasound,HealthEquip Ltd.,UK
5756,12,180,2024-02-09,Healing Hands Hospital,Enugu,X-Ray Machine,Radiant Suppliers,China
5757,25,220,2024-02-14,Hope Hospital,Kano,MRI Machine,MedTech Co.,USA
5758,30,320,2024-02-19,Unity Hospital,Lagos,CT Scanner,TechHealth Inc.,Canada
5759,10,550,2024-02-24,Metro Hospital,Abuja,Ultrasound,HealthEquip Ltd.,UK
5760,50,130,2024-02-29,State Hospital,Oyo,X-Ray Machine,Radiant Suppliers,China
5761,20,270,2024-03-05,City Medical Center,Lagos,MRI Machine,MedTech Co.,USA
5762,6,300,2024-03-10,General Hospital,Rivers,CT Scanner,TechHealth Inc.,Canada
5763,15,250,2024-03-15,Central Clinic,Ogun,Ultrasound,HealthEquip Ltd.,UK
5764,4,450,2024-03-20,Healing Touch Hospital,Enugu,MRI Machine,Radiant Suppliers,China
5765,25,180,2024-03-25,Sunshine Medical,Lagos,X-Ray Machine,MedTech Co.,USA
5766,18,600,2024-03-30,Hope Clinic,Kano,CT Scanner,HealthEquip Ltd.,UK
5767,14,150,2024-04-04,Metro Medical Center,Abuja,Ultrasound,TechHealth Inc.,Canada
5768,11,200,2024-04-09,State Medical Center,Oyo,MRI Machine,MedTech Co.,USA
5769,30,400,2024-04-14,General Clinic,Lagos,CT Scanner,HealthEquip Ltd.,UK
5770,10,150,2024-04-19,City Hospital,Rivers,Ultrasound,TechHealth Inc.,Canada
5771,12,350,2024-04-24,Hope Hospital,Abuja,MRI Machine,Radiant Suppliers,China
5772,10,450,2024-04-29,Healing Hands Hospital,Enugu,X-Ray Machine,HealthEquip Ltd.,UK
5773,5,600,2024-05-04,Central Hospital,Kaduna,Ultrasound,MedTech Co.,USA
5774,20,120,2024-05-09,State Hospital,Oyo,X-Ray Machine,Radiant Suppliers,China
5775,15,330,2024-05-14,City Medical Center,Lagos,MRI Machine,TechHealth Inc.,Canada
5776,10,450,2024-05-19,Central Hospital,Rivers,Ultrasound,HealthEquip Ltd.,UK
5777,7,200,2024-05-24,Metro Hospital,Abuja,X-Ray Machine,Radiant Suppliers,China
5778,25,280,2024-05-29,Hope Clinic,Kano,CT Scanner,TechHealth Inc.,Canada
5779,30,400,2024-06-03,Sunshine Hospital,Lagos,MRI Machine,MedTech Co.,USA
5780,15,170,2024-06-08,General Hospital,Enugu,Ultrasound,HealthEquip Ltd.,UK
5781,12,300,2024-06-13,State Medical Center,Oyo,CT Scanner,MedTech Co.,USA
5782,6,400,2024-06-18,Healing Hands Hospital,Rivers,MRI Machine,HealthEquip Ltd.,Canada
5783,8,250,2024-06-23,Metro Medical Center,Abuja,X-Ray Machine,TechHealth Inc.,UK
5784,14,150,2024-06-28,Central Clinic,Kaduna,Ultrasound,MedTech Co.,China
5785,25,220,2024-07-03,Community Hospital,Lagos,MRI Machine,MedTech Co.,USA
5786,18,600,2024-07-08,Sunshine Medical,Kano,CT Scanner,HealthEquip Ltd.,UK
5787,10,150,2024-07-13,Hope Hospital,Enugu,Ultrasound,Radiant Suppliers,China
5788,11,300,2024-07-18,City Medical Center,Oyo,X-Ray Machine,HealthEquip Ltd.,UK
5789,25,320,2024-07-23,State Hospital,Lagos,MRI Machine,Radiant Suppliers,China
5790,12,400,2024-07-28,General Hospital,Kaduna,CT Scanner,HealthEquip Ltd.,UK
5791,30,200,2024-08-02,Healing Touch Hospital,Rivers,X-Ray Machine,Radiant Suppliers,China
5792,15,150,2024-08-07,Metro Hospital,Abuja,Ultrasound,TechHealth Inc.,Canada
5793,20,350,2024-08-12,Central Hospital,Enugu,MRI Machine,MedTech Co.,USA
5794,5,450,2024-08-17,Sunshine Hospital,Lagos,CT Scanner,HealthEquip Ltd.,UK
5795,10,250,2024-08-22,Community Hospital,Abuja,Ultrasound,Radiant Suppliers,China
5796,14,150,2024-08-27,Hope Clinic,Kano,MRI Machine,TechHealth Inc.,Canada
5797,20,300,2024-09-01,Healing Hands Hospital,Lagos,Defibrillator,SoloSupplier Inc.,UK
5798,5,750,2024-09-06,City Hospital,Rivers,Ventilator,ExclusiveTech Ltd.,Germany
5799,10,400,2024-09-11,Metro Medical Center,Abuja,Surgical Table,HealthEquip Ltd.,UK
5800,12,200,2024-09-16,State Hospital,Oyo,MRI Machine,MedTech Co.,USA
5801,10,250,2024-01-15,General Hospital,Lagos,MRI Machine,MedTech Co.,USA
5802,5,200,2024-01-20,City Hospital,Abuja,MRI Machine,HealthEquip Ltd.,UK
5803,20,150,2024-01-25,Central Hospital,Rivers,X-Ray Machine,Radiant Suppliers,China
5804,15,300,2024-01-30,Sunshine Hospital,Lagos,CT Scanner,TechHealth Inc.,Canada
5805,8,500,2024-02-04,Community Hospital,Kaduna,Ultrasound,HealthEquip Ltd.,UK
5806,12,180,2024-02-09,Healing Hands Hospital,Enugu,X-Ray Machine,Radiant Suppliers,China
5807,25,220,2024-02-14,Hope Hospital,Kano,MRI Machine,MedTech Co.,USA
5808,30,320,2024-02-19,Unity Hospital,Lagos,CT Scanner,TechHealth Inc.,Canada
5809,10,550,2024-02-24,Metro Hospital,Abuja,Ultrasound,HealthEquip Ltd.,UK
5810,50,130,2024-02-29,State Hospital,Oyo,X-Ray Machine,Radiant Suppliers,China
5811,20,270,2024-03-05,City Medical Center,Lagos,MRI Machine,MedTech Co.,USA
5812,6,300,2024-03-10,General Hospital,Rivers,CT Scanner,TechHealth Inc.,Canada
5813,15,250,2024-03-15,Central Clinic,Ogun,Ultrasound,HealthEquip Ltd.,UK
5814,4,450,2024-03-20,Healing Touch Hospital,Enugu,MRI Machine,Radiant Suppliers,China
5815,25,180,2024-03-25,Sunshine Medical,Lagos,X-Ray Machine,MedTech Co.,USA
5816,18,600,2024-03-30,Hope Clinic,Kano,CT Scanner,HealthEquip Ltd.,UK
5817,14,150,2024-04-04,Metro Medical Center,Abuja,Ultrasound,TechHealth Inc.,Canada
5818,11,200,2024-04-09,State Medical Center,Oyo,MRI Machine,MedTech Co.,USA
5819,30,400,2024-04-14,General Clinic,Lagos,CT Scanner,HealthEquip Ltd.,UK
5820,10,150,2024-04-19,City Hospital,Rivers,Ultrasound,TechHealth Inc.,Canada
5821,12,350,2024-04-24,Hope Hospital,Abuja,MRI Machine,Radiant Suppliers,China
5822,10,450,2024-04-29,Healing Hands Hospital,Enugu,X-Ray Machine,HealthEquip Ltd.,UK
5823,5,600,2024-05-04,Central Hospital,Kaduna,Ultrasound,MedTech Co.,USA
5824,20,120,2024-05-09,State Hospital,Oyo,X-Ray Machine,Radiant Suppliers,China
5825,15,330,2024-05-14,City Medical Center,Lagos,MRI Machine,TechHealth Inc.,Canada
5826,10,450,2024-05-19,Central Hospital,Rivers,Ultrasound,HealthEquip Ltd.,UK
5827,7,200,2024-05-24,Metro Hospital,Abuja,X-Ray Machine,Radiant Suppliers,China
5828,25,280,2024-05-29,Hope Clinic,Kano,CT Scanner,TechHealth Inc.,Canada
5829,30,400,2024-06-03,Sunshine Hospital,Lagos,MRI Machine,MedTech Co.,USA
5830,15,170,2024-06-08,General Hospital,Enugu,Ultrasound,HealthEquip Ltd.,UK
5831,12,300,2024-06-13,State Medical Center,Oyo,CT Scanner,MedTech Co.,USA
5832,6,400,2024-06-18,Healing Hands Hospital,Rivers,MRI Machine,HealthEquip Ltd.,Canada
5833,8,250,2024-06-23,Metro Medical Center,Abuja,X-Ray Machine,TechHealth Inc.,UK
5834,14,150,2024-06-28,Central Clinic,Kaduna,Ultrasound,MedTech Co.,China
5835,25,220,2024-07-03,Community Hospital,Lagos,MRI Machine,MedTech Co.,USA
5836,18,600,2024-07-08,Sunshine Medical,Kano,CT Scanner,HealthEquip Ltd.,UK
5837,10,150,2024-07-13,Hope Hospital,Enugu,Ultrasound,Radiant Suppliers,China
5838,11,300,2024-07-18,City Medical Center,Oyo,X-Ray Machine,HealthEquip Ltd.,UK
5839,25,320,2024-07-23,State Hospital,Lagos,MRI Machine,Radiant Suppliers,China
5840,12,400,2024-07-28,General Hospital,Kaduna,CT Scanner,HealthEquip Ltd.,UK
5841,30,200,2024-08-02,Healing Touch Hospital,Rivers,X-Ray Machine,Radiant Suppliers,China
5842,15,150,2024-08-07,Metro Hospital,Abuja,Ultrasound,TechHealth Inc.,Canada
5843,20,350,2024-08-12,Central Hospital,Enugu,MRI Machine,MedTech Co.,USA
5844,5,450,2024-08-17,Sunshine Hospital,Lagos,CT Scanner,HealthEquip Ltd.,UK
5845,10,250,2024-08-22,Community Hospital,Abuja,Ultrasound,Radiant Suppliers,China
5846,14,150,2024-08-27,Hope Clinic,Kano,MRI Machine,TechHealth Inc.,Canada
5847,20,300,2024-09-01,Healing Hands Hospital,Lagos,Defibrillator,SoloSupplier Inc.,UK
5848,5,750,2024-09-06,City Hospital,Rivers,Ventilator,ExclusiveTech Ltd.,Germany
5849,10,400,2024-09-11,Metro Medical Center,Abuja,Surgical Table,HealthEquip Ltd.,UK
5850,12,200,2024-09-16,State Hospital,Oyo,MRI Machine,MedTech Co.,USA
5851,10,250,2024-01-15,General Hospital,Lagos,MRI Machine,MedTech Co.,USA
5852,5,200,2024-01-20,City Hospital,Abuja,MRI Machine,HealthEquip Ltd.,UK
5853,20,150,2024-01-25,Central Hospital,Rivers,X-Ray Machine,Radiant Suppliers,China
5854,15,300,2024-01-30,Sunshine Hospital,Lagos,CT Scanner,TechHealth Inc.,Canada
5855,8,500,2024-02-04,Community Hospital,Kaduna,Ultrasound,HealthEquip Ltd.,UK
5856,12,180,2024-02-09,Healing Hands Hospital,Enugu,X-Ray Machine,Radiant Suppliers,China
5857,25,220,2024-02-14,Hope Hospital,Kano,MRI Machine,MedTech Co.,USA
5858,30,320,2024-02-19,Unity Hospital,Lagos,CT Scanner,TechHealth Inc.,Canada
5859,10,550,2024-02-24,Metro Hospital,Abuja,Ultrasound,HealthEquip Ltd.,UK
5860,50,130,2024-02-29,State Hospital,Oyo,X-Ray Machine,Radiant Suppliers,China
5861,20,270,2024-03-05,City Medical Center,Lagos,MRI Machine,MedTech Co.,USA
5862,6,300,2024-03-10,General Hospital,Rivers,CT Scanner,TechHealth Inc.,Canada
5863,15,250,2024-03-15,Central Clinic,Ogun,Ultrasound,HealthEquip Ltd.,UK
5864,4,450,2024-03-20,Healing Touch Hospital,Enugu,MRI Machine,Radiant Suppliers,China
5865,25,180,2024-03-25,Sunshine Medical,Lagos,X-Ray Machine,MedTech Co.,USA
5866,18,600,2024-03-30,Hope Clinic,Kano,CT Scanner,HealthEquip Ltd.,UK
5867,14,150,2024-04-04,Metro Medical Center,Abuja,Ultrasound,TechHealth Inc.,Canada
5868,11,200,2024-04-09,State Medical Center,Oyo,MRI Machine,MedTech Co.,USA
5869,30,400,2024-04-14,General Clinic,Lagos,CT Scanner,HealthEquip Ltd.,UK
5870,10,150,2024-04-19,City Hospital,Rivers,Ultrasound,TechHealth Inc.,Canada
5871,12,350,2024-04-24,Hope Hospital,Abuja,MRI Machine,Radiant Suppliers,China
5872,10,450,2024-04-29,Healing Hands Hospital,Enugu,X-Ray Machine,HealthEquip Ltd.,UK
5873,5,600,2024-05-04,Central Hospital,Kaduna,Ultrasound,MedTech Co.,USA
5874,20,120,2024-05-09,State Hospital,Oyo,X-Ray Machine,Radiant Suppliers,China
5875,15,330,2024-05-14,City Medical Center,Lagos,MRI Machine,TechHealth Inc.,Canada
5876,10,450,2024-05-19,Central Hospital,Rivers,Ultrasound,HealthEquip Ltd.,UK
5877,7,200,2024-05-24,Metro Hospital,Abuja,X-Ray Machine,Radiant Suppliers,China
5878,25,280,2024-05-29,Hope Clinic,Kano,CT Scanner,TechHealth Inc.,Canada
5879,30,400,2024-06-03,Sunshine Hospital,Lagos,MRI Machine,MedTech Co.,USA
5880,15,170,2024-06-08,General Hospital,Enugu,Ultrasound,HealthEquip Ltd.,UK
5881,12,300,2024-06-13,State Medical Center,Oyo,CT Scanner,MedTech Co.,USA
5882,6,400,2024-06-18,Healing Hands Hospital,Rivers,MRI Machine,HealthEquip Ltd.,Canada
5883,8,250,2024-06-23,Metro Medical Center,Abuja,X-Ray Machine,TechHealth Inc.,UK
5884,14,150,2024-06-28,Central Clinic,Kaduna,Ultrasound,MedTech Co.,China
5885,25,220,2024-07-03,Community Hospital,Lagos,MRI Machine,MedTech Co.,USA
5886,18,600,2024-07-08,Sunshine Medical,Kano,CT Scanner,HealthEquip Ltd.,UK
5887,10,150,2024-07-13,Hope Hospital,Enugu,Ultrasound,Radiant Suppliers,China
5888,11,300,2024-07-18,City Medical Center,Oyo,X-Ray Machine,HealthEquip Ltd.,UK
5889,25,320,2024-07-23,State Hospital,Lagos,MRI Machine,Radiant Suppliers,China
5890,12,400,2024-07-28,General Hospital,Kaduna,CT Scanner,HealthEquip Ltd.,UK
5891,30,200,2024-08-02,Healing Touch Hospital,Rivers,X-Ray Machine,Radiant Suppliers,China
5892,15,150,2024-08-07,Metro Hospital,Abuja,Ultrasound,TechHealth Inc.,Canada
5893,20,350,2024-08-12,Central Hospital,Enugu,MRI Machine,MedTech Co.,USA
5894,5,450,2024-08-17,Sunshine Hospital,Lagos,CT Scanner,HealthEquip Ltd.,UK
5895,10,250,2024-08-22,Community Hospital,Abuja,Ultrasound,Radiant Suppliers,China
5896,14,150,2024-08-27,Hope Clinic,Kano,MRI Machine,TechHealth Inc.,Canada
5897,20,300,2024-09-01,Healing Hands Hospital,Lagos,Defibrillator,SoloSupplier Inc.,UK
5898,5,750,2024-09-06,City Hospital,Rivers,Ventilator,ExclusiveTech Ltd.,Germany
5899,10,400,2024-09-11,Metro Medical Center,Abuja,Surgical Table,HealthEquip Ltd.,UK
5900,12,200,2024-09-16,State Hospital,Oyo,MRI Machine,MedTech Co.,USA
5901,10,250,2024-01-15,General Hospital,Lagos,MRI Machine,MedTech Co.,USA
5902,5,200,2024-01-20,City Hospital,Abuja,MRI Machine,HealthEquip Ltd.,UK
5903,20,150,2024-01-25,Central Hospital,Rivers,X-Ray Machine,Radiant Suppliers,China
5904,15,300,2024-01-30,Sunshine Hospital,Lagos,CT Scanner,TechHealth Inc.,Canada
5905,8,500,2024-02-04,Community Hospital,Kaduna,Ultrasound,HealthEquip Ltd.,UK
5906,12,180,2024-02-09,Healing Hands Hospital,Enugu,X-Ray Machine,Radiant Suppliers,China
5907,25,220,2024-02-14,Hope Hospital,Kano,MRI Machine,MedTech Co.,USA
5908,30,320,2024-02-19,Unity Hospital,Lagos,CT Scanner,TechHealth Inc.,Canada
5909,10,550,2024-02-24,Metro Hospital,Abuja,Ultrasound,HealthEquip Ltd.,UK
5910,50,130,2024-02-29,State Hospital,Oyo,X-Ray Machine,Radiant Suppliers,China
5911,20,270,2024-03-05,City Medical Center,Lagos,MRI Machine,MedTech Co.,USA
5912,6,300,2024-03-10,General Hospital,Rivers,CT Scanner,TechHealth Inc.,Canada
5913,15,250,2024-03-15,Central Clinic,Ogun,Ultrasound,HealthEquip Ltd.,UK
5914,4,450,2024-03-20,Healing Touch Hospital,Enugu,MRI Machine,Radiant Suppliers,China
5915,25,180,2024-03-25,Sunshine Medical,Lagos,X-Ray Machine,MedTech Co.,USA
5916,18,600,2024-03-30,Hope Clinic,Kano,CT Scanner,HealthEquip Ltd.,UK
5917,14,150,2024-04-04,Metro Medical Center,Abuja,Ultrasound,TechHealth Inc.,Canada
5918,11,200,2024-04-09,State Medical Center,Oyo,MRI Machine,MedTech Co.,USA
5919,30,400,2024-04-14,General Clinic,Lagos,CT Scanner,HealthEquip Ltd.,UK
5920,10,150,2024-04-19,City Hospital,Rivers,Ultrasound,TechHealth Inc.,Canada
5921,12,350,2024-04-24,Hope Hospital,Abuja,MRI Machine,Radiant Suppliers,China
5922,10,450,2024-04-29,Healing Hands Hospital,Enugu,X-Ray Machine,HealthEquip Ltd.,UK
5923,5,600,2024-05-04,Central Hospital,Kaduna,Ultrasound,MedTech Co.,USA
5924,20,120,2024-05-09,State Hospital,Oyo,X-Ray Machine,Radiant Suppliers,China
5925,15,330,2024-05-14,City Medical Center,Lagos,MRI Machine,TechHealth Inc.,Canada
5926,10,450,2024-05-19,Central Hospital,Rivers,Ultrasound,HealthEquip Ltd.,UK
5927,7,200,2024-05-24,Metro Hospital,Abuja,X-Ray Machine,Radiant Suppliers,China
5928,25,280,2024-05-29,Hope Clinic,Kano,CT Scanner,TechHealth Inc.,Canada
5929,30,400,2024-06-03,Sunshine Hospital,Lagos,MRI Machine,MedTech Co.,USA
5930,15,170,2024-06-08,General Hospital,Enugu,Ultrasound,HealthEquip Ltd.,UK
5931,12,300,2024-06-13,State Medical Center,Oyo,CT Scanner,MedTech Co.,USA
5932,6,400,2024-06-18,Healing Hands Hospital,Rivers,MRI Machine,HealthEquip Ltd.,Canada
5933,8,250,2024-06-23,Metro Medical Center,Abuja,X-Ray Machine,TechHealth Inc.,UK
5934,14,150,2024-06-28,Central Clinic,Kaduna,Ultrasound,MedTech Co.,China
5935,25,220,2024-07-03,Community Hospital,Lagos,MRI Machine,MedTech Co.,USA
5936,18,600,2024-07-08,Sunshine Medical,Kano,CT Scanner,HealthEquip Ltd.,UK
5937,10,150,2024-07-13,Hope Hospital,Enugu,Ultrasound,Radiant Suppliers,China
5938,11,300,2024-07-18,City Medical Center,Oyo,X-Ray Machine,HealthEquip Ltd.,UK
5939,25,320,2024-07-23,State Hospital,Lagos,MRI Machine,Radiant Suppliers,China
5940,12,400,2024-07-28,General Hospital,Kaduna,CT Scanner,HealthEquip Ltd.,UK
5941,30,200,2024-08-02,Healing Touch Hospital,Rivers,X-Ray Machine,Radiant Suppliers,China
5942,15,150,2024-08-07,Metro Hospital,Abuja,Ultrasound,TechHealth Inc.,Canada
5943,20,350,2024-08-12,Central Hospital,Enugu,MRI Machine,MedTech Co.,USA
5944,5,450,2024-08-17,Sunshine Hospital,Lagos,CT Scanner,HealthEquip Ltd.,UK
5945,10,250,2024-08-22,Community Hospital,Abuja,Ultrasound,Radiant Suppliers,China
5946,14,150,2024-08-27,Hope Clinic,Kano,MRI Machine,TechHealth Inc.,Canada
5947,20,300,2024-09-01,Healing Hands Hospital,Lagos,Defibrillator,SoloSupplier Inc.,UK
5948,5,750,2024-09-06,City Hospital,Rivers,Ventilator,ExclusiveTech Ltd.,Germany
5949,10,400,2024-09-11,Metro Medical Center,Abuja,Surgical Table,HealthEquip Ltd.,UK
5950,12,200,2024-09-16,State Hospital,Oyo,MRI Machine,MedTech Co.,USA
5951,10,250,2024-01-15,General Hospital,Lagos,MRI Machine,MedTech Co.,USA
5952,5,200,2024-01-20,City Hospital,Abuja,MRI Machine,HealthEquip Ltd.,UK
5953,20,150,2024-01-25,Central Hospital,Rivers,X-Ray Machine,Radiant Suppliers,China
5954,15,300,2024-01-30,Sunshine Hospital,Lagos,CT Scanner,TechHealth Inc.,Canada
5955,8,500,2024-02-04,Community Hospital,Kaduna,Ultrasound,HealthEquip Ltd.,UK
5956,12,180,2024-02-09,Healing Hands Hospital,Enugu,X-Ray Machine,Radiant Suppliers,China
5957,25,220,2024-02-14,Hope Hospital,Kano,MRI Machine,MedTech Co.,USA
5958,30,320,2024-02-19,Unity Hospital,Lagos,CT Scanner,TechHealth Inc.,Canada
5959,10,550,2024-02-24,Metro Hospital,Abuja,Ultrasound,HealthEquip Ltd.,UK
5960,50,130,2024-02-29,State Hospital,Oyo,X-Ray Machine,Radiant Suppliers,China
5961,20,270,2024-03-05,City Medical Center,Lagos,MRI Machine,MedTech Co.,USA
5962,6,300,2024-03-10,General Hospital,Rivers,CT Scanner,TechHealth Inc.,Canada
5963,15,250,2024-03-15,Central Clinic,Ogun,Ultrasound,HealthEquip Ltd.,UK
5964,4,450,2024-03-20,Healing Touch Hospital,Enugu,MRI Machine,Radiant Suppliers,China
5965,25,180,2024-03-25,Sunshine Medical,Lagos,X-Ray Machine,MedTech Co.,USA
5966,18,600,2024-03-30,Hope Clinic,Kano,CT Scanner,HealthEquip Ltd.,UK
5967,14,150,2024-04-04,Metro Medical Center,Abuja,Ultrasound,TechHealth Inc.,Canada
5968,11,200,2024-04-09,State Medical Center,Oyo,MRI Machine,MedTech Co.,USA
5969,30,400,2024-04-14,General Clinic,Lagos,CT Scanner,HealthEquip Ltd.,UK
5970,10,150,2024-04-19,City Hospital,Rivers,Ultrasound,TechHealth Inc.,Canada
5971,12,350,2024-04-24,Hope Hospital,Abuja,MRI Machine,Radiant Suppliers,China
5972,10,450,2024-04-29,Healing Hands Hospital,Enugu,X-Ray Machine,HealthEquip Ltd.,UK
5973,5,600,2024-05-04,Central Hospital,Kaduna,Ultrasound,MedTech Co.,USA
5974,20,120,2024-05-09,State Hospital,Oyo,X-Ray Machine,Radiant Suppliers,China
5975,15,330,2024-05-14,City Medical Center,Lagos,MRI Machine,TechHealth Inc.,Canada
5976,10,450,2024-05-19,Central Hospital,Rivers,Ultrasound,HealthEquip Ltd.,UK
5977,7,200,2024-05-24,Metro Hospital,Abuja,X-Ray Machine,Radiant Suppliers,China
5978,25,280,2024-05-29,Hope Clinic,Kano,CT Scanner,TechHealth Inc.,Canada
5979,30,400,2024-06-03,Sunshine Hospital,Lagos,MRI Machine,MedTech Co.,USA
5980,15,170,2024-06-08,General Hospital,Enugu,Ultrasound,HealthEquip Ltd.,UK
5981,12,300,2024-06-13,State Medical Center,Oyo,CT Scanner,MedTech Co.,USA
5982,6,400,2024-06-18,Healing Hands Hospital,Rivers,MRI Machine,HealthEquip Ltd.,Canada
5983,8,250,2024-06-23,Metro Medical Center,Abuja,X-Ray Machine,TechHealth Inc.,UK
5984,14,150,2024-06-28,Central Clinic,Kaduna,Ultrasound,MedTech Co.,China
5985,25,220,2024-07-03,Community Hospital,Lagos,MRI Machine,MedTech Co.,USA
5986,18,600,2024-07-08,Sunshine Medical,Kano,CT Scanner,HealthEquip Ltd.,UK
5987,10,150,2024-07-13,Hope Hospital,Enugu,Ultrasound,Radiant Suppliers,China
5988,11,300,2024-07-18,City Medical Center,Oyo,X-Ray Machine,HealthEquip Ltd.,UK
5989,25,320,2024-07-23,State Hospital,Lagos,MRI Machine,Radiant Suppliers,China
5990,12,400,2024-07-28,General Hospital,Kaduna,CT Scanner,HealthEquip Ltd.,UK
5991,30,200,2024-08-02,Healing Touch Hospital,Rivers,X-Ray Machine,Radiant Suppliers,China
5992,15,150,2024-08-07,Metro Hospital,Abuja,Ultrasound,TechHealth Inc.,Canada
5993,20,350,2024-08-12,Central Hospital,Enugu,MRI Machine,MedTech Co.,USA
5994,5,450,2024-08-17,Sunshine Hospital,Lagos,CT Scanner,HealthEquip Ltd.,UK
5995,10,250,2024-08-22,Community Hospital,Abuja,Ultrasound,Radiant Suppliers,China
5996,14,150,2024-08-27,Hope Clinic,Kano,MRI Machine,TechHealth Inc.,Canada
5997,20,300,2024-09-01,Healing Hands Hospital,Lagos,Defibrillator,SoloSupplier Inc.,UK
5998,5,750,2024-09-06,City Hospital,Rivers,Ventilator,ExclusiveTech Ltd.,Germany
5999,10,400,2024-09-11,Metro Medical Center,Abuja,Surgical Table,HealthEquip Ltd.,UK
6000,12,200,2024-09-16,State Hospital,Oyo,MRI Machine,MedTech Co.,USA
6001,10,250,2024-01-15,General Hospital,Lagos,MRI Machine,MedTech Co.,USA
6002,5,200,2024-01-20,City Hospital,Abuja,MRI Machine,HealthEquip Ltd.,UK
6003,20,150,2024-01-25,Central Hospital,Rivers,X-Ray Machine,Radiant Suppliers,China
6004,15,300,2024-01-30,Sunshine Hospital,Lagos,CT Scanner,TechHealth Inc.,Canada
6005,8,500,2024-02-04,Community Hospital,Kaduna,Ultrasound,HealthEquip Ltd.,UK
6006,12,180,2024-02-09,Healing Hands Hospital,Enugu,X-Ray Machine,Radiant Suppliers,China
6007,25,220,2024-02-14,Hope Hospital,Kano,MRI Machine,MedTech Co.,USA
6008,30,320,2024-02-19,Unity Hospital,Lagos,CT Scanner,TechHealth Inc.,Canada
6009,10,550,2024-02-24,Metro Hospital,Abuja,Ultrasound,HealthEquip Ltd.,UK
6010,50,130,2024-02-29,State Hospital,Oyo,X-Ray Machine,Radiant Suppliers,China
6011,20,270,2024-03-05,City Medical Center,Lagos,MRI Machine,MedTech Co.,USA
6012,6,300,2024-03-10,General Hospital,Rivers,CT Scanner,TechHealth Inc.,Canada
6013,15,250,2024-03-15,Central Clinic,Ogun,Ultrasound,HealthEquip Ltd.,UK
6014,4,450,2024-03-20,Healing Touch Hospital,Enugu,MRI Machine,Radiant Suppliers,China
6015,25,180,2024-03-25,Sunshine Medical,Lagos,X-Ray Machine,MedTech Co.,USA
6016,18,600,2024-03-30,Hope Clinic,Kano,CT Scanner,HealthEquip Ltd.,UK
6017,14,150,2024-04-04,Metro Medical Center,Abuja,Ultrasound,TechHealth Inc.,Canada
6018,11,200,2024-04-09,State Medical Center,Oyo,MRI Machine,MedTech Co.,USA
6019,30,400,2024-04-14,General Clinic,Lagos,CT Scanner,HealthEquip Ltd.,UK
6020,10,150,2024-04-19,City Hospital,Rivers,Ultrasound,TechHealth Inc.,Canada
6021,12,350,2024-04-24,Hope Hospital,Abuja,MRI Machine,Radiant Suppliers,China
6022,10,450,2024-04-29,Healing Hands Hospital,Enugu,X-Ray Machine,HealthEquip Ltd.,UK
6023,5,600,2024-05-04,Central Hospital,Kaduna,Ultrasound,MedTech Co.,USA
6024,20,120,2024-05-09,State Hospital,Oyo,X-Ray Machine,Radiant Suppliers,China
6025,15,330,2024-05-14,City Medical Center,Lagos,MRI Machine,TechHealth Inc.,Canada
6026,10,450,2024-05-19,Central Hospital,Rivers,Ultrasound,HealthEquip Ltd.,UK
6027,7,200,2024-05-24,Metro Hospital,Abuja,X-Ray Machine,Radiant Suppliers,China
6028,25,280,2024-05-29,Hope Clinic,Kano,CT Scanner,TechHealth Inc.,Canada
6029,30,400,2024-06-03,Sunshine Hospital,Lagos,MRI Machine,MedTech Co.,USA
6030,15,170,2024-06-08,General Hospital,Enugu,Ultrasound,HealthEquip Ltd.,UK
6031,12,300,2024-06-13,State Medical Center,Oyo,CT Scanner,MedTech Co.,USA
6032,6,400,2024-06-18,Healing Hands Hospital,Rivers,MRI Machine,HealthEquip Ltd.,Canada
6033,8,250,2024-06-23,Metro Medical Center,Abuja,X-Ray Machine,TechHealth Inc.,UK
6034,14,150,2024-06-28,Central Clinic,Kaduna,Ultrasound,MedTech Co.,China
6035,25,220,2024-07-03,Community Hospital,Lagos,MRI Machine,MedTech Co.,USA
6036,18,600,2024-07-08,Sunshine Medical,Kano,CT Scanner,HealthEquip Ltd.,UK
6037,10,150,2024-07-13,Hope Hospital,Enugu,Ultrasound,Radiant Suppliers,China
6038,11,300,2024-07-18,City Medical Center,Oyo,X-Ray Machine,HealthEquip Ltd.,UK
6039,25,320,2024-07-23,State Hospital,Lagos,MRI Machine,Radiant Suppliers,China
6040,12,400,2024-07-28,General Hospital,Kaduna,CT Scanner,HealthEquip Ltd.,UK
6041,30,200,2024-08-02,Healing Touch Hospital,Rivers,X-Ray Machine,Radiant Suppliers,China
6042,15,150,2024-08-07,Metro Hospital,Abuja,Ultrasound,TechHealth Inc.,Canada
6043,20,350,2024-08-12,Central Hospital,Enugu,MRI Machine,MedTech Co.,USA
6044,5,450,2024-08-17,Sunshine Hospital,Lagos,CT Scanner,HealthEquip Ltd.,UK
6045,10,250,2024-08-22,Community Hospital,Abuja,Ultrasound,Radiant Suppliers,China
6046,14,150,2024-08-27,Hope Clinic,Kano,MRI Machine,TechHealth Inc.,Canada
6047,20,300,2024-09-01,Healing Hands Hospital,Lagos,Defibrillator,SoloSupplier Inc.,UK
6048,5,750,2024-09-06,City Hospital,Rivers,Ventilator,ExclusiveTech Ltd.,Germany
6049,10,400,2024-09-11,Metro Medical Center,Abuja,Surgical Table,HealthEquip Ltd.,UK
6050,12,200,2024-09-16,State Hospital,Oyo,MRI Machine,MedTech Co.,USA
6051,10,250,2024-01-15,General Hospital,Lagos,MRI Machine,MedTech Co.,USA
6052,5,200,2024-01-20,City Hospital,Abuja,MRI Machine,HealthEquip Ltd.,UK
6053,20,150,2024-01-25,Central Hospital,Rivers,X-Ray Machine,Radiant Suppliers,China
6054,15,300,2024-01-30,Sunshine Hospital,Lagos,CT Scanner,TechHealth Inc.,Canada
6055,8,500,2024-02-04,Community Hospital,Kaduna,Ultrasound,HealthEquip Ltd.,UK
6056,12,180,2024-02-09,Healing Hands Hospital,Enugu,X-Ray Machine,Radiant Suppliers,China
6057,25,220,2024-02-14,Hope Hospital,Kano,MRI Machine,MedTech Co.,USA
6058,30,320,2024-02-19,Unity Hospital,Lagos,CT Scanner,TechHealth Inc.,Canada
6059,10,550,2024-02-24,Metro Hospital,Abuja,Ultrasound,HealthEquip Ltd.,UK
6060,50,130,2024-02-29,State Hospital,Oyo,X-Ray Machine,Radiant Suppliers,China
6061,20,270,2024-03-05,City Medical Center,Lagos,MRI Machine,MedTech Co.,USA
6062,6,300,2024-03-10,General Hospital,Rivers,CT Scanner,TechHealth Inc.,Canada
6063,15,250,2024-03-15,Central Clinic,Ogun,Ultrasound,HealthEquip Ltd.,UK
6064,4,450,2024-03-20,Healing Touch Hospital,Enugu,MRI Machine,Radiant Suppliers,China
6065,25,180,2024-03-25,Sunshine Medical,Lagos,X-Ray Machine,MedTech Co.,USA
6066,18,600,2024-03-30,Hope Clinic,Kano,CT Scanner,HealthEquip Ltd.,UK
6067,14,150,2024-04-04,Metro Medical Center,Abuja,Ultrasound,TechHealth Inc.,Canada
6068,11,200,2024-04-09,State Medical Center,Oyo,MRI Machine,MedTech Co.,USA
6069,30,400,2024-04-14,General Clinic,Lagos,CT Scanner,HealthEquip Ltd.,UK
6070,10,150,2024-04-19,City Hospital,Rivers,Ultrasound,TechHealth Inc.,Canada
6071,12,350,2024-04-24,Hope Hospital,Abuja,MRI Machine,Radiant Suppliers,China
6072,10,450,2024-04-29,Healing Hands Hospital,Enugu,X-Ray Machine,HealthEquip Ltd.,UK
6073,5,600,2024-05-04,Central Hospital,Kaduna,Ultrasound,MedTech Co.,USA
6074,20,120,2024-05-09,State Hospital,Oyo,X-Ray Machine,Radiant Suppliers,China
6075,15,330,2024-05-14,City Medical Center,Lagos,MRI Machine,TechHealth Inc.,Canada
6076,10,450,2024-05-19,Central Hospital,Rivers,Ultrasound,HealthEquip Ltd.,UK
6077,7,200,2024-05-24,Metro Hospital,Abuja,X-Ray Machine,Radiant Suppliers,China
6078,25,280,2024-05-29,Hope Clinic,Kano,CT Scanner,TechHealth Inc.,Canada
6079,30,400,2024-06-03,Sunshine Hospital,Lagos,MRI Machine,MedTech Co.,USA
6080,15,170,2024-06-08,General Hospital,Enugu,Ultrasound,HealthEquip Ltd.,UK
6081,12,300,2024-06-13,State Medical Center,Oyo,CT Scanner,MedTech Co.,USA
6082,6,400,2024-06-18,Healing Hands Hospital,Rivers,MRI Machine,HealthEquip Ltd.,Canada
6083,8,250,2024-06-23,Metro Medical Center,Abuja,X-Ray Machine,TechHealth Inc.,UK
6084,14,150,2024-06-28,Central Clinic,Kaduna,Ultrasound,MedTech Co.,China
6085,25,220,2024-07-03,Community Hospital,Lagos,MRI Machine,MedTech Co.,USA
6086,18,600,2024-07-08,Sunshine Medical,Kano,CT Scanner,HealthEquip Ltd.,UK
6087,10,150,2024-07-13,Hope Hospital,Enugu,Ultrasound,Radiant Suppliers,China
6088,11,300,2024-07-18,City Medical Center,Oyo,X-Ray Machine,HealthEquip Ltd.,UK
6089,25,320,2024-07-23,State Hospital,Lagos,MRI Machine,Radiant Suppliers,China
6090,12,400,2024-07-28,General Hospital,Kaduna,CT Scanner,HealthEquip Ltd.,UK
6091,30,200,2024-08-02,Healing Touch Hospital,Rivers,X-Ray Machine,Radiant Suppliers,China
6092,15,150,2024-08-07,Metro Hospital,Abuja,Ultrasound,TechHealth Inc.,Canada
6093,20,350,2024-08-12,Central Hospital,Enugu,MRI Machine,MedTech Co.,USA
6094,5,450,2024-08-17,Sunshine Hospital,Lagos,CT Scanner,HealthEquip Ltd.,UK
6095,10,250,2024-08-22,Community Hospital,Abuja,Ultrasound,Radiant Suppliers,China
6096,14,150,2024-08-27,Hope Clinic,Kano,MRI Machine,TechHealth Inc.,Canada
6097,20,300,2024-09-01,Healing Hands Hospital,Lagos,Defibrillator,SoloSupplier Inc.,UK
6098,5,750,2024-09-06,City Hospital,Rivers,Ventilator,ExclusiveTech Ltd.,Germany
6099,10,400,2024-09-11,Metro Medical Center,Abuja,Surgical Table,HealthEquip Ltd.,UK
6100,12,200,2024-09-16,State Hospital,Oyo,MRI Machine,MedTech Co.,USA
6101,10,250,2024-01-15,General Hospital,Lagos,MRI Machine,MedTech Co.,USA
6102,5,200,2024-01-20,City Hospital,Abuja,MRI Machine,HealthEquip Ltd.,UK
6103,20,150,2024-01-25,Central Hospital,Rivers,X-Ray Machine,Radiant Suppliers,China
6104,15,300,2024-01-30,Sunshine Hospital,Lagos,CT Scanner,TechHealth Inc.,Canada
6105,8,500,2024-02-04,Community Hospital,Kaduna,Ultrasound,HealthEquip Ltd.,UK
6106,12,180,2024-02-09,Healing Hands Hospital,Enugu,X-Ray Machine,Radiant Suppliers,China
6107,25,220,2024-02-14,Hope Hospital,Kano,MRI Machine,MedTech Co.,USA
6108,30,320,2024-02-19,Unity Hospital,Lagos,CT Scanner,TechHealth Inc.,Canada
6109,10,550,2024-02-24,Metro Hospital,Abuja,Ultrasound,HealthEquip Ltd.,UK
6110,50,130,2024-02-29,State Hospital,Oyo,X-Ray Machine,Radiant Suppliers,China
6111,20,270,2024-03-05,City Medical Center,Lagos,MRI Machine,MedTech Co.,USA
6112,6,300,2024-03-10,General Hospital,Rivers,CT Scanner,TechHealth Inc.,Canada
6113,15,250,2024-03-15,Central Clinic,Ogun,Ultrasound,HealthEquip Ltd.,UK
6114,4,450,2024-03-20,Healing Touch Hospital,Enugu,MRI Machine,Radiant Suppliers,China
6115,25,180,2024-03-25,Sunshine Medical,Lagos,X-Ray Machine,MedTech Co.,USA
6116,18,600,2024-03-30,Hope Clinic,Kano,CT Scanner,HealthEquip Ltd.,UK
6117,14,150,2024-04-04,Metro Medical Center,Abuja,Ultrasound,TechHealth Inc.,Canada
6118,11,200,2024-04-09,State Medical Center,Oyo,MRI Machine,MedTech Co.,USA
6119,30,400,2024-04-14,General Clinic,Lagos,CT Scanner,HealthEquip Ltd.,UK
6120,10,150,2024-04-19,City Hospital,Rivers,Ultrasound,TechHealth Inc.,Canada
6121,12,350,2024-04-24,Hope Hospital,Abuja,MRI Machine,Radiant Suppliers,China
6122,10,450,2024-04-29,Healing Hands Hospital,Enugu,X-Ray Machine,HealthEquip Ltd.,UK
6123,5,600,2024-05-04,Central Hospital,Kaduna,Ultrasound,MedTech Co.,USA
6124,20,120,2024-05-09,State Hospital,Oyo,X-Ray Machine,Radiant Suppliers,China
6125,15,330,2024-05-14,City Medical Center,Lagos,MRI Machine,TechHealth Inc.,Canada
6126,10,450,2024-05-19,Central Hospital,Rivers,Ultrasound,HealthEquip Ltd.,UK
6127,7,200,2024-05-24,Metro Hospital,Abuja,X-Ray Machine,Radiant Suppliers,China
6128,25,280,2024-05-29,Hope Clinic,Kano,CT Scanner,TechHealth Inc.,Canada
6129,30,400,2024-06-03,Sunshine Hospital,Lagos,MRI Machine,MedTech Co.,USA
6130,15,170,2024-06-08,General Hospital,Enugu,Ultrasound,HealthEquip Ltd.,UK
6131,12,300,2024-06-13,State Medical Center,Oyo,CT Scanner,MedTech Co.,USA
6132,6,400,2024-06-18,Healing Hands Hospital,Rivers,MRI Machine,HealthEquip Ltd.,Canada
6133,8,250,2024-06-23,Metro Medical Center,Abuja,X-Ray Machine,TechHealth Inc.,UK
6134,14,150,2024-06-28,Central Clinic,Kaduna,Ultrasound,MedTech Co.,China
6135,25,220,2024-07-03,Community Hospital,Lagos,MRI Machine,MedTech Co.,USA
6136,18,600,2024-07-08,Sunshine Medical,Kano,CT Scanner,HealthEquip Ltd.,UK
6137,10,150,2024-07-13,Hope Hospital,Enugu,Ultrasound,Radiant Suppliers,China
6138,11,300,2024-07-18,City Medical Center,Oyo,X-Ray Machine,HealthEquip Ltd.,UK
6139,25,320,2024-07-23,State Hospital,Lagos,MRI Machine,Radiant Suppliers,China
6140,12,400,2024-07-28,General Hospital,Kaduna,CT Scanner,HealthEquip Ltd.,UK
6141,30,200,2024-08-02,Healing Touch Hospital,Rivers,X-Ray Machine,Radiant Suppliers,China
6142,15,150,2024-08-07,Metro Hospital,Abuja,Ultrasound,TechHealth Inc.,Canada
6143,20,350,2024-08-12,Central Hospital,Enugu,MRI Machine,MedTech Co.,USA
6144,5,450,2024-08-17,Sunshine Hospital,Lagos,CT Scanner,HealthEquip Ltd.,UK
6145,10,250,2024-08-22,Community Hospital,Abuja,Ultrasound,Radiant Suppliers,China
6146,14,150,2024-08-27,Hope Clinic,Kano,MRI Machine,TechHealth Inc.,Canada
6147,20,300,2024-09-01,Healing Hands Hospital,Lagos,Defibrillator,SoloSupplier Inc.,UK
6148,5,750,2024-09-06,City Hospital,Rivers,Ventilator,ExclusiveTech Ltd.,Germany
6149,10,400,2024-09-11,Metro Medical Center,Abuja,Surgical Table,HealthEquip Ltd.,UK
6150,12,200,2024-09-16,State Hospital,Oyo,MRI Machine,MedTech Co.,USA
6151,10,250,2024-01-15,General Hospital,Lagos,MRI Machine,MedTech Co.,USA
6152,5,200,2024-01-20,City Hospital,Abuja,MRI Machine,HealthEquip Ltd.,UK
6153,20,150,2024-01-25,Central Hospital,Rivers,X-Ray Machine,Radiant Suppliers,China
6154,15,300,2024-01-30,Sunshine Hospital,Lagos,CT Scanner,TechHealth Inc.,Canada
6155,8,500,2024-02-04,Community Hospital,Kaduna,Ultrasound,HealthEquip Ltd.,UK
6156,12,180,2024-02-09,Healing Hands Hospital,Enugu,X-Ray Machine,Radiant Suppliers,China
6157,25,220,2024-02-14,Hope Hospital,Kano,MRI Machine,MedTech Co.,USA
6158,30,320,2024-02-19,Unity Hospital,Lagos,CT Scanner,TechHealth Inc.,Canada
6159,10,550,2024-02-24,Metro Hospital,Abuja,Ultrasound,HealthEquip Ltd.,UK
6160,50,130,2024-02-29,State Hospital,Oyo,X-Ray Machine,Radiant Suppliers,China
6161,20,270,2024-03-05,City Medical Center,Lagos,MRI Machine,MedTech Co.,USA
6162,6,300,2024-03-10,General Hospital,Rivers,CT Scanner,TechHealth Inc.,Canada
6163,15,250,2024-03-15,Central Clinic,Ogun,Ultrasound,HealthEquip Ltd.,UK
6164,4,450,2024-03-20,Healing Touch Hospital,Enugu,MRI Machine,Radiant Suppliers,China
6165,25,180,2024-03-25,Sunshine Medical,Lagos,X-Ray Machine,MedTech Co.,USA
6166,18,600,2024-03-30,Hope Clinic,Kano,CT Scanner,HealthEquip Ltd.,UK
6167,14,150,2024-04-04,Metro Medical Center,Abuja,Ultrasound,TechHealth Inc.,Canada
6168,11,200,2024-04-09,State Medical Center,Oyo,MRI Machine,MedTech Co.,USA
6169,30,400,2024-04-14,General Clinic,Lagos,CT Scanner,HealthEquip Ltd.,UK
6170,10,150,2024-04-19,City Hospital,Rivers,Ultrasound,TechHealth Inc.,Canada
6171,12,350,2024-04-24,Hope Hospital,Abuja,MRI Machine,Radiant Suppliers,China
6172,10,450,2024-04-29,Healing Hands Hospital,Enugu,X-Ray Machine,HealthEquip Ltd.,UK
6173,5,600,2024-05-04,Central Hospital,Kaduna,Ultrasound,MedTech Co.,USA
6174,20,120,2024-05-09,State Hospital,Oyo,X-Ray Machine,Radiant Suppliers,China
6175,15,330,2024-05-14,City Medical Center,Lagos,MRI Machine,TechHealth Inc.,Canada
6176,10,450,2024-05-19,Central Hospital,Rivers,Ultrasound,HealthEquip Ltd.,UK
6177,7,200,2024-05-24,Metro Hospital,Abuja,X-Ray Machine,Radiant Suppliers,China
6178,25,280,2024-05-29,Hope Clinic,Kano,CT Scanner,TechHealth Inc.,Canada
6179,30,400,2024-06-03,Sunshine Hospital,Lagos,MRI Machine,MedTech Co.,USA
6180,15,170,2024-06-08,General Hospital,Enugu,Ultrasound,HealthEquip Ltd.,UK
6181,12,300,2024-06-13,State Medical Center,Oyo,CT Scanner,MedTech Co.,USA
6182,6,400,2024-06-18,Healing Hands Hospital,Rivers,MRI Machine,HealthEquip Ltd.,Canada
6183,8,250,2024-06-23,Metro Medical Center,Abuja,X-Ray Machine,TechHealth Inc.,UK
6184,14,150,2024-06-28,Central Clinic,Kaduna,Ultrasound,MedTech Co.,China
6185,25,220,2024-07-03,Community Hospital,Lagos,MRI Machine,MedTech Co.,USA
6186,18,600,2024-07-08,Sunshine Medical,Kano,CT Scanner,HealthEquip Ltd.,UK
6187,10,150,2024-07-13,Hope Hospital,Enugu,Ultrasound,Radiant Suppliers,China
6188,11,300,2024-07-18,City Medical Center,Oyo,X-Ray Machine,HealthEquip Ltd.,UK
6189,25,320,2024-07-23,State Hospital,Lagos,MRI Machine,Radiant Suppliers,China
6190,12,400,2024-07-28,General Hospital,Kaduna,CT Scanner,HealthEquip Ltd.,UK
6191,30,200,2024-08-02,Healing Touch Hospital,Rivers,X-Ray Machine,Radiant Suppliers,China
6192,15,150,2024-08-07,Metro Hospital,Abuja,Ultrasound,TechHealth Inc.,Canada
6193,20,350,2024-08-12,Central Hospital,Enugu,MRI Machine,MedTech Co.,USA
6194,5,450,2024-08-17,Sunshine Hospital,Lagos,CT Scanner,HealthEquip Ltd.,UK
6195,10,250,2024-08-22,Community Hospital,Abuja,Ultrasound,Radiant Suppliers,China
6196,14,150,2024-08-27,Hope Clinic,Kano,MRI Machine,TechHealth Inc.,Canada
6197,20,300,2024-09-01,Healing Hands Hospital,Lagos,Defibrillator,SoloSupplier Inc.,UK
6198,5,750,2024-09-06,City Hospital,Rivers,Ventilator,ExclusiveTech Ltd.,Germany
6199,10,400,2024-09-11,Metro Medical Center,Abuja,Surgical Table,HealthEquip Ltd.,UK
6200,12,200,2024-09-16,State Hospital,Oyo,MRI Machine,MedTech Co.,USA
6201,10,250,2024-01-15,General Hospital,Lagos,MRI Machine,MedTech Co.,USA
6202,5,200,2024-01-20,City Hospital,Abuja,MRI Machine,HealthEquip Ltd.,UK
6203,20,150,2024-01-25,Central Hospital,Rivers,X-Ray Machine,Radiant Suppliers,China
6204,15,300,2024-01-30,Sunshine Hospital,Lagos,CT Scanner,TechHealth Inc.,Canada
6205,8,500,2024-02-04,Community Hospital,Kaduna,Ultrasound,HealthEquip Ltd.,UK
6206,12,180,2024-02-09,Healing Hands Hospital,Enugu,X-Ray Machine,Radiant Suppliers,China
6207,25,220,2024-02-14,Hope Hospital,Kano,MRI Machine,MedTech Co.,USA
6208,30,320,2024-02-19,Unity Hospital,Lagos,CT Scanner,TechHealth Inc.,Canada
6209,10,550,2024-02-24,Metro Hospital,Abuja,Ultrasound,HealthEquip Ltd.,UK
6210,50,130,2024-02-29,State Hospital,Oyo,X-Ray Machine,Radiant Suppliers,China
6211,20,270,2024-03-05,City Medical Center,Lagos,MRI Machine,MedTech Co.,USA
6212,6,300,2024-03-10,General Hospital,Rivers,CT Scanner,TechHealth Inc.,Canada
6213,15,250,2024-03-15,Central Clinic,Ogun,Ultrasound,HealthEquip Ltd.,UK
6214,4,450,2024-03-20,Healing Touch Hospital,Enugu,MRI Machine,Radiant Suppliers,China
6215,25,180,2024-03-25,Sunshine Medical,Lagos,X-Ray Machine,MedTech Co.,USA
6216,18,600,2024-03-30,Hope Clinic,Kano,CT Scanner,HealthEquip Ltd.,UK
6217,14,150,2024-04-04,Metro Medical Center,Abuja,Ultrasound,TechHealth Inc.,Canada
6218,11,200,2024-04-09,State Medical Center,Oyo,MRI Machine,MedTech Co.,USA
6219,30,400,2024-04-14,General Clinic,Lagos,CT Scanner,HealthEquip Ltd.,UK
6220,10,150,2024-04-19,City Hospital,Rivers,Ultrasound,TechHealth Inc.,Canada
6221,12,350,2024-04-24,Hope Hospital,Abuja,MRI Machine,Radiant Suppliers,China
6222,10,450,2024-04-29,Healing Hands Hospital,Enugu,X-Ray Machine,HealthEquip Ltd.,UK
6223,5,600,2024-05-04,Central Hospital,Kaduna,Ultrasound,MedTech Co.,USA
6224,20,120,2024-05-09,State Hospital,Oyo,X-Ray Machine,Radiant Suppliers,China
6225,15,330,2024-05-14,City Medical Center,Lagos,MRI Machine,TechHealth Inc.,Canada
6226,10,450,2024-05-19,Central Hospital,Rivers,Ultrasound,HealthEquip Ltd.,UK
6227,7,200,2024-05-24,Metro Hospital,Abuja,X-Ray Machine,Radiant Suppliers,China
6228,25,280,2024-05-29,Hope Clinic,Kano,CT Scanner,TechHealth Inc.,Canada
6229,30,400,2024-06-03,Sunshine Hospital,Lagos,MRI Machine,MedTech Co.,USA
6230,15,170,2024-06-08,General Hospital,Enugu,Ultrasound,HealthEquip Ltd.,UK
6231,12,300,2024-06-13,State Medical Center,Oyo,CT Scanner,MedTech Co.,USA
6232,6,400,2024-06-18,Healing Hands Hospital,Rivers,MRI Machine,HealthEquip Ltd.,Canada
6233,8,250,2024-06-23,Metro Medical Center,Abuja,X-Ray Machine,TechHealth Inc.,UK
6234,14,150,2024-06-28,Central Clinic,Kaduna,Ultrasound,MedTech Co.,China
6235,25,220,2024-07-03,Community Hospital,Lagos,MRI Machine,MedTech Co.,USA
6236,18,600,2024-07-08,Sunshine Medical,Kano,CT Scanner,HealthEquip Ltd.,UK
6237,10,150,2024-07-13,Hope Hospital,Enugu,Ultrasound,Radiant Suppliers,China
6238,11,300,2024-07-18,City Medical Center,Oyo,X-Ray Machine,HealthEquip Ltd.,UK
6239,25,320,2024-07-23,State Hospital,Lagos,MRI Machine,Radiant Suppliers,China
6240,12,400,2024-07-28,General Hospital,Kaduna,CT Scanner,HealthEquip Ltd.,UK
6241,30,200,2024-08-02,Healing Touch Hospital,Rivers,X-Ray Machine,Radiant Suppliers,China
6242,15,150,2024-08-07,Metro Hospital,Abuja,Ultrasound,TechHealth Inc.,Canada
6243,20,350,2024-08-12,Central Hospital,Enugu,MRI Machine,MedTech Co.,USA
6244,5,450,2024-08-17,Sunshine Hospital,Lagos,CT Scanner,HealthEquip Ltd.,UK
6245,10,250,2024-08-22,Community Hospital,Abuja,Ultrasound,Radiant Suppliers,China
6246,14,150,2024-08-27,Hope Clinic,Kano,MRI Machine,TechHealth Inc.,Canada
6247,20,300,2024-09-01,Healing Hands Hospital,Lagos,Defibrillator,SoloSupplier Inc.,UK
6248,5,750,2024-09-06,City Hospital,Rivers,Ventilator,ExclusiveTech Ltd.,Germany
6249,10,400,2024-09-11,Metro Medical Center,Abuja,Surgical Table,HealthEquip Ltd.,UK
6250,12,200,2024-09-16,State Hospital,Oyo,MRI Machine,MedTech Co.,USA
6251,10,250,2024-01-15,General Hospital,Lagos,MRI Machine,MedTech Co.,USA
6252,5,200,2024-01-20,City Hospital,Abuja,MRI Machine,HealthEquip Ltd.,UK
6253,20,150,2024-01-25,Central Hospital,Rivers,X-Ray Machine,Radiant Suppliers,China
6254,15,300,2024-01-30,Sunshine Hospital,Lagos,CT Scanner,TechHealth Inc.,Canada
6255,8,500,2024-02-04,Community Hospital,Kaduna,Ultrasound,HealthEquip Ltd.,UK
6256,12,180,2024-02-09,Healing Hands Hospital,Enugu,X-Ray Machine,Radiant Suppliers,China
6257,25,220,2024-02-14,Hope Hospital,Kano,MRI Machine,MedTech Co.,USA
6258,30,320,2024-02-19,Unity Hospital,Lagos,CT Scanner,TechHealth Inc.,Canada
6259,10,550,2024-02-24,Metro Hospital,Abuja,Ultrasound,HealthEquip Ltd.,UK
6260,50,130,2024-02-29,State Hospital,Oyo,X-Ray Machine,Radiant Suppliers,China
6261,20,270,2024-03-05,City Medical Center,Lagos,MRI Machine,MedTech Co.,USA
6262,6,300,2024-03-10,General Hospital,Rivers,CT Scanner,TechHealth Inc.,Canada
6263,15,250,2024-03-15,Central Clinic,Ogun,Ultrasound,HealthEquip Ltd.,UK
6264,4,450,2024-03-20,Healing Touch Hospital,Enugu,MRI Machine,Radiant Suppliers,China
6265,25,180,2024-03-25,Sunshine Medical,Lagos,X-Ray Machine,MedTech Co.,USA
6266,18,600,2024-03-30,Hope Clinic,Kano,CT Scanner,HealthEquip Ltd.,UK
6267,14,150,2024-04-04,Metro Medical Center,Abuja,Ultrasound,TechHealth Inc.,Canada
6268,11,200,2024-04-09,State Medical Center,Oyo,MRI Machine,MedTech Co.,USA
6269,30,400,2024-04-14,General Clinic,Lagos,CT Scanner,HealthEquip Ltd.,UK
6270,10,150,2024-04-19,City Hospital,Rivers,Ultrasound,TechHealth Inc.,Canada
6271,12,350,2024-04-24,Hope Hospital,Abuja,MRI Machine,Radiant Suppliers,China
6272,10,450,2024-04-29,Healing Hands Hospital,Enugu,X-Ray Machine,HealthEquip Ltd.,UK
6273,5,600,2024-05-04,Central Hospital,Kaduna,Ultrasound,MedTech Co.,USA
6274,20,120,2024-05-09,State Hospital,Oyo,X-Ray Machine,Radiant Suppliers,China
6275,15,330,2024-05-14,City Medical Center,Lagos,MRI Machine,TechHealth Inc.,Canada
6276,10,450,2024-05-19,Central Hospital,Rivers,Ultrasound,HealthEquip Ltd.,UK
6277,7,200,2024-05-24,Metro Hospital,Abuja,X-Ray Machine,Radiant Suppliers,China
6278,25,280,2024-05-29,Hope Clinic,Kano,CT Scanner,TechHealth Inc.,Canada
6279,30,400,2024-06-03,Sunshine Hospital,Lagos,MRI Machine,MedTech Co.,USA
6280,15,170,2024-06-08,General Hospital,Enugu,Ultrasound,HealthEquip Ltd.,UK
6281,12,300,2024-06-13,State Medical Center,Oyo,CT Scanner,MedTech Co.,USA
6282,6,400,2024-06-18,Healing Hands Hospital,Rivers,MRI Machine,HealthEquip Ltd.,Canada
6283,8,250,2024-06-23,Metro Medical Center,Abuja,X-Ray Machine,TechHealth Inc.,UK
6284,14,150,2024-06-28,Central Clinic,Kaduna,Ultrasound,MedTech Co.,China
6285,25,220,2024-07-03,Community Hospital,Lagos,MRI Machine,MedTech Co.,USA
6286,18,600,2024-07-08,Sunshine Medical,Kano,CT Scanner,HealthEquip Ltd.,UK
6287,10,150,2024-07-13,Hope Hospital,Enugu,Ultrasound,Radiant Suppliers,China
6288,11,300,2024-07-18,City Medical Center,Oyo,X-Ray Machine,HealthEquip Ltd.,UK
6289,25,320,2024-07-23,State Hospital,Lagos,MRI Machine,Radiant Suppliers,China
6290,12,400,2024-07-28,General Hospital,Kaduna,CT Scanner,HealthEquip Ltd.,UK
6291,30,200,2024-08-02,Healing Touch Hospital,Rivers,X-Ray Machine,Radiant Suppliers,China
6292,15,150,2024-08-07,Metro Hospital,Abuja,Ultrasound,TechHealth Inc.,Canada
6293,20,350,2024-08-12,Central Hospital,Enugu,MRI Machine,MedTech Co.,USA
6294,5,450,2024-08-17,Sunshine Hospital,Lagos,CT Scanner,HealthEquip Ltd.,UK
6295,10,250,2024-08-22,Community Hospital,Abuja,Ultrasound,Radiant Suppliers,China
6296,14,150,2024-08-27,Hope Clinic,Kano,MRI Machine,TechHealth Inc.,Canada
6297,20,300,2024-09-01,Healing Hands Hospital,Lagos,Defibrillator,SoloSupplier Inc.,UK
6298,5,750,2024-09-06,City Hospital,Rivers,Ventilator,ExclusiveTech Ltd.,Germany
6299,10,400,2024-09-11,Metro Medical Center,Abuja,Surgical Table,HealthEquip Ltd.,UK
6300,12,200,2024-09-16,State Hospital,Oyo,MRI Machine,MedTech Co.,USA
6301,10,250,2024-01-15,General Hospital,Lagos,MRI Machine,MedTech Co.,USA
6302,5,200,2024-01-20,City Hospital,Abuja,MRI Machine,HealthEquip Ltd.,UK
6303,20,150,2024-01-25,Central Hospital,Rivers,X-Ray Machine,Radiant Suppliers,China
6304,15,300,2024-01-30,Sunshine Hospital,Lagos,CT Scanner,TechHealth Inc.,Canada
6305,8,500,2024-02-04,Community Hospital,Kaduna,Ultrasound,HealthEquip Ltd.,UK
6306,12,180,2024-02-09,Healing Hands Hospital,Enugu,X-Ray Machine,Radiant Suppliers,China
6307,25,220,2024-02-14,Hope Hospital,Kano,MRI Machine,MedTech Co.,USA
6308,30,320,2024-02-19,Unity Hospital,Lagos,CT Scanner,TechHealth Inc.,Canada
6309,10,550,2024-02-24,Metro Hospital,Abuja,Ultrasound,HealthEquip Ltd.,UK
6310,50,130,2024-02-29,State Hospital,Oyo,X-Ray Machine,Radiant Suppliers,China
6311,20,270,2024-03-05,City Medical Center,Lagos,MRI Machine,MedTech Co.,USA
6312,6,300,2024-03-10,General Hospital,Rivers,CT Scanner,TechHealth Inc.,Canada
6313,15,250,2024-03-15,Central Clinic,Ogun,Ultrasound,HealthEquip Ltd.,UK
6314,4,450,2024-03-20,Healing Touch Hospital,Enugu,MRI Machine,Radiant Suppliers,China
6315,25,180,2024-03-25,Sunshine Medical,Lagos,X-Ray Machine,MedTech Co.,USA
6316,18,600,2024-03-30,Hope Clinic,Kano,CT Scanner,HealthEquip Ltd.,UK
6317,14,150,2024-04-04,Metro Medical Center,Abuja,Ultrasound,TechHealth Inc.,Canada
6318,11,200,2024-04-09,State Medical Center,Oyo,MRI Machine,MedTech Co.,USA
6319,30,400,2024-04-14,General Clinic,Lagos,CT Scanner,HealthEquip Ltd.,UK
6320,10,150,2024-04-19,City Hospital,Rivers,Ultrasound,TechHealth Inc.,Canada
6321,12,350,2024-04-24,Hope Hospital,Abuja,MRI Machine,Radiant Suppliers,China
6322,10,450,2024-04-29,Healing Hands Hospital,Enugu,X-Ray Machine,HealthEquip Ltd.,UK
6323,5,600,2024-05-04,Central Hospital,Kaduna,Ultrasound,MedTech Co.,USA
6324,20,120,2024-05-09,State Hospital,Oyo,X-Ray Machine,Radiant Suppliers,China
6325,15,330,2024-05-14,City Medical Center,Lagos,MRI Machine,TechHealth Inc.,Canada
6326,10,450,2024-05-19,Central Hospital,Rivers,Ultrasound,HealthEquip Ltd.,UK
6327,7,200,2024-05-24,Metro Hospital,Abuja,X-Ray Machine,Radiant Suppliers,China
6328,25,280,2024-05-29,Hope Clinic,Kano,CT Scanner,TechHealth Inc.,Canada
6329,30,400,2024-06-03,Sunshine Hospital,Lagos,MRI Machine,MedTech Co.,USA
6330,15,170,2024-06-08,General Hospital,Enugu,Ultrasound,HealthEquip Ltd.,UK
6331,12,300,2024-06-13,State Medical Center,Oyo,CT Scanner,MedTech Co.,USA
6332,6,400,2024-06-18,Healing Hands Hospital,Rivers,MRI Machine,HealthEquip Ltd.,Canada
6333,8,250,2024-06-23,Metro Medical Center,Abuja,X-Ray Machine,TechHealth Inc.,UK
6334,14,150,2024-06-28,Central Clinic,Kaduna,Ultrasound,MedTech Co.,China
6335,25,220,2024-07-03,Community Hospital,Lagos,MRI Machine,MedTech Co.,USA
6336,18,600,2024-07-08,Sunshine Medical,Kano,CT Scanner,HealthEquip Ltd.,UK
6337,10,150,2024-07-13,Hope Hospital,Enugu,Ultrasound,Radiant Suppliers,China
6338,11,300,2024-07-18,City Medical Center,Oyo,X-Ray Machine,HealthEquip Ltd.,UK
6339,25,320,2024-07-23,State Hospital,Lagos,MRI Machine,Radiant Suppliers,China
6340,12,400,2024-07-28,General Hospital,Kaduna,CT Scanner,HealthEquip Ltd.,UK
6341,30,200,2024-08-02,Healing Touch Hospital,Rivers,X-Ray Machine,Radiant Suppliers,China
6342,15,150,2024-08-07,Metro Hospital,Abuja,Ultrasound,TechHealth Inc.,Canada
6343,20,350,2024-08-12,Central Hospital,Enugu,MRI Machine,MedTech Co.,USA
6344,5,450,2024-08-17,Sunshine Hospital,Lagos,CT Scanner,HealthEquip Ltd.,UK
6345,10,250,2024-08-22,Community Hospital,Abuja,Ultrasound,Radiant Suppliers,China
6346,14,150,2024-08-27,Hope Clinic,Kano,MRI Machine,TechHealth Inc.,Canada
6347,20,300,2024-09-01,Healing Hands Hospital,Lagos,Defibrillator,SoloSupplier Inc.,UK
6348,5,750,2024-09-06,City Hospital,Rivers,Ventilator,ExclusiveTech Ltd.,Germany
6349,10,400,2024-09-11,Metro Medical Center,Abuja,Surgical Table,HealthEquip Ltd.,UK
6350,12,200,2024-09-16,State Hospital,Oyo,MRI Machine,MedTech Co.,USA
6351,10,250,2024-01-15,General Hospital,Lagos,MRI Machine,MedTech Co.,USA
6352,5,200,2024-01-20,City Hospital,Abuja,MRI Machine,HealthEquip Ltd.,UK
6353,20,150,2024-01-25,Central Hospital,Rivers,X-Ray Machine,Radiant Suppliers,China
6354,15,300,2024-01-30,Sunshine Hospital,Lagos,CT Scanner,TechHealth Inc.,Canada
6355,8,500,2024-02-04,Community Hospital,Kaduna,Ultrasound,HealthEquip Ltd.,UK
6356,12,180,2024-02-09,Healing Hands Hospital,Enugu,X-Ray Machine,Radiant Suppliers,China
6357,25,220,2024-02-14,Hope Hospital,Kano,MRI Machine,MedTech Co.,USA
6358,30,320,2024-02-19,Unity Hospital,Lagos,CT Scanner,TechHealth Inc.,Canada
6359,10,550,2024-02-24,Metro Hospital,Abuja,Ultrasound,HealthEquip Ltd.,UK
6360,50,130,2024-02-29,State Hospital,Oyo,X-Ray Machine,Radiant Suppliers,China
6361,20,270,2024-03-05,City Medical Center,Lagos,MRI Machine,MedTech Co.,USA
6362,6,300,2024-03-10,General Hospital,Rivers,CT Scanner,TechHealth Inc.,Canada
6363,15,250,2024-03-15,Central Clinic,Ogun,Ultrasound,HealthEquip Ltd.,UK
6364,4,450,2024-03-20,Healing Touch Hospital,Enugu,MRI Machine,Radiant Suppliers,China
6365,25,180,2024-03-25,Sunshine Medical,Lagos,X-Ray Machine,MedTech Co.,USA
6366,18,600,2024-03-30,Hope Clinic,Kano,CT Scanner,HealthEquip Ltd.,UK
6367,14,150,2024-04-04,Metro Medical Center,Abuja,Ultrasound,TechHealth Inc.,Canada
6368,11,200,2024-04-09,State Medical Center,Oyo,MRI Machine,MedTech Co.,USA
6369,30,400,2024-04-14,General Clinic,Lagos,CT Scanner,HealthEquip Ltd.,UK
6370,10,150,2024-04-19,City Hospital,Rivers,Ultrasound,TechHealth Inc.,Canada
6371,12,350,2024-04-24,Hope Hospital,Abuja,MRI Machine,Radiant Suppliers,China
6372,10,450,2024-04-29,Healing Hands Hospital,Enugu,X-Ray Machine,HealthEquip Ltd.,UK
6373,5,600,2024-05-04,Central Hospital,Kaduna,Ultrasound,MedTech Co.,USA
6374,20,120,2024-05-09,State Hospital,Oyo,X-Ray Machine,Radiant Suppliers,China
6375,15,330,2024-05-14,City Medical Center,Lagos,MRI Machine,TechHealth Inc.,Canada
6376,10,450,2024-05-19,Central Hospital,Rivers,Ultrasound,HealthEquip Ltd.,UK
6377,7,200,2024-05-24,Metro Hospital,Abuja,X-Ray Machine,Radiant Suppliers,China
6378,25,280,2024-05-29,Hope Clinic,Kano,CT Scanner,TechHealth Inc.,Canada
6379,30,400,2024-06-03,Sunshine Hospital,Lagos,MRI Machine,MedTech Co.,USA
6380,15,170,2024-06-08,General Hospital,Enugu,Ultrasound,HealthEquip Ltd.,UK
6381,12,300,2024-06-13,State Medical Center,Oyo,CT Scanner,MedTech Co.,USA
6382,6,400,2024-06-18,Healing Hands Hospital,Rivers,MRI Machine,HealthEquip Ltd.,Canada
6383,8,250,2024-06-23,Metro Medical Center,Abuja,X-Ray Machine,TechHealth Inc.,UK
6384,14,150,2024-06-28,Central Clinic,Kaduna,Ultrasound,MedTech Co.,China
6385,25,220,2024-07-03,Community Hospital,Lagos,MRI Machine,MedTech Co.,USA
6386,18,600,2024-07-08,Sunshine Medical,Kano,CT Scanner,HealthEquip Ltd.,UK
6387,10,150,2024-07-13,Hope Hospital,Enugu,Ultrasound,Radiant Suppliers,China
6388,11,300,2024-07-18,City Medical Center,Oyo,X-Ray Machine,HealthEquip Ltd.,UK
6389,25,320,2024-07-23,State Hospital,Lagos,MRI Machine,Radiant Suppliers,China
6390,12,400,2024-07-28,General Hospital,Kaduna,CT Scanner,HealthEquip Ltd.,UK
6391,30,200,2024-08-02,Healing Touch Hospital,Rivers,X-Ray Machine,Radiant Suppliers,China
6392,15,150,2024-08-07,Metro Hospital,Abuja,Ultrasound,TechHealth Inc.,Canada
6393,20,350,2024-08-12,Central Hospital,Enugu,MRI Machine,MedTech Co.,USA
6394,5,450,2024-08-17,Sunshine Hospital,Lagos,CT Scanner,HealthEquip Ltd.,UK
6395,10,250,2024-08-22,Community Hospital,Abuja,Ultrasound,Radiant Suppliers,China
6396,14,150,2024-08-27,Hope Clinic,Kano,MRI Machine,TechHealth Inc.,Canada
6397,20,300,2024-09-01,Healing Hands Hospital,Lagos,Defibrillator,SoloSupplier Inc.,UK
6398,5,750,2024-09-06,City Hospital,Rivers,Ventilator,ExclusiveTech Ltd.,Germany
6399,10,400,2024-09-11,Metro Medical Center,Abuja,Surgical Table,HealthEquip Ltd.,UK
6400,12,200,2024-09-16,State Hospital,Oyo,MRI Machine,MedTech Co.,USA
6401,10,250,2024-01-15,General Hospital,Lagos,MRI Machine,MedTech Co.,USA
6402,5,200,2024-01-20,City Hospital,Abuja,MRI Machine,HealthEquip Ltd.,UK
6403,20,150,2024-01-25,Central Hospital,Rivers,X-Ray Machine,Radiant Suppliers,China
6404,15,300,2024-01-30,Sunshine Hospital,Lagos,CT Scanner,TechHealth Inc.,Canada
6405,8,500,2024-02-04,Community Hospital,Kaduna,Ultrasound,HealthEquip Ltd.,UK
6406,12,180,2024-02-09,Healing Hands Hospital,Enugu,X-Ray Machine,Radiant Suppliers,China
6407,25,220,2024-02-14,Hope Hospital,Kano,MRI Machine,MedTech Co.,USA
6408,30,320,2024-02-19,Unity Hospital,Lagos,CT Scanner,TechHealth Inc.,Canada
6409,10,550,2024-02-24,Metro Hospital,Abuja,Ultrasound,HealthEquip Ltd.,UK
6410,50,130,2024-02-29,State Hospital,Oyo,X-Ray Machine,Radiant Suppliers,China
6411,20,270,2024-03-05,City Medical Center,Lagos,MRI Machine,MedTech Co.,USA
6412,6,300,2024-03-10,General Hospital,Rivers,CT Scanner,TechHealth Inc.,Canada
6413,15,250,2024-03-15,Central Clinic,Ogun,Ultrasound,HealthEquip Ltd.,UK
6414,4,450,2024-03-20,Healing Touch Hospital,Enugu,MRI Machine,Radiant Suppliers,China
6415,25,180,2024-03-25,Sunshine Medical,Lagos,X-Ray Machine,MedTech Co.,USA
6416,18,600,2024-03-30,Hope Clinic,Kano,CT Scanner,HealthEquip Ltd.,UK
6417,14,150,2024-04-04,Metro Medical Center,Abuja,Ultrasound,TechHealth Inc.,Canada
6418,11,200,2024-04-09,State Medical Center,Oyo,MRI Machine,MedTech Co.,USA
6419,30,400,2024-04-14,General Clinic,Lagos,CT Scanner,HealthEquip Ltd.,UK
6420,10,150,2024-04-19,City Hospital,Rivers,Ultrasound,TechHealth Inc.,Canada
6421,12,350,2024-04-24,Hope Hospital,Abuja,MRI Machine,Radiant Suppliers,China
6422,10,450,2024-04-29,Healing Hands Hospital,Enugu,X-Ray Machine,HealthEquip Ltd.,UK
6423,5,600,2024-05-04,Central Hospital,Kaduna,Ultrasound,MedTech Co.,USA
6424,20,120,2024-05-09,State Hospital,Oyo,X-Ray Machine,Radiant Suppliers,China
6425,15,330,2024-05-14,City Medical Center,Lagos,MRI Machine,TechHealth Inc.,Canada
6426,10,450,2024-05-19,Central Hospital,Rivers,Ultrasound,HealthEquip Ltd.,UK
6427,7,200,2024-05-24,Metro Hospital,Abuja,X-Ray Machine,Radiant Suppliers,China
6428,25,280,2024-05-29,Hope Clinic,Kano,CT Scanner,TechHealth Inc.,Canada
6429,30,400,2024-06-03,Sunshine Hospital,Lagos,MRI Machine,MedTech Co.,USA
6430,15,170,2024-06-08,General Hospital,Enugu,Ultrasound,HealthEquip Ltd.,UK
6431,12,300,2024-06-13,State Medical Center,Oyo,CT Scanner,MedTech Co.,USA
6432,6,400,2024-06-18,Healing Hands Hospital,Rivers,MRI Machine,HealthEquip Ltd.,Canada
6433,8,250,2024-06-23,Metro Medical Center,Abuja,X-Ray Machine,TechHealth Inc.,UK
6434,14,150,2024-06-28,Central Clinic,Kaduna,Ultrasound,MedTech Co.,China
6435,25,220,2024-07-03,Community Hospital,Lagos,MRI Machine,MedTech Co.,USA
6436,18,600,2024-07-08,Sunshine Medical,Kano,CT Scanner,HealthEquip Ltd.,UK
6437,10,150,2024-07-13,Hope Hospital,Enugu,Ultrasound,Radiant Suppliers,China
6438,11,300,2024-07-18,City Medical Center,Oyo,X-Ray Machine,HealthEquip Ltd.,UK
6439,25,320,2024-07-23,State Hospital,Lagos,MRI Machine,Radiant Suppliers,China
6440,12,400,2024-07-28,General Hospital,Kaduna,CT Scanner,HealthEquip Ltd.,UK
6441,30,200,2024-08-02,Healing Touch Hospital,Rivers,X-Ray Machine,Radiant Suppliers,China
6442,15,150,2024-08-07,Metro Hospital,Abuja,Ultrasound,TechHealth Inc.,Canada
6443,20,350,2024-08-12,Central Hospital,Enugu,MRI Machine,MedTech Co.,USA
6444,5,450,2024-08-17,Sunshine Hospital,Lagos,CT Scanner,HealthEquip Ltd.,UK
6445,10,250,2024-08-22,Community Hospital,Abuja,Ultrasound,Radiant Suppliers,China
6446,14,150,2024-08-27,Hope Clinic,Kano,MRI Machine,TechHealth Inc.,Canada
6447,20,300,2024-09-01,Healing Hands Hospital,Lagos,Defibrillator,SoloSupplier Inc.,UK
6448,5,750,2024-09-06,City Hospital,Rivers,Ventilator,ExclusiveTech Ltd.,Germany
6449,10,400,2024-09-11,Metro Medical Center,Abuja,Surgical Table,HealthEquip Ltd.,UK
6450,12,200,2024-09-16,State Hospital,Oyo,MRI Machine,MedTech Co.,USA
6451,10,250,2024-01-15,General Hospital,Lagos,MRI Machine,MedTech Co.,USA
6452,5,200,2024-01-20,City Hospital,Abuja,MRI Machine,HealthEquip Ltd.,UK
6453,20,150,2024-01-25,Central Hospital,Rivers,X-Ray Machine,Radiant Suppliers,China
6454,15,300,2024-01-30,Sunshine Hospital,Lagos,CT Scanner,TechHealth Inc.,Canada
6455,8,500,2024-02-04,Community Hospital,Kaduna,Ultrasound,HealthEquip Ltd.,UK
6456,12,180,2024-02-09,Healing Hands Hospital,Enugu,X-Ray Machine,Radiant Suppliers,China
6457,25,220,2024-02-14,Hope Hospital,Kano,MRI Machine,MedTech Co.,USA
6458,30,320,2024-02-19,Unity Hospital,Lagos,CT Scanner,TechHealth Inc.,Canada
6459,10,550,2024-02-24,Metro Hospital,Abuja,Ultrasound,HealthEquip Ltd.,UK
6460,50,130,2024-02-29,State Hospital,Oyo,X-Ray Machine,Radiant Suppliers,China
6461,20,270,2024-03-05,City Medical Center,Lagos,MRI Machine,MedTech Co.,USA
6462,6,300,2024-03-10,General Hospital,Rivers,CT Scanner,TechHealth Inc.,Canada
6463,15,250,2024-03-15,Central Clinic,Ogun,Ultrasound,HealthEquip Ltd.,UK
6464,4,450,2024-03-20,Healing Touch Hospital,Enugu,MRI Machine,Radiant Suppliers,China
6465,25,180,2024-03-25,Sunshine Medical,Lagos,X-Ray Machine,MedTech Co.,USA
6466,18,600,2024-03-30,Hope Clinic,Kano,CT Scanner,HealthEquip Ltd.,UK
6467,14,150,2024-04-04,Metro Medical Center,Abuja,Ultrasound,TechHealth Inc.,Canada
6468,11,200,2024-04-09,State Medical Center,Oyo,MRI Machine,MedTech Co.,USA
6469,30,400,2024-04-14,General Clinic,Lagos,CT Scanner,HealthEquip Ltd.,UK
6470,10,150,2024-04-19,City Hospital,Rivers,Ultrasound,TechHealth Inc.,Canada
6471,12,350,2024-04-24,Hope Hospital,Abuja,MRI Machine,Radiant Suppliers,China
6472,10,450,2024-04-29,Healing Hands Hospital,Enugu,X-Ray Machine,HealthEquip Ltd.,UK
6473,5,600,2024-05-04,Central Hospital,Kaduna,Ultrasound,MedTech Co.,USA
6474,20,120,2024-05-09,State Hospital,Oyo,X-Ray Machine,Radiant Suppliers,China
6475,15,330,2024-05-14,City Medical Center,Lagos,MRI Machine,TechHealth Inc.,Canada
6476,10,450,2024-05-19,Central Hospital,Rivers,Ultrasound,HealthEquip Ltd.,UK
6477,7,200,2024-05-24,Metro Hospital,Abuja,X-Ray Machine,Radiant Suppliers,China
6478,25,280,2024-05-29,Hope Clinic,Kano,CT Scanner,TechHealth Inc.,Canada
6479,30,400,2024-06-03,Sunshine Hospital,Lagos,MRI Machine,MedTech Co.,USA
6480,15,170,2024-06-08,General Hospital,Enugu,Ultrasound,HealthEquip Ltd.,UK
6481,12,300,2024-06-13,State Medical Center,Oyo,CT Scanner,MedTech Co.,USA
6482,6,400,2024-06-18,Healing Hands Hospital,Rivers,MRI Machine,HealthEquip Ltd.,Canada
6483,8,250,2024-06-23,Metro Medical Center,Abuja,X-Ray Machine,TechHealth Inc.,UK
6484,14,150,2024-06-28,Central Clinic,Kaduna,Ultrasound,MedTech Co.,China
6485,25,220,2024-07-03,Community Hospital,Lagos,MRI Machine,MedTech Co.,USA
6486,18,600,2024-07-08,Sunshine Medical,Kano,CT Scanner,HealthEquip Ltd.,UK
6487,10,150,2024-07-13,Hope Hospital,Enugu,Ultrasound,Radiant Suppliers,China
6488,11,300,2024-07-18,City Medical Center,Oyo,X-Ray Machine,HealthEquip Ltd.,UK
6489,25,320,2024-07-23,State Hospital,Lagos,MRI Machine,Radiant Suppliers,China
6490,12,400,2024-07-28,General Hospital,Kaduna,CT Scanner,HealthEquip Ltd.,UK
6491,30,200,2024-08-02,Healing Touch Hospital,Rivers,X-Ray Machine,Radiant Suppliers,China
6492,15,150,2024-08-07,Metro Hospital,Abuja,Ultrasound,TechHealth Inc.,Canada
6493,20,350,2024-08-12,Central Hospital,Enugu,MRI Machine,MedTech Co.,USA
6494,5,450,2024-08-17,Sunshine Hospital,Lagos,CT Scanner,HealthEquip Ltd.,UK
6495,10,250,2024-08-22,Community Hospital,Abuja,Ultrasound,Radiant Suppliers,China
6496,14,150,2024-08-27,Hope Clinic,Kano,MRI Machine,TechHealth Inc.,Canada
6497,20,300,2024-09-01,Healing Hands Hospital,Lagos,Defibrillator,SoloSupplier Inc.,UK
6498,5,750,2024-09-06,City Hospital,Rivers,Ventilator,ExclusiveTech Ltd.,Germany
6499,10,400,2024-09-11,Metro Medical Center,Abuja,Surgical Table,HealthEquip Ltd.,UK
6500,12,200,2024-09-16,State Hospital,Oyo,MRI Machine,MedTech Co.,USA
6501,10,250,2024-01-15,General Hospital,Lagos,MRI Machine,MedTech Co.,USA
6502,5,200,2024-01-20,City Hospital,Abuja,MRI Machine,HealthEquip Ltd.,UK
6503,20,150,2024-01-25,Central Hospital,Rivers,X-Ray Machine,Radiant Suppliers,China
6504,15,300,2024-01-30,Sunshine Hospital,Lagos,CT Scanner,TechHealth Inc.,Canada
6505,8,500,2024-02-04,Community Hospital,Kaduna,Ultrasound,HealthEquip Ltd.,UK
6506,12,180,2024-02-09,Healing Hands Hospital,Enugu,X-Ray Machine,Radiant Suppliers,China
6507,25,220,2024-02-14,Hope Hospital,Kano,MRI Machine,MedTech Co.,USA
6508,30,320,2024-02-19,Unity Hospital,Lagos,CT Scanner,TechHealth Inc.,Canada
6509,10,550,2024-02-24,Metro Hospital,Abuja,Ultrasound,HealthEquip Ltd.,UK
6510,50,130,2024-02-29,State Hospital,Oyo,X-Ray Machine,Radiant Suppliers,China
6511,20,270,2024-03-05,City Medical Center,Lagos,MRI Machine,MedTech Co.,USA
6512,6,300,2024-03-10,General Hospital,Rivers,CT Scanner,TechHealth Inc.,Canada
6513,15,250,2024-03-15,Central Clinic,Ogun,Ultrasound,HealthEquip Ltd.,UK
6514,4,450,2024-03-20,Healing Touch Hospital,Enugu,MRI Machine,Radiant Suppliers,China
6515,25,180,2024-03-25,Sunshine Medical,Lagos,X-Ray Machine,MedTech Co.,USA
6516,18,600,2024-03-30,Hope Clinic,Kano,CT Scanner,HealthEquip Ltd.,UK
6517,14,150,2024-04-04,Metro Medical Center,Abuja,Ultrasound,TechHealth Inc.,Canada
6518,11,200,2024-04-09,State Medical Center,Oyo,MRI Machine,MedTech Co.,USA
6519,30,400,2024-04-14,General Clinic,Lagos,CT Scanner,HealthEquip Ltd.,UK
6520,10,150,2024-04-19,City Hospital,Rivers,Ultrasound,TechHealth Inc.,Canada
6521,12,350,2024-04-24,Hope Hospital,Abuja,MRI Machine,Radiant Suppliers,China
6522,10,450,2024-04-29,Healing Hands Hospital,Enugu,X-Ray Machine,HealthEquip Ltd.,UK
6523,5,600,2024-05-04,Central Hospital,Kaduna,Ultrasound,MedTech Co.,USA
6524,20,120,2024-05-09,State Hospital,Oyo,X-Ray Machine,Radiant Suppliers,China
6525,15,330,2024-05-14,City Medical Center,Lagos,MRI Machine,TechHealth Inc.,Canada
6526,10,450,2024-05-19,Central Hospital,Rivers,Ultrasound,HealthEquip Ltd.,UK
6527,7,200,2024-05-24,Metro Hospital,Abuja,X-Ray Machine,Radiant Suppliers,China
6528,25,280,2024-05-29,Hope Clinic,Kano,CT Scanner,TechHealth Inc.,Canada
6529,30,400,2024-06-03,Sunshine Hospital,Lagos,MRI Machine,MedTech Co.,USA
6530,15,170,2024-06-08,General Hospital,Enugu,Ultrasound,HealthEquip Ltd.,UK
6531,12,300,2024-06-13,State Medical Center,Oyo,CT Scanner,MedTech Co.,USA
6532,6,400,2024-06-18,Healing Hands Hospital,Rivers,MRI Machine,HealthEquip Ltd.,Canada
6533,8,250,2024-06-23,Metro Medical Center,Abuja,X-Ray Machine,TechHealth Inc.,UK
6534,14,150,2024-06-28,Central Clinic,Kaduna,Ultrasound,MedTech Co.,China
6535,25,220,2024-07-03,Community Hospital,Lagos,MRI Machine,MedTech Co.,USA
6536,18,600,2024-07-08,Sunshine Medical,Kano,CT Scanner,HealthEquip Ltd.,UK
6537,10,150,2024-07-13,Hope Hospital,Enugu,Ultrasound,Radiant Suppliers,China
6538,11,300,2024-07-18,City Medical Center,Oyo,X-Ray Machine,HealthEquip Ltd.,UK
6539,25,320,2024-07-23,State Hospital,Lagos,MRI Machine,Radiant Suppliers,China
6540,12,400,2024-07-28,General Hospital,Kaduna,CT Scanner,HealthEquip Ltd.,UK
6541,30,200,2024-08-02,Healing Touch Hospital,Rivers,X-Ray Machine,Radiant Suppliers,China
6542,15,150,2024-08-07,Metro Hospital,Abuja,Ultrasound,TechHealth Inc.,Canada
6543,20,350,2024-08-12,Central Hospital,Enugu,MRI Machine,MedTech Co.,USA
6544,5,450,2024-08-17,Sunshine Hospital,Lagos,CT Scanner,HealthEquip Ltd.,UK
6545,10,250,2024-08-22,Community Hospital,Abuja,Ultrasound,Radiant Suppliers,China
6546,14,150,2024-08-27,Hope Clinic,Kano,MRI Machine,TechHealth Inc.,Canada
6547,20,300,2024-09-01,Healing Hands Hospital,Lagos,Defibrillator,SoloSupplier Inc.,UK
6548,5,750,2024-09-06,City Hospital,Rivers,Ventilator,ExclusiveTech Ltd.,Germany
6549,10,400,2024-09-11,Metro Medical Center,Abuja,Surgical Table,HealthEquip Ltd.,UK
6550,12,200,2024-09-16,State Hospital,Oyo,MRI Machine,MedTech Co.,USA
6551,10,250,2024-01-15,General Hospital,Lagos,MRI Machine,MedTech Co.,USA
6552,5,200,2024-01-20,City Hospital,Abuja,MRI Machine,HealthEquip Ltd.,UK
6553,20,150,2024-01-25,Central Hospital,Rivers,X-Ray Machine,Radiant Suppliers,China
6554,15,300,2024-01-30,Sunshine Hospital,Lagos,CT Scanner,TechHealth Inc.,Canada
6555,8,500,2024-02-04,Community Hospital,Kaduna,Ultrasound,HealthEquip Ltd.,UK
6556,12,180,2024-02-09,Healing Hands Hospital,Enugu,X-Ray Machine,Radiant Suppliers,China
6557,25,220,2024-02-14,Hope Hospital,Kano,MRI Machine,MedTech Co.,USA
6558,30,320,2024-02-19,Unity Hospital,Lagos,CT Scanner,TechHealth Inc.,Canada
6559,10,550,2024-02-24,Metro Hospital,Abuja,Ultrasound,HealthEquip Ltd.,UK
6560,50,130,2024-02-29,State Hospital,Oyo,X-Ray Machine,Radiant Suppliers,China
6561,20,270,2024-03-05,City Medical Center,Lagos,MRI Machine,MedTech Co.,USA
6562,6,300,2024-03-10,General Hospital,Rivers,CT Scanner,TechHealth Inc.,Canada
6563,15,250,2024-03-15,Central Clinic,Ogun,Ultrasound,HealthEquip Ltd.,UK
6564,4,450,2024-03-20,Healing Touch Hospital,Enugu,MRI Machine,Radiant Suppliers,China
6565,25,180,2024-03-25,Sunshine Medical,Lagos,X-Ray Machine,MedTech Co.,USA
6566,18,600,2024-03-30,Hope Clinic,Kano,CT Scanner,HealthEquip Ltd.,UK
6567,14,150,2024-04-04,Metro Medical Center,Abuja,Ultrasound,TechHealth Inc.,Canada
6568,11,200,2024-04-09,State Medical Center,Oyo,MRI Machine,MedTech Co.,USA
6569,30,400,2024-04-14,General Clinic,Lagos,CT Scanner,HealthEquip Ltd.,UK
6570,10,150,2024-04-19,City Hospital,Rivers,Ultrasound,TechHealth Inc.,Canada
6571,12,350,2024-04-24,Hope Hospital,Abuja,MRI Machine,Radiant Suppliers,China
6572,10,450,2024-04-29,Healing Hands Hospital,Enugu,X-Ray Machine,HealthEquip Ltd.,UK
6573,5,600,2024-05-04,Central Hospital,Kaduna,Ultrasound,MedTech Co.,USA
6574,20,120,2024-05-09,State Hospital,Oyo,X-Ray Machine,Radiant Suppliers,China
6575,15,330,2024-05-14,City Medical Center,Lagos,MRI Machine,TechHealth Inc.,Canada
6576,10,450,2024-05-19,Central Hospital,Rivers,Ultrasound,HealthEquip Ltd.,UK
6577,7,200,2024-05-24,Metro Hospital,Abuja,X-Ray Machine,Radiant Suppliers,China
6578,25,280,2024-05-29,Hope Clinic,Kano,CT Scanner,TechHealth Inc.,Canada
6579,30,400,2024-06-03,Sunshine Hospital,Lagos,MRI Machine,MedTech Co.,USA
6580,15,170,2024-06-08,General Hospital,Enugu,Ultrasound,HealthEquip Ltd.,UK
6581,12,300,2024-06-13,State Medical Center,Oyo,CT Scanner,MedTech Co.,USA
6582,6,400,2024-06-18,Healing Hands Hospital,Rivers,MRI Machine,HealthEquip Ltd.,Canada
6583,8,250,2024-06-23,Metro Medical Center,Abuja,X-Ray Machine,TechHealth Inc.,UK
6584,14,150,2024-06-28,Central Clinic,Kaduna,Ultrasound,MedTech Co.,China
6585,25,220,2024-07-03,Community Hospital,Lagos,MRI Machine,MedTech Co.,USA
6586,18,600,2024-07-08,Sunshine Medical,Kano,CT Scanner,HealthEquip Ltd.,UK
6587,10,150,2024-07-13,Hope Hospital,Enugu,Ultrasound,Radiant Suppliers,China
6588,11,300,2024-07-18,City Medical Center,Oyo,X-Ray Machine,HealthEquip Ltd.,UK
6589,25,320,2024-07-23,State Hospital,Lagos,MRI Machine,Radiant Suppliers,China
6590,12,400,2024-07-28,General Hospital,Kaduna,CT Scanner,HealthEquip Ltd.,UK
6591,30,200,2024-08-02,Healing Touch Hospital,Rivers,X-Ray Machine,Radiant Suppliers,China
6592,15,150,2024-08-07,Metro Hospital,Abuja,Ultrasound,TechHealth Inc.,Canada
6593,20,350,2024-08-12,Central Hospital,Enugu,MRI Machine,MedTech Co.,USA
6594,5,450,2024-08-17,Sunshine Hospital,Lagos,CT Scanner,HealthEquip Ltd.,UK
6595,10,250,2024-08-22,Community Hospital,Abuja,Ultrasound,Radiant Suppliers,China
6596,14,150,2024-08-27,Hope Clinic,Kano,MRI Machine,TechHealth Inc.,Canada
6597,20,300,2024-09-01,Healing Hands Hospital,Lagos,Defibrillator,SoloSupplier Inc.,UK
6598,5,750,2024-09-06,City Hospital,Rivers,Ventilator,ExclusiveTech Ltd.,Germany
6599,10,400,2024-09-11,Metro Medical Center,Abuja,Surgical Table,HealthEquip Ltd.,UK
6600,12,200,2024-09-16,State Hospital,Oyo,MRI Machine,MedTech Co.,USA
6601,10,250,2024-01-15,General Hospital,Lagos,MRI Machine,MedTech Co.,USA
6602,5,200,2024-01-20,City Hospital,Abuja,MRI Machine,HealthEquip Ltd.,UK
6603,20,150,2024-01-25,Central Hospital,Rivers,X-Ray Machine,Radiant Suppliers,China
6604,15,300,2024-01-30,Sunshine Hospital,Lagos,CT Scanner,TechHealth Inc.,Canada
6605,8,500,2024-02-04,Community Hospital,Kaduna,Ultrasound,HealthEquip Ltd.,UK
6606,12,180,2024-02-09,Healing Hands Hospital,Enugu,X-Ray Machine,Radiant Suppliers,China
6607,25,220,2024-02-14,Hope Hospital,Kano,MRI Machine,MedTech Co.,USA
6608,30,320,2024-02-19,Unity Hospital,Lagos,CT Scanner,TechHealth Inc.,Canada
6609,10,550,2024-02-24,Metro Hospital,Abuja,Ultrasound,HealthEquip Ltd.,UK
6610,50,130,2024-02-29,State Hospital,Oyo,X-Ray Machine,Radiant Suppliers,China
6611,20,270,2024-03-05,City Medical Center,Lagos,MRI Machine,MedTech Co.,USA
6612,6,300,2024-03-10,General Hospital,Rivers,CT Scanner,TechHealth Inc.,Canada
6613,15,250,2024-03-15,Central Clinic,Ogun,Ultrasound,HealthEquip Ltd.,UK
6614,4,450,2024-03-20,Healing Touch Hospital,Enugu,MRI Machine,Radiant Suppliers,China
6615,25,180,2024-03-25,Sunshine Medical,Lagos,X-Ray Machine,MedTech Co.,USA
6616,18,600,2024-03-30,Hope Clinic,Kano,CT Scanner,HealthEquip Ltd.,UK
6617,14,150,2024-04-04,Metro Medical Center,Abuja,Ultrasound,TechHealth Inc.,Canada
6618,11,200,2024-04-09,State Medical Center,Oyo,MRI Machine,MedTech Co.,USA
6619,30,400,2024-04-14,General Clinic,Lagos,CT Scanner,HealthEquip Ltd.,UK
6620,10,150,2024-04-19,City Hospital,Rivers,Ultrasound,TechHealth Inc.,Canada
6621,12,350,2024-04-24,Hope Hospital,Abuja,MRI Machine,Radiant Suppliers,China
6622,10,450,2024-04-29,Healing Hands Hospital,Enugu,X-Ray Machine,HealthEquip Ltd.,UK
6623,5,600,2024-05-04,Central Hospital,Kaduna,Ultrasound,MedTech Co.,USA
6624,20,120,2024-05-09,State Hospital,Oyo,X-Ray Machine,Radiant Suppliers,China
6625,15,330,2024-05-14,City Medical Center,Lagos,MRI Machine,TechHealth Inc.,Canada
6626,10,450,2024-05-19,Central Hospital,Rivers,Ultrasound,HealthEquip Ltd.,UK
6627,7,200,2024-05-24,Metro Hospital,Abuja,X-Ray Machine,Radiant Suppliers,China
6628,25,280,2024-05-29,Hope Clinic,Kano,CT Scanner,TechHealth Inc.,Canada
6629,30,400,2024-06-03,Sunshine Hospital,Lagos,MRI Machine,MedTech Co.,USA
6630,15,170,2024-06-08,General Hospital,Enugu,Ultrasound,HealthEquip Ltd.,UK
6631,12,300,2024-06-13,State Medical Center,Oyo,CT Scanner,MedTech Co.,USA
6632,6,400,2024-06-18,Healing Hands Hospital,Rivers,MRI Machine,HealthEquip Ltd.,Canada
6633,8,250,2024-06-23,Metro Medical Center,Abuja,X-Ray Machine,TechHealth Inc.,UK
6634,14,150,2024-06-28,Central Clinic,Kaduna,Ultrasound,MedTech Co.,China
6635,25,220,2024-07-03,Community Hospital,Lagos,MRI Machine,MedTech Co.,USA
6636,18,600,2024-07-08,Sunshine Medical,Kano,CT Scanner,HealthEquip Ltd.,UK
6637,10,150,2024-07-13,Hope Hospital,Enugu,Ultrasound,Radiant Suppliers,China
6638,11,300,2024-07-18,City Medical Center,Oyo,X-Ray Machine,HealthEquip Ltd.,UK
6639,25,320,2024-07-23,State Hospital,Lagos,MRI Machine,Radiant Suppliers,China
6640,12,400,2024-07-28,General Hospital,Kaduna,CT Scanner,HealthEquip Ltd.,UK
6641,30,200,2024-08-02,Healing Touch Hospital,Rivers,X-Ray Machine,Radiant Suppliers,China
6642,15,150,2024-08-07,Metro Hospital,Abuja,Ultrasound,TechHealth Inc.,Canada
6643,20,350,2024-08-12,Central Hospital,Enugu,MRI Machine,MedTech Co.,USA
6644,5,450,2024-08-17,Sunshine Hospital,Lagos,CT Scanner,HealthEquip Ltd.,UK
6645,10,250,2024-08-22,Community Hospital,Abuja,Ultrasound,Radiant Suppliers,China
6646,14,150,2024-08-27,Hope Clinic,Kano,MRI Machine,TechHealth Inc.,Canada
6647,20,300,2024-09-01,Healing Hands Hospital,Lagos,Defibrillator,SoloSupplier Inc.,UK
6648,5,750,2024-09-06,City Hospital,Rivers,Ventilator,ExclusiveTech Ltd.,Germany
6649,10,400,2024-09-11,Metro Medical Center,Abuja,Surgical Table,HealthEquip Ltd.,UK
6650,12,200,2024-09-16,State Hospital,Oyo,MRI Machine,MedTech Co.,USA
6651,10,250,2024-01-15,General Hospital,Lagos,MRI Machine,MedTech Co.,USA
6652,5,200,2024-01-20,City Hospital,Abuja,MRI Machine,HealthEquip Ltd.,UK
6653,20,150,2024-01-25,Central Hospital,Rivers,X-Ray Machine,Radiant Suppliers,China
6654,15,300,2024-01-30,Sunshine Hospital,Lagos,CT Scanner,TechHealth Inc.,Canada
6655,8,500,2024-02-04,Community Hospital,Kaduna,Ultrasound,HealthEquip Ltd.,UK
6656,12,180,2024-02-09,Healing Hands Hospital,Enugu,X-Ray Machine,Radiant Suppliers,China
6657,25,220,2024-02-14,Hope Hospital,Kano,MRI Machine,MedTech Co.,USA
6658,30,320,2024-02-19,Unity Hospital,Lagos,CT Scanner,TechHealth Inc.,Canada
6659,10,550,2024-02-24,Metro Hospital,Abuja,Ultrasound,HealthEquip Ltd.,UK
6660,50,130,2024-02-29,State Hospital,Oyo,X-Ray Machine,Radiant Suppliers,China
6661,20,270,2024-03-05,City Medical Center,Lagos,MRI Machine,MedTech Co.,USA
6662,6,300,2024-03-10,General Hospital,Rivers,CT Scanner,TechHealth Inc.,Canada
6663,15,250,2024-03-15,Central Clinic,Ogun,Ultrasound,HealthEquip Ltd.,UK
6664,4,450,2024-03-20,Healing Touch Hospital,Enugu,MRI Machine,Radiant Suppliers,China
6665,25,180,2024-03-25,Sunshine Medical,Lagos,X-Ray Machine,MedTech Co.,USA
6666,18,600,2024-03-30,Hope Clinic,Kano,CT Scanner,HealthEquip Ltd.,UK
6667,14,150,2024-04-04,Metro Medical Center,Abuja,Ultrasound,TechHealth Inc.,Canada
6668,11,200,2024-04-09,State Medical Center,Oyo,MRI Machine,MedTech Co.,USA
6669,30,400,2024-04-14,General Clinic,Lagos,CT Scanner,HealthEquip Ltd.,UK
6670,10,150,2024-04-19,City Hospital,Rivers,Ultrasound,TechHealth Inc.,Canada
6671,12,350,2024-04-24,Hope Hospital,Abuja,MRI Machine,Radiant Suppliers,China
6672,10,450,2024-04-29,Healing Hands Hospital,Enugu,X-Ray Machine,HealthEquip Ltd.,UK
6673,5,600,2024-05-04,Central Hospital,Kaduna,Ultrasound,MedTech Co.,USA
6674,20,120,2024-05-09,State Hospital,Oyo,X-Ray Machine,Radiant Suppliers,China
6675,15,330,2024-05-14,City Medical Center,Lagos,MRI Machine,TechHealth Inc.,Canada
6676,10,450,2024-05-19,Central Hospital,Rivers,Ultrasound,HealthEquip Ltd.,UK
6677,7,200,2024-05-24,Metro Hospital,Abuja,X-Ray Machine,Radiant Suppliers,China
6678,25,280,2024-05-29,Hope Clinic,Kano,CT Scanner,TechHealth Inc.,Canada
6679,30,400,2024-06-03,Sunshine Hospital,Lagos,MRI Machine,MedTech Co.,USA
6680,15,170,2024-06-08,General Hospital,Enugu,Ultrasound,HealthEquip Ltd.,UK
6681,12,300,2024-06-13,State Medical Center,Oyo,CT Scanner,MedTech Co.,USA
6682,6,400,2024-06-18,Healing Hands Hospital,Rivers,MRI Machine,HealthEquip Ltd.,Canada
6683,8,250,2024-06-23,Metro Medical Center,Abuja,X-Ray Machine,TechHealth Inc.,UK
6684,14,150,2024-06-28,Central Clinic,Kaduna,Ultrasound,MedTech Co.,China
6685,25,220,2024-07-03,Community Hospital,Lagos,MRI Machine,MedTech Co.,USA
6686,18,600,2024-07-08,Sunshine Medical,Kano,CT Scanner,HealthEquip Ltd.,UK
6687,10,150,2024-07-13,Hope Hospital,Enugu,Ultrasound,Radiant Suppliers,China
6688,11,300,2024-07-18,City Medical Center,Oyo,X-Ray Machine,HealthEquip Ltd.,UK
6689,25,320,2024-07-23,State Hospital,Lagos,MRI Machine,Radiant Suppliers,China
6690,12,400,2024-07-28,General Hospital,Kaduna,CT Scanner,HealthEquip Ltd.,UK
6691,30,200,2024-08-02,Healing Touch Hospital,Rivers,X-Ray Machine,Radiant Suppliers,China
6692,15,150,2024-08-07,Metro Hospital,Abuja,Ultrasound,TechHealth Inc.,Canada
6693,20,350,2024-08-12,Central Hospital,Enugu,MRI Machine,MedTech Co.,USA
6694,5,450,2024-08-17,Sunshine Hospital,Lagos,CT Scanner,HealthEquip Ltd.,UK
6695,10,250,2024-08-22,Community Hospital,Abuja,Ultrasound,Radiant Suppliers,China
6696,14,150,2024-08-27,Hope Clinic,Kano,MRI Machine,TechHealth Inc.,Canada
6697,20,300,2024-09-01,Healing Hands Hospital,Lagos,Defibrillator,SoloSupplier Inc.,UK
6698,5,750,2024-09-06,City Hospital,Rivers,Ventilator,ExclusiveTech Ltd.,Germany
6699,10,400,2024-09-11,Metro Medical Center,Abuja,Surgical Table,HealthEquip Ltd.,UK
6700,12,200,2024-09-16,State Hospital,Oyo,MRI Machine,MedTech Co.,USA
6701,10,250,2024-01-15,General Hospital,Lagos,MRI Machine,MedTech Co.,USA
6702,5,200,2024-01-20,City Hospital,Abuja,MRI Machine,HealthEquip Ltd.,UK
6703,20,150,2024-01-25,Central Hospital,Rivers,X-Ray Machine,Radiant Suppliers,China
6704,15,300,2024-01-30,Sunshine Hospital,Lagos,CT Scanner,TechHealth Inc.,Canada
6705,8,500,2024-02-04,Community Hospital,Kaduna,Ultrasound,HealthEquip Ltd.,UK
6706,12,180,2024-02-09,Healing Hands Hospital,Enugu,X-Ray Machine,Radiant Suppliers,China
6707,25,220,2024-02-14,Hope Hospital,Kano,MRI Machine,MedTech Co.,USA
6708,30,320,2024-02-19,Unity Hospital,Lagos,CT Scanner,TechHealth Inc.,Canada
6709,10,550,2024-02-24,Metro Hospital,Abuja,Ultrasound,HealthEquip Ltd.,UK
6710,50,130,2024-02-29,State Hospital,Oyo,X-Ray Machine,Radiant Suppliers,China
6711,20,270,2024-03-05,City Medical Center,Lagos,MRI Machine,MedTech Co.,USA
6712,6,300,2024-03-10,General Hospital,Rivers,CT Scanner,TechHealth Inc.,Canada
6713,15,250,2024-03-15,Central Clinic,Ogun,Ultrasound,HealthEquip Ltd.,UK
6714,4,450,2024-03-20,Healing Touch Hospital,Enugu,MRI Machine,Radiant Suppliers,China
6715,25,180,2024-03-25,Sunshine Medical,Lagos,X-Ray Machine,MedTech Co.,USA
6716,18,600,2024-03-30,Hope Clinic,Kano,CT Scanner,HealthEquip Ltd.,UK
6717,14,150,2024-04-04,Metro Medical Center,Abuja,Ultrasound,TechHealth Inc.,Canada
6718,11,200,2024-04-09,State Medical Center,Oyo,MRI Machine,MedTech Co.,USA
6719,30,400,2024-04-14,General Clinic,Lagos,CT Scanner,HealthEquip Ltd.,UK
6720,10,150,2024-04-19,City Hospital,Rivers,Ultrasound,TechHealth Inc.,Canada
6721,12,350,2024-04-24,Hope Hospital,Abuja,MRI Machine,Radiant Suppliers,China
6722,10,450,2024-04-29,Healing Hands Hospital,Enugu,X-Ray Machine,HealthEquip Ltd.,UK
6723,5,600,2024-05-04,Central Hospital,Kaduna,Ultrasound,MedTech Co.,USA
6724,20,120,2024-05-09,State Hospital,Oyo,X-Ray Machine,Radiant Suppliers,China
6725,15,330,2024-05-14,City Medical Center,Lagos,MRI Machine,TechHealth Inc.,Canada
6726,10,450,2024-05-19,Central Hospital,Rivers,Ultrasound,HealthEquip Ltd.,UK
6727,7,200,2024-05-24,Metro Hospital,Abuja,X-Ray Machine,Radiant Suppliers,China
6728,25,280,2024-05-29,Hope Clinic,Kano,CT Scanner,TechHealth Inc.,Canada
6729,30,400,2024-06-03,Sunshine Hospital,Lagos,MRI Machine,MedTech Co.,USA
6730,15,170,2024-06-08,General Hospital,Enugu,Ultrasound,HealthEquip Ltd.,UK
6731,12,300,2024-06-13,State Medical Center,Oyo,CT Scanner,MedTech Co.,USA
6732,6,400,2024-06-18,Healing Hands Hospital,Rivers,MRI Machine,HealthEquip Ltd.,Canada
6733,8,250,2024-06-23,Metro Medical Center,Abuja,X-Ray Machine,TechHealth Inc.,UK
6734,14,150,2024-06-28,Central Clinic,Kaduna,Ultrasound,MedTech Co.,China
6735,25,220,2024-07-03,Community Hospital,Lagos,MRI Machine,MedTech Co.,USA
6736,18,600,2024-07-08,Sunshine Medical,Kano,CT Scanner,HealthEquip Ltd.,UK
6737,10,150,2024-07-13,Hope Hospital,Enugu,Ultrasound,Radiant Suppliers,China
6738,11,300,2024-07-18,City Medical Center,Oyo,X-Ray Machine,HealthEquip Ltd.,UK
6739,25,320,2024-07-23,State Hospital,Lagos,MRI Machine,Radiant Suppliers,China
6740,12,400,2024-07-28,General Hospital,Kaduna,CT Scanner,HealthEquip Ltd.,UK
6741,30,200,2024-08-02,Healing Touch Hospital,Rivers,X-Ray Machine,Radiant Suppliers,China
6742,15,150,2024-08-07,Metro Hospital,Abuja,Ultrasound,TechHealth Inc.,Canada
6743,20,350,2024-08-12,Central Hospital,Enugu,MRI Machine,MedTech Co.,USA
6744,5,450,2024-08-17,Sunshine Hospital,Lagos,CT Scanner,HealthEquip Ltd.,UK
6745,10,250,2024-08-22,Community Hospital,Abuja,Ultrasound,Radiant Suppliers,China
6746,14,150,2024-08-27,Hope Clinic,Kano,MRI Machine,TechHealth Inc.,Canada
6747,20,300,2024-09-01,Healing Hands Hospital,Lagos,Defibrillator,SoloSupplier Inc.,UK
6748,5,750,2024-09-06,City Hospital,Rivers,Ventilator,ExclusiveTech Ltd.,Germany
6749,10,400,2024-09-11,Metro Medical Center,Abuja,Surgical Table,HealthEquip Ltd.,UK
6750,12,200,2024-09-16,State Hospital,Oyo,MRI Machine,MedTech Co.,USA
6751,10,250,2024-01-15,General Hospital,Lagos,MRI Machine,MedTech Co.,USA
6752,5,200,2024-01-20,City Hospital,Abuja,MRI Machine,HealthEquip Ltd.,UK
6753,20,150,2024-01-25,Central Hospital,Rivers,X-Ray Machine,Radiant Suppliers,China
6754,15,300,2024-01-30,Sunshine Hospital,Lagos,CT Scanner,TechHealth Inc.,Canada
6755,8,500,2024-02-04,Community Hospital,Kaduna,Ultrasound,HealthEquip Ltd.,UK
6756,12,180,2024-02-09,Healing Hands Hospital,Enugu,X-Ray Machine,Radiant Suppliers,China
6757,25,220,2024-02-14,Hope Hospital,Kano,MRI Machine,MedTech Co.,USA
6758,30,320,2024-02-19,Unity Hospital,Lagos,CT Scanner,TechHealth Inc.,Canada
6759,10,550,2024-02-24,Metro Hospital,Abuja,Ultrasound,HealthEquip Ltd.,UK
6760,50,130,2024-02-29,State Hospital,Oyo,X-Ray Machine,Radiant Suppliers,China
6761,20,270,2024-03-05,City Medical Center,Lagos,MRI Machine,MedTech Co.,USA
6762,6,300,2024-03-10,General Hospital,Rivers,CT Scanner,TechHealth Inc.,Canada
6763,15,250,2024-03-15,Central Clinic,Ogun,Ultrasound,HealthEquip Ltd.,UK
6764,4,450,2024-03-20,Healing Touch Hospital,Enugu,MRI Machine,Radiant Suppliers,China
6765,25,180,2024-03-25,Sunshine Medical,Lagos,X-Ray Machine,MedTech Co.,USA
6766,18,600,2024-03-30,Hope Clinic,Kano,CT Scanner,HealthEquip Ltd.,UK
6767,14,150,2024-04-04,Metro Medical Center,Abuja,Ultrasound,TechHealth Inc.,Canada
6768,11,200,2024-04-09,State Medical Center,Oyo,MRI Machine,MedTech Co.,USA
6769,30,400,2024-04-14,General Clinic,Lagos,CT Scanner,HealthEquip Ltd.,UK
6770,10,150,2024-04-19,City Hospital,Rivers,Ultrasound,TechHealth Inc.,Canada
6771,12,350,2024-04-24,Hope Hospital,Abuja,MRI Machine,Radiant Suppliers,China
6772,10,450,2024-04-29,Healing Hands Hospital,Enugu,X-Ray Machine,HealthEquip Ltd.,UK
6773,5,600,2024-05-04,Central Hospital,Kaduna,Ultrasound,MedTech Co.,USA
6774,20,120,2024-05-09,State Hospital,Oyo,X-Ray Machine,Radiant Suppliers,China
6775,15,330,2024-05-14,City Medical Center,Lagos,MRI Machine,TechHealth Inc.,Canada
6776,10,450,2024-05-19,Central Hospital,Rivers,Ultrasound,HealthEquip Ltd.,UK
6777,7,200,2024-05-24,Metro Hospital,Abuja,X-Ray Machine,Radiant Suppliers,China
6778,25,280,2024-05-29,Hope Clinic,Kano,CT Scanner,TechHealth Inc.,Canada
6779,30,400,2024-06-03,Sunshine Hospital,Lagos,MRI Machine,MedTech Co.,USA
6780,15,170,2024-06-08,General Hospital,Enugu,Ultrasound,HealthEquip Ltd.,UK
6781,12,300,2024-06-13,State Medical Center,Oyo,CT Scanner,MedTech Co.,USA
6782,6,400,2024-06-18,Healing Hands Hospital,Rivers,MRI Machine,HealthEquip Ltd.,Canada
6783,8,250,2024-06-23,Metro Medical Center,Abuja,X-Ray Machine,TechHealth Inc.,UK
6784,14,150,2024-06-28,Central Clinic,Kaduna,Ultrasound,MedTech Co.,China
6785,25,220,2024-07-03,Community Hospital,Lagos,MRI Machine,MedTech Co.,USA
6786,18,600,2024-07-08,Sunshine Medical,Kano,CT Scanner,HealthEquip Ltd.,UK
6787,10,150,2024-07-13,Hope Hospital,Enugu,Ultrasound,Radiant Suppliers,China
6788,11,300,2024-07-18,City Medical Center,Oyo,X-Ray Machine,HealthEquip Ltd.,UK
6789,25,320,2024-07-23,State Hospital,Lagos,MRI Machine,Radiant Suppliers,China
6790,12,400,2024-07-28,General Hospital,Kaduna,CT Scanner,HealthEquip Ltd.,UK
6791,30,200,2024-08-02,Healing Touch Hospital,Rivers,X-Ray Machine,Radiant Suppliers,China
6792,15,150,2024-08-07,Metro Hospital,Abuja,Ultrasound,TechHealth Inc.,Canada
6793,20,350,2024-08-12,Central Hospital,Enugu,MRI Machine,MedTech Co.,USA
6794,5,450,2024-08-17,Sunshine Hospital,Lagos,CT Scanner,HealthEquip Ltd.,UK
6795,10,250,2024-08-22,Community Hospital,Abuja,Ultrasound,Radiant Suppliers,China
6796,14,150,2024-08-27,Hope Clinic,Kano,MRI Machine,TechHealth Inc.,Canada
6797,20,300,2024-09-01,Healing Hands Hospital,Lagos,Defibrillator,SoloSupplier Inc.,UK
6798,5,750,2024-09-06,City Hospital,Rivers,Ventilator,ExclusiveTech Ltd.,Germany
6799,10,400,2024-09-11,Metro Medical Center,Abuja,Surgical Table,HealthEquip Ltd.,UK
6800,12,200,2024-09-16,State Hospital,Oyo,MRI Machine,MedTech Co.,USA
6801,10,250,2024-01-15,General Hospital,Lagos,MRI Machine,MedTech Co.,USA
6802,5,200,2024-01-20,City Hospital,Abuja,MRI Machine,HealthEquip Ltd.,UK
6803,20,150,2024-01-25,Central Hospital,Rivers,X-Ray Machine,Radiant Suppliers,China
6804,15,300,2024-01-30,Sunshine Hospital,Lagos,CT Scanner,TechHealth Inc.,Canada
6805,8,500,2024-02-04,Community Hospital,Kaduna,Ultrasound,HealthEquip Ltd.,UK
6806,12,180,2024-02-09,Healing Hands Hospital,Enugu,X-Ray Machine,Radiant Suppliers,China
6807,25,220,2024-02-14,Hope Hospital,Kano,MRI Machine,MedTech Co.,USA
6808,30,320,2024-02-19,Unity Hospital,Lagos,CT Scanner,TechHealth Inc.,Canada
6809,10,550,2024-02-24,Metro Hospital,Abuja,Ultrasound,HealthEquip Ltd.,UK
6810,50,130,2024-02-29,State Hospital,Oyo,X-Ray Machine,Radiant Suppliers,China
6811,20,270,2024-03-05,City Medical Center,Lagos,MRI Machine,MedTech Co.,USA
6812,6,300,2024-03-10,General Hospital,Rivers,CT Scanner,TechHealth Inc.,Canada
6813,15,250,2024-03-15,Central Clinic,Ogun,Ultrasound,HealthEquip Ltd.,UK
6814,4,450,2024-03-20,Healing Touch Hospital,Enugu,MRI Machine,Radiant Suppliers,China
6815,25,180,2024-03-25,Sunshine Medical,Lagos,X-Ray Machine,MedTech Co.,USA
6816,18,600,2024-03-30,Hope Clinic,Kano,CT Scanner,HealthEquip Ltd.,UK
6817,14,150,2024-04-04,Metro Medical Center,Abuja,Ultrasound,TechHealth Inc.,Canada
6818,11,200,2024-04-09,State Medical Center,Oyo,MRI Machine,MedTech Co.,USA
6819,30,400,2024-04-14,General Clinic,Lagos,CT Scanner,HealthEquip Ltd.,UK
6820,10,150,2024-04-19,City Hospital,Rivers,Ultrasound,TechHealth Inc.,Canada
6821,12,350,2024-04-24,Hope Hospital,Abuja,MRI Machine,Radiant Suppliers,China
6822,10,450,2024-04-29,Healing Hands Hospital,Enugu,X-Ray Machine,HealthEquip Ltd.,UK
6823,5,600,2024-05-04,Central Hospital,Kaduna,Ultrasound,MedTech Co.,USA
6824,20,120,2024-05-09,State Hospital,Oyo,X-Ray Machine,Radiant Suppliers,China
6825,15,330,2024-05-14,City Medical Center,Lagos,MRI Machine,TechHealth Inc.,Canada
6826,10,450,2024-05-19,Central Hospital,Rivers,Ultrasound,HealthEquip Ltd.,UK
6827,7,200,2024-05-24,Metro Hospital,Abuja,X-Ray Machine,Radiant Suppliers,China
6828,25,280,2024-05-29,Hope Clinic,Kano,CT Scanner,TechHealth Inc.,Canada
6829,30,400,2024-06-03,Sunshine Hospital,Lagos,MRI Machine,MedTech Co.,USA
6830,15,170,2024-06-08,General Hospital,Enugu,Ultrasound,HealthEquip Ltd.,UK
6831,12,300,2024-06-13,State Medical Center,Oyo,CT Scanner,MedTech Co.,USA
6832,6,400,2024-06-18,Healing Hands Hospital,Rivers,MRI Machine,HealthEquip Ltd.,Canada
6833,8,250,2024-06-23,Metro Medical Center,Abuja,X-Ray Machine,TechHealth Inc.,UK
6834,14,150,2024-06-28,Central Clinic,Kaduna,Ultrasound,MedTech Co.,China
6835,25,220,2024-07-03,Community Hospital,Lagos,MRI Machine,MedTech Co.,USA
6836,18,600,2024-07-08,Sunshine Medical,Kano,CT Scanner,HealthEquip Ltd.,UK
6837,10,150,2024-07-13,Hope Hospital,Enugu,Ultrasound,Radiant Suppliers,China
6838,11,300,2024-07-18,City Medical Center,Oyo,X-Ray Machine,HealthEquip Ltd.,UK
6839,25,320,2024-07-23,State Hospital,Lagos,MRI Machine,Radiant Suppliers,China
6840,12,400,2024-07-28,General Hospital,Kaduna,CT Scanner,HealthEquip Ltd.,UK
6841,30,200,2024-08-02,Healing Touch Hospital,Rivers,X-Ray Machine,Radiant Suppliers,China
6842,15,150,2024-08-07,Metro Hospital,Abuja,Ultrasound,TechHealth Inc.,Canada
6843,20,350,2024-08-12,Central Hospital,Enugu,MRI Machine,MedTech Co.,USA
6844,5,450,2024-08-17,Sunshine Hospital,Lagos,CT Scanner,HealthEquip Ltd.,UK
6845,10,250,2024-08-22,Community Hospital,Abuja,Ultrasound,Radiant Suppliers,China
6846,14,150,2024-08-27,Hope Clinic,Kano,MRI Machine,TechHealth Inc.,Canada
6847,20,300,2024-09-01,Healing Hands Hospital,Lagos,Defibrillator,SoloSupplier Inc.,UK
6848,5,750,2024-09-06,City Hospital,Rivers,Ventilator,ExclusiveTech Ltd.,Germany
6849,10,400,2024-09-11,Metro Medical Center,Abuja,Surgical Table,HealthEquip Ltd.,UK
6850,12,200,2024-09-16,State Hospital,Oyo,MRI Machine,MedTech Co.,USA
6851,10,250,2024-01-15,General Hospital,Lagos,MRI Machine,MedTech Co.,USA
6852,5,200,2024-01-20,City Hospital,Abuja,MRI Machine,HealthEquip Ltd.,UK
6853,20,150,2024-01-25,Central Hospital,Rivers,X-Ray Machine,Radiant Suppliers,China
6854,15,300,2024-01-30,Sunshine Hospital,Lagos,CT Scanner,TechHealth Inc.,Canada
6855,8,500,2024-02-04,Community Hospital,Kaduna,Ultrasound,HealthEquip Ltd.,UK
6856,12,180,2024-02-09,Healing Hands Hospital,Enugu,X-Ray Machine,Radiant Suppliers,China
6857,25,220,2024-02-14,Hope Hospital,Kano,MRI Machine,MedTech Co.,USA
6858,30,320,2024-02-19,Unity Hospital,Lagos,CT Scanner,TechHealth Inc.,Canada
6859,10,550,2024-02-24,Metro Hospital,Abuja,Ultrasound,HealthEquip Ltd.,UK
6860,50,130,2024-02-29,State Hospital,Oyo,X-Ray Machine,Radiant Suppliers,China
6861,20,270,2024-03-05,City Medical Center,Lagos,MRI Machine,MedTech Co.,USA
6862,6,300,2024-03-10,General Hospital,Rivers,CT Scanner,TechHealth Inc.,Canada
6863,15,250,2024-03-15,Central Clinic,Ogun,Ultrasound,HealthEquip Ltd.,UK
6864,4,450,2024-03-20,Healing Touch Hospital,Enugu,MRI Machine,Radiant Suppliers,China
6865,25,180,2024-03-25,Sunshine Medical,Lagos,X-Ray Machine,MedTech Co.,USA
6866,18,600,2024-03-30,Hope Clinic,Kano,CT Scanner,HealthEquip Ltd.,UK
6867,14,150,2024-04-04,Metro Medical Center,Abuja,Ultrasound,TechHealth Inc.,Canada
6868,11,200,2024-04-09,State Medical Center,Oyo,MRI Machine,MedTech Co.,USA
6869,30,400,2024-04-14,General Clinic,Lagos,CT Scanner,HealthEquip Ltd.,UK
6870,10,150,2024-04-19,City Hospital,Rivers,Ultrasound,TechHealth Inc.,Canada
6871,12,350,2024-04-24,Hope Hospital,Abuja,MRI Machine,Radiant Suppliers,China
6872,10,450,2024-04-29,Healing Hands Hospital,Enugu,X-Ray Machine,HealthEquip Ltd.,UK
6873,5,600,2024-05-04,Central Hospital,Kaduna,Ultrasound,MedTech Co.,USA
6874,20,120,2024-05-09,State Hospital,Oyo,X-Ray Machine,Radiant Suppliers,China
6875,15,330,2024-05-14,City Medical Center,Lagos,MRI Machine,TechHealth Inc.,Canada
6876,10,450,2024-05-19,Central Hospital,Rivers,Ultrasound,HealthEquip Ltd.,UK
6877,7,200,2024-05-24,Metro Hospital,Abuja,X-Ray Machine,Radiant Suppliers,China
6878,25,280,2024-05-29,Hope Clinic,Kano,CT Scanner,TechHealth Inc.,Canada
6879,30,400,2024-06-03,Sunshine Hospital,Lagos,MRI Machine,MedTech Co.,USA
6880,15,170,2024-06-08,General Hospital,Enugu,Ultrasound,HealthEquip Ltd.,UK
6881,12,300,2024-06-13,State Medical Center,Oyo,CT Scanner,MedTech Co.,USA
6882,6,400,2024-06-18,Healing Hands Hospital,Rivers,MRI Machine,HealthEquip Ltd.,Canada
6883,8,250,2024-06-23,Metro Medical Center,Abuja,X-Ray Machine,TechHealth Inc.,UK
6884,14,150,2024-06-28,Central Clinic,Kaduna,Ultrasound,MedTech Co.,China
6885,25,220,2024-07-03,Community Hospital,Lagos,MRI Machine,MedTech Co.,USA
6886,18,600,2024-07-08,Sunshine Medical,Kano,CT Scanner,HealthEquip Ltd.,UK
6887,10,150,2024-07-13,Hope Hospital,Enugu,Ultrasound,Radiant Suppliers,China
6888,11,300,2024-07-18,City Medical Center,Oyo,X-Ray Machine,HealthEquip Ltd.,UK
6889,25,320,2024-07-23,State Hospital,Lagos,MRI Machine,Radiant Suppliers,China
6890,12,400,2024-07-28,General Hospital,Kaduna,CT Scanner,HealthEquip Ltd.,UK
6891,30,200,2024-08-02,Healing Touch Hospital,Rivers,X-Ray Machine,Radiant Suppliers,China
6892,15,150,2024-08-07,Metro Hospital,Abuja,Ultrasound,TechHealth Inc.,Canada
6893,20,350,2024-08-12,Central Hospital,Enugu,MRI Machine,MedTech Co.,USA
6894,5,450,2024-08-17,Sunshine Hospital,Lagos,CT Scanner,HealthEquip Ltd.,UK
6895,10,250,2024-08-22,Community Hospital,Abuja,Ultrasound,Radiant Suppliers,China
6896,14,150,2024-08-27,Hope Clinic,Kano,MRI Machine,TechHealth Inc.,Canada
6897,20,300,2024-09-01,Healing Hands Hospital,Lagos,Defibrillator,SoloSupplier Inc.,UK
6898,5,750,2024-09-06,City Hospital,Rivers,Ventilator,ExclusiveTech Ltd.,Germany
6899,10,400,2024-09-11,Metro Medical Center,Abuja,Surgical Table,HealthEquip Ltd.,UK
6900,12,200,2024-09-16,State Hospital,Oyo,MRI Machine,MedTech Co.,USA
6901,10,250,2024-01-15,General Hospital,Lagos,MRI Machine,MedTech Co.,USA
6902,5,200,2024-01-20,City Hospital,Abuja,MRI Machine,HealthEquip Ltd.,UK
6903,20,150,2024-01-25,Central Hospital,Rivers,X-Ray Machine,Radiant Suppliers,China
6904,15,300,2024-01-30,Sunshine Hospital,Lagos,CT Scanner,TechHealth Inc.,Canada
6905,8,500,2024-02-04,Community Hospital,Kaduna,Ultrasound,HealthEquip Ltd.,UK
6906,12,180,2024-02-09,Healing Hands Hospital,Enugu,X-Ray Machine,Radiant Suppliers,China
6907,25,220,2024-02-14,Hope Hospital,Kano,MRI Machine,MedTech Co.,USA
6908,30,320,2024-02-19,Unity Hospital,Lagos,CT Scanner,TechHealth Inc.,Canada
6909,10,550,2024-02-24,Metro Hospital,Abuja,Ultrasound,HealthEquip Ltd.,UK
6910,50,130,2024-02-29,State Hospital,Oyo,X-Ray Machine,Radiant Suppliers,China
6911,20,270,2024-03-05,City Medical Center,Lagos,MRI Machine,MedTech Co.,USA
6912,6,300,2024-03-10,General Hospital,Rivers,CT Scanner,TechHealth Inc.,Canada
6913,15,250,2024-03-15,Central Clinic,Ogun,Ultrasound,HealthEquip Ltd.,UK
6914,4,450,2024-03-20,Healing Touch Hospital,Enugu,MRI Machine,Radiant Suppliers,China
6915,25,180,2024-03-25,Sunshine Medical,Lagos,X-Ray Machine,MedTech Co.,USA
6916,18,600,2024-03-30,Hope Clinic,Kano,CT Scanner,HealthEquip Ltd.,UK
6917,14,150,2024-04-04,Metro Medical Center,Abuja,Ultrasound,TechHealth Inc.,Canada
6918,11,200,2024-04-09,State Medical Center,Oyo,MRI Machine,MedTech Co.,USA
6919,30,400,2024-04-14,General Clinic,Lagos,CT Scanner,HealthEquip Ltd.,UK
6920,10,150,2024-04-19,City Hospital,Rivers,Ultrasound,TechHealth Inc.,Canada
6921,12,350,2024-04-24,Hope Hospital,Abuja,MRI Machine,Radiant Suppliers,China
6922,10,450,2024-04-29,Healing Hands Hospital,Enugu,X-Ray Machine,HealthEquip Ltd.,UK
6923,5,600,2024-05-04,Central Hospital,Kaduna,Ultrasound,MedTech Co.,USA
6924,20,120,2024-05-09,State Hospital,Oyo,X-Ray Machine,Radiant Suppliers,China
6925,15,330,2024-05-14,City Medical Center,Lagos,MRI Machine,TechHealth Inc.,Canada
6926,10,450,2024-05-19,Central Hospital,Rivers,Ultrasound,HealthEquip Ltd.,UK
6927,7,200,2024-05-24,Metro Hospital,Abuja,X-Ray Machine,Radiant Suppliers,China
6928,25,280,2024-05-29,Hope Clinic,Kano,CT Scanner,TechHealth Inc.,Canada
6929,30,400,2024-06-03,Sunshine Hospital,Lagos,MRI Machine,MedTech Co.,USA
6930,15,170,2024-06-08,General Hospital,Enugu,Ultrasound,HealthEquip Ltd.,UK
6931,12,300,2024-06-13,State Medical Center,Oyo,CT Scanner,MedTech Co.,USA
6932,6,400,2024-06-18,Healing Hands Hospital,Rivers,MRI Machine,HealthEquip Ltd.,Canada
6933,8,250,2024-06-23,Metro Medical Center,Abuja,X-Ray Machine,TechHealth Inc.,UK
6934,14,150,2024-06-28,Central Clinic,Kaduna,Ultrasound,MedTech Co.,China
6935,25,220,2024-07-03,Community Hospital,Lagos,MRI Machine,MedTech Co.,USA
6936,18,600,2024-07-08,Sunshine Medical,Kano,CT Scanner,HealthEquip Ltd.,UK
6937,10,150,2024-07-13,Hope Hospital,Enugu,Ultrasound,Radiant Suppliers,China
6938,11,300,2024-07-18,City Medical Center,Oyo,X-Ray Machine,HealthEquip Ltd.,UK
6939,25,320,2024-07-23,State Hospital,Lagos,MRI Machine,Radiant Suppliers,China
6940,12,400,2024-07-28,General Hospital,Kaduna,CT Scanner,HealthEquip Ltd.,UK
6941,30,200,2024-08-02,Healing Touch Hospital,Rivers,X-Ray Machine,Radiant Suppliers,China
6942,15,150,2024-08-07,Metro Hospital,Abuja,Ultrasound,TechHealth Inc.,Canada
6943,20,350,2024-08-12,Central Hospital,Enugu,MRI Machine,MedTech Co.,USA
6944,5,450,2024-08-17,Sunshine Hospital,Lagos,CT Scanner,HealthEquip Ltd.,UK
6945,10,250,2024-08-22,Community Hospital,Abuja,Ultrasound,Radiant Suppliers,China
6946,14,150,2024-08-27,Hope Clinic,Kano,MRI Machine,TechHealth Inc.,Canada
6947,20,300,2024-09-01,Healing Hands Hospital,Lagos,Defibrillator,SoloSupplier Inc.,UK
6948,5,750,2024-09-06,City Hospital,Rivers,Ventilator,ExclusiveTech Ltd.,Germany
6949,10,400,2024-09-11,Metro Medical Center,Abuja,Surgical Table,HealthEquip Ltd.,UK
6950,12,200,2024-09-16,State Hospital,Oyo,MRI Machine,MedTech Co.,USA
6951,10,250,2024-01-15,General Hospital,Lagos,MRI Machine,MedTech Co.,USA
6952,5,200,2024-01-20,City Hospital,Abuja,MRI Machine,HealthEquip Ltd.,UK
6953,20,150,2024-01-25,Central Hospital,Rivers,X-Ray Machine,Radiant Suppliers,China
6954,15,300,2024-01-30,Sunshine Hospital,Lagos,CT Scanner,TechHealth Inc.,Canada
6955,8,500,2024-02-04,Community Hospital,Kaduna,Ultrasound,HealthEquip Ltd.,UK
6956,12,180,2024-02-09,Healing Hands Hospital,Enugu,X-Ray Machine,Radiant Suppliers,China
6957,25,220,2024-02-14,Hope Hospital,Kano,MRI Machine,MedTech Co.,USA
6958,30,320,2024-02-19,Unity Hospital,Lagos,CT Scanner,TechHealth Inc.,Canada
6959,10,550,2024-02-24,Metro Hospital,Abuja,Ultrasound,HealthEquip Ltd.,UK
6960,50,130,2024-02-29,State Hospital,Oyo,X-Ray Machine,Radiant Suppliers,China
6961,20,270,2024-03-05,City Medical Center,Lagos,MRI Machine,MedTech Co.,USA
6962,6,300,2024-03-10,General Hospital,Rivers,CT Scanner,TechHealth Inc.,Canada
6963,15,250,2024-03-15,Central Clinic,Ogun,Ultrasound,HealthEquip Ltd.,UK
6964,4,450,2024-03-20,Healing Touch Hospital,Enugu,MRI Machine,Radiant Suppliers,China
6965,25,180,2024-03-25,Sunshine Medical,Lagos,X-Ray Machine,MedTech Co.,USA
6966,18,600,2024-03-30,Hope Clinic,Kano,CT Scanner,HealthEquip Ltd.,UK
6967,14,150,2024-04-04,Metro Medical Center,Abuja,Ultrasound,TechHealth Inc.,Canada
6968,11,200,2024-04-09,State Medical Center,Oyo,MRI Machine,MedTech Co.,USA
6969,30,400,2024-04-14,General Clinic,Lagos,CT Scanner,HealthEquip Ltd.,UK
6970,10,150,2024-04-19,City Hospital,Rivers,Ultrasound,TechHealth Inc.,Canada
6971,12,350,2024-04-24,Hope Hospital,Abuja,MRI Machine,Radiant Suppliers,China
6972,10,450,2024-04-29,Healing Hands Hospital,Enugu,X-Ray Machine,HealthEquip Ltd.,UK
6973,5,600,2024-05-04,Central Hospital,Kaduna,Ultrasound,MedTech Co.,USA
6974,20,120,2024-05-09,State Hospital,Oyo,X-Ray Machine,Radiant Suppliers,China
6975,15,330,2024-05-14,City Medical Center,Lagos,MRI Machine,TechHealth Inc.,Canada
6976,10,450,2024-05-19,Central Hospital,Rivers,Ultrasound,HealthEquip Ltd.,UK
6977,7,200,2024-05-24,Metro Hospital,Abuja,X-Ray Machine,Radiant Suppliers,China
6978,25,280,2024-05-29,Hope Clinic,Kano,CT Scanner,TechHealth Inc.,Canada
6979,30,400,2024-06-03,Sunshine Hospital,Lagos,MRI Machine,MedTech Co.,USA
6980,15,170,2024-06-08,General Hospital,Enugu,Ultrasound,HealthEquip Ltd.,UK
6981,12,300,2024-06-13,State Medical Center,Oyo,CT Scanner,MedTech Co.,USA
6982,6,400,2024-06-18,Healing Hands Hospital,Rivers,MRI Machine,HealthEquip Ltd.,Canada
6983,8,250,2024-06-23,Metro Medical Center,Abuja,X-Ray Machine,TechHealth Inc.,UK
6984,14,150,2024-06-28,Central Clinic,Kaduna,Ultrasound,MedTech Co.,China
6985,25,220,2024-07-03,Community Hospital,Lagos,MRI Machine,MedTech Co.,USA
6986,18,600,2024-07-08,Sunshine Medical,Kano,CT Scanner,HealthEquip Ltd.,UK
6987,10,150,2024-07-13,Hope Hospital,Enugu,Ultrasound,Radiant Suppliers,China
6988,11,300,2024-07-18,City Medical Center,Oyo,X-Ray Machine,HealthEquip Ltd.,UK
6989,25,320,2024-07-23,State Hospital,Lagos,MRI Machine,Radiant Suppliers,China
6990,12,400,2024-07-28,General Hospital,Kaduna,CT Scanner,HealthEquip Ltd.,UK
6991,30,200,2024-08-02,Healing Touch Hospital,Rivers,X-Ray Machine,Radiant Suppliers,China
6992,15,150,2024-08-07,Metro Hospital,Abuja,Ultrasound,TechHealth Inc.,Canada
6993,20,350,2024-08-12,Central Hospital,Enugu,MRI Machine,MedTech Co.,USA
6994,5,450,2024-08-17,Sunshine Hospital,Lagos,CT Scanner,HealthEquip Ltd.,UK
6995,10,250,2024-08-22,Community Hospital,Abuja,Ultrasound,Radiant Suppliers,China
6996,14,150,2024-08-27,Hope Clinic,Kano,MRI Machine,TechHealth Inc.,Canada
6997,20,300,2024-09-01,Healing Hands Hospital,Lagos,Defibrillator,SoloSupplier Inc.,UK
6998,5,750,2024-09-06,City Hospital,Rivers,Ventilator,ExclusiveTech Ltd.,Germany
6999,10,400,2024-09-11,Metro Medical Center,Abuja,Surgical Table,HealthEquip Ltd.,UK
7000,12,200,2024-09-16,State Hospital,Oyo,MRI Machine,MedTech Co.,USA
7001,10,250,2024-01-15,General Hospital,Lagos,MRI Machine,MedTech Co.,USA
7002,5,200,2024-01-20,City Hospital,Abuja,MRI Machine,HealthEquip Ltd.,UK
7003,20,150,2024-01-25,Central Hospital,Rivers,X-Ray Machine,Radiant Suppliers,China
7004,15,300,2024-01-30,Sunshine Hospital,Lagos,CT Scanner,TechHealth Inc.,Canada
7005,8,500,2024-02-04,Community Hospital,Kaduna,Ultrasound,HealthEquip Ltd.,UK
7006,12,180,2024-02-09,Healing Hands Hospital,Enugu,X-Ray Machine,Radiant Suppliers,China
7007,25,220,2024-02-14,Hope Hospital,Kano,MRI Machine,MedTech Co.,USA
7008,30,320,2024-02-19,Unity Hospital,Lagos,CT Scanner,TechHealth Inc.,Canada
7009,10,550,2024-02-24,Metro Hospital,Abuja,Ultrasound,HealthEquip Ltd.,UK
7010,50,130,2024-02-29,State Hospital,Oyo,X-Ray Machine,Radiant Suppliers,China
7011,20,270,2024-03-05,City Medical Center,Lagos,MRI Machine,MedTech Co.,USA
7012,6,300,2024-03-10,General Hospital,Rivers,CT Scanner,TechHealth Inc.,Canada
7013,15,250,2024-03-15,Central Clinic,Ogun,Ultrasound,HealthEquip Ltd.,UK
7014,4,450,2024-03-20,Healing Touch Hospital,Enugu,MRI Machine,Radiant Suppliers,China
7015,25,180,2024-03-25,Sunshine Medical,Lagos,X-Ray Machine,MedTech Co.,USA
7016,18,600,2024-03-30,Hope Clinic,Kano,CT Scanner,HealthEquip Ltd.,UK
7017,14,150,2024-04-04,Metro Medical Center,Abuja,Ultrasound,TechHealth Inc.,Canada
7018,11,200,2024-04-09,State Medical Center,Oyo,MRI Machine,MedTech Co.,USA
7019,30,400,2024-04-14,General Clinic,Lagos,CT Scanner,HealthEquip Ltd.,UK
7020,10,150,2024-04-19,City Hospital,Rivers,Ultrasound,TechHealth Inc.,Canada
7021,12,350,2024-04-24,Hope Hospital,Abuja,MRI Machine,Radiant Suppliers,China
7022,10,450,2024-04-29,Healing Hands Hospital,Enugu,X-Ray Machine,HealthEquip Ltd.,UK
7023,5,600,2024-05-04,Central Hospital,Kaduna,Ultrasound,MedTech Co.,USA
7024,20,120,2024-05-09,State Hospital,Oyo,X-Ray Machine,Radiant Suppliers,China
7025,15,330,2024-05-14,City Medical Center,Lagos,MRI Machine,TechHealth Inc.,Canada
7026,10,450,2024-05-19,Central Hospital,Rivers,Ultrasound,HealthEquip Ltd.,UK
7027,7,200,2024-05-24,Metro Hospital,Abuja,X-Ray Machine,Radiant Suppliers,China
7028,25,280,2024-05-29,Hope Clinic,Kano,CT Scanner,TechHealth Inc.,Canada
7029,30,400,2024-06-03,Sunshine Hospital,Lagos,MRI Machine,MedTech Co.,USA
7030,15,170,2024-06-08,General Hospital,Enugu,Ultrasound,HealthEquip Ltd.,UK
7031,12,300,2024-06-13,State Medical Center,Oyo,CT Scanner,MedTech Co.,USA
7032,6,400,2024-06-18,Healing Hands Hospital,Rivers,MRI Machine,HealthEquip Ltd.,Canada
7033,8,250,2024-06-23,Metro Medical Center,Abuja,X-Ray Machine,TechHealth Inc.,UK
7034,14,150,2024-06-28,Central Clinic,Kaduna,Ultrasound,MedTech Co.,China
7035,25,220,2024-07-03,Community Hospital,Lagos,MRI Machine,MedTech Co.,USA
7036,18,600,2024-07-08,Sunshine Medical,Kano,CT Scanner,HealthEquip Ltd.,UK
7037,10,150,2024-07-13,Hope Hospital,Enugu,Ultrasound,Radiant Suppliers,China
7038,11,300,2024-07-18,City Medical Center,Oyo,X-Ray Machine,HealthEquip Ltd.,UK
7039,25,320,2024-07-23,State Hospital,Lagos,MRI Machine,Radiant Suppliers,China
7040,12,400,2024-07-28,General Hospital,Kaduna,CT Scanner,HealthEquip Ltd.,UK
7041,30,200,2024-08-02,Healing Touch Hospital,Rivers,X-Ray Machine,Radiant Suppliers,China
7042,15,150,2024-08-07,Metro Hospital,Abuja,Ultrasound,TechHealth Inc.,Canada
7043,20,350,2024-08-12,Central Hospital,Enugu,MRI Machine,MedTech Co.,USA
7044,5,450,2024-08-17,Sunshine Hospital,Lagos,CT Scanner,HealthEquip Ltd.,UK
7045,10,250,2024-08-22,Community Hospital,Abuja,Ultrasound,Radiant Suppliers,China
7046,14,150,2024-08-27,Hope Clinic,Kano,MRI Machine,TechHealth Inc.,Canada
7047,20,300,2024-09-01,Healing Hands Hospital,Lagos,Defibrillator,SoloSupplier Inc.,UK
7048,5,750,2024-09-06,City Hospital,Rivers,Ventilator,ExclusiveTech Ltd.,Germany
7049,10,400,2024-09-11,Metro Medical Center,Abuja,Surgical Table,HealthEquip Ltd.,UK
7050,12,200,2024-09-16,State Hospital,Oyo,MRI Machine,MedTech Co.,USA
7051,10,250,2024-01-15,General Hospital,Lagos,MRI Machine,MedTech Co.,USA
7052,5,200,2024-01-20,City Hospital,Abuja,MRI Machine,HealthEquip Ltd.,UK
7053,20,150,2024-01-25,Central Hospital,Rivers,X-Ray Machine,Radiant Suppliers,China
7054,15,300,2024-01-30,Sunshine Hospital,Lagos,CT Scanner,TechHealth Inc.,Canada
7055,8,500,2024-02-04,Community Hospital,Kaduna,Ultrasound,HealthEquip Ltd.,UK
7056,12,180,2024-02-09,Healing Hands Hospital,Enugu,X-Ray Machine,Radiant Suppliers,China
7057,25,220,2024-02-14,Hope Hospital,Kano,MRI Machine,MedTech Co.,USA
7058,30,320,2024-02-19,Unity Hospital,Lagos,CT Scanner,TechHealth Inc.,Canada
7059,10,550,2024-02-24,Metro Hospital,Abuja,Ultrasound,HealthEquip Ltd.,UK
7060,50,130,2024-02-29,State Hospital,Oyo,X-Ray Machine,Radiant Suppliers,China
7061,20,270,2024-03-05,City Medical Center,Lagos,MRI Machine,MedTech Co.,USA
7062,6,300,2024-03-10,General Hospital,Rivers,CT Scanner,TechHealth Inc.,Canada
7063,15,250,2024-03-15,Central Clinic,Ogun,Ultrasound,HealthEquip Ltd.,UK
7064,4,450,2024-03-20,Healing Touch Hospital,Enugu,MRI Machine,Radiant Suppliers,China
7065,25,180,2024-03-25,Sunshine Medical,Lagos,X-Ray Machine,MedTech Co.,USA
7066,18,600,2024-03-30,Hope Clinic,Kano,CT Scanner,HealthEquip Ltd.,UK
7067,14,150,2024-04-04,Metro Medical Center,Abuja,Ultrasound,TechHealth Inc.,Canada
7068,11,200,2024-04-09,State Medical Center,Oyo,MRI Machine,MedTech Co.,USA
7069,30,400,2024-04-14,General Clinic,Lagos,CT Scanner,HealthEquip Ltd.,UK
7070,10,150,2024-04-19,City Hospital,Rivers,Ultrasound,TechHealth Inc.,Canada
7071,12,350,2024-04-24,Hope Hospital,Abuja,MRI Machine,Radiant Suppliers,China
7072,10,450,2024-04-29,Healing Hands Hospital,Enugu,X-Ray Machine,HealthEquip Ltd.,UK
7073,5,600,2024-05-04,Central Hospital,Kaduna,Ultrasound,MedTech Co.,USA
7074,20,120,2024-05-09,State Hospital,Oyo,X-Ray Machine,Radiant Suppliers,China
7075,15,330,2024-05-14,City Medical Center,Lagos,MRI Machine,TechHealth Inc.,Canada
7076,10,450,2024-05-19,Central Hospital,Rivers,Ultrasound,HealthEquip Ltd.,UK
7077,7,200,2024-05-24,Metro Hospital,Abuja,X-Ray Machine,Radiant Suppliers,China
7078,25,280,2024-05-29,Hope Clinic,Kano,CT Scanner,TechHealth Inc.,Canada
7079,30,400,2024-06-03,Sunshine Hospital,Lagos,MRI Machine,MedTech Co.,USA
7080,15,170,2024-06-08,General Hospital,Enugu,Ultrasound,HealthEquip Ltd.,UK
7081,12,300,2024-06-13,State Medical Center,Oyo,CT Scanner,MedTech Co.,USA
7082,6,400,2024-06-18,Healing Hands Hospital,Rivers,MRI Machine,HealthEquip Ltd.,Canada
7083,8,250,2024-06-23,Metro Medical Center,Abuja,X-Ray Machine,TechHealth Inc.,UK
7084,14,150,2024-06-28,Central Clinic,Kaduna,Ultrasound,MedTech Co.,China
7085,25,220,2024-07-03,Community Hospital,Lagos,MRI Machine,MedTech Co.,USA
7086,18,600,2024-07-08,Sunshine Medical,Kano,CT Scanner,HealthEquip Ltd.,UK
7087,10,150,2024-07-13,Hope Hospital,Enugu,Ultrasound,Radiant Suppliers,China
7088,11,300,2024-07-18,City Medical Center,Oyo,X-Ray Machine,HealthEquip Ltd.,UK
7089,25,320,2024-07-23,State Hospital,Lagos,MRI Machine,Radiant Suppliers,China
7090,12,400,2024-07-28,General Hospital,Kaduna,CT Scanner,HealthEquip Ltd.,UK
7091,30,200,2024-08-02,Healing Touch Hospital,Rivers,X-Ray Machine,Radiant Suppliers,China
7092,15,150,2024-08-07,Metro Hospital,Abuja,Ultrasound,TechHealth Inc.,Canada
7093,20,350,2024-08-12,Central Hospital,Enugu,MRI Machine,MedTech Co.,USA
7094,5,450,2024-08-17,Sunshine Hospital,Lagos,CT Scanner,HealthEquip Ltd.,UK
7095,10,250,2024-08-22,Community Hospital,Abuja,Ultrasound,Radiant Suppliers,China
7096,14,150,2024-08-27,Hope Clinic,Kano,MRI Machine,TechHealth Inc.,Canada
7097,20,300,2024-09-01,Healing Hands Hospital,Lagos,Defibrillator,SoloSupplier Inc.,UK
7098,5,750,2024-09-06,City Hospital,Rivers,Ventilator,ExclusiveTech Ltd.,Germany
7099,10,400,2024-09-11,Metro Medical Center,Abuja,Surgical Table,HealthEquip Ltd.,UK
7100,12,200,2024-09-16,State Hospital,Oyo,MRI Machine,MedTech Co.,USA
7101,10,250,2024-01-15,General Hospital,Lagos,MRI Machine,MedTech Co.,USA
7102,5,200,2024-01-20,City Hospital,Abuja,MRI Machine,HealthEquip Ltd.,UK
7103,20,150,2024-01-25,Central Hospital,Rivers,X-Ray Machine,Radiant Suppliers,China
7104,15,300,2024-01-30,Sunshine Hospital,Lagos,CT Scanner,TechHealth Inc.,Canada
7105,8,500,2024-02-04,Community Hospital,Kaduna,Ultrasound,HealthEquip Ltd.,UK
7106,12,180,2024-02-09,Healing Hands Hospital,Enugu,X-Ray Machine,Radiant Suppliers,China
7107,25,220,2024-02-14,Hope Hospital,Kano,MRI Machine,MedTech Co.,USA
7108,30,320,2024-02-19,Unity Hospital,Lagos,CT Scanner,TechHealth Inc.,Canada
7109,10,550,2024-02-24,Metro Hospital,Abuja,Ultrasound,HealthEquip Ltd.,UK
7110,50,130,2024-02-29,State Hospital,Oyo,X-Ray Machine,Radiant Suppliers,China
7111,20,270,2024-03-05,City Medical Center,Lagos,MRI Machine,MedTech Co.,USA
7112,6,300,2024-03-10,General Hospital,Rivers,CT Scanner,TechHealth Inc.,Canada
7113,15,250,2024-03-15,Central Clinic,Ogun,Ultrasound,HealthEquip Ltd.,UK
7114,4,450,2024-03-20,Healing Touch Hospital,Enugu,MRI Machine,Radiant Suppliers,China
7115,25,180,2024-03-25,Sunshine Medical,Lagos,X-Ray Machine,MedTech Co.,USA
7116,18,600,2024-03-30,Hope Clinic,Kano,CT Scanner,HealthEquip Ltd.,UK
7117,14,150,2024-04-04,Metro Medical Center,Abuja,Ultrasound,TechHealth Inc.,Canada
7118,11,200,2024-04-09,State Medical Center,Oyo,MRI Machine,MedTech Co.,USA
7119,30,400,2024-04-14,General Clinic,Lagos,CT Scanner,HealthEquip Ltd.,UK
7120,10,150,2024-04-19,City Hospital,Rivers,Ultrasound,TechHealth Inc.,Canada
7121,12,350,2024-04-24,Hope Hospital,Abuja,MRI Machine,Radiant Suppliers,China
7122,10,450,2024-04-29,Healing Hands Hospital,Enugu,X-Ray Machine,HealthEquip Ltd.,UK
7123,5,600,2024-05-04,Central Hospital,Kaduna,Ultrasound,MedTech Co.,USA
7124,20,120,2024-05-09,State Hospital,Oyo,X-Ray Machine,Radiant Suppliers,China
7125,15,330,2024-05-14,City Medical Center,Lagos,MRI Machine,TechHealth Inc.,Canada
7126,10,450,2024-05-19,Central Hospital,Rivers,Ultrasound,HealthEquip Ltd.,UK
7127,7,200,2024-05-24,Metro Hospital,Abuja,X-Ray Machine,Radiant Suppliers,China
7128,25,280,2024-05-29,Hope Clinic,Kano,CT Scanner,TechHealth Inc.,Canada
7129,30,400,2024-06-03,Sunshine Hospital,Lagos,MRI Machine,MedTech Co.,USA
7130,15,170,2024-06-08,General Hospital,Enugu,Ultrasound,HealthEquip Ltd.,UK
7131,12,300,2024-06-13,State Medical Center,Oyo,CT Scanner,MedTech Co.,USA
7132,6,400,2024-06-18,Healing Hands Hospital,Rivers,MRI Machine,HealthEquip Ltd.,Canada
7133,8,250,2024-06-23,Metro Medical Center,Abuja,X-Ray Machine,TechHealth Inc.,UK
7134,14,150,2024-06-28,Central Clinic,Kaduna,Ultrasound,MedTech Co.,China
7135,25,220,2024-07-03,Community Hospital,Lagos,MRI Machine,MedTech Co.,USA
7136,18,600,2024-07-08,Sunshine Medical,Kano,CT Scanner,HealthEquip Ltd.,UK
7137,10,150,2024-07-13,Hope Hospital,Enugu,Ultrasound,Radiant Suppliers,China
7138,11,300,2024-07-18,City Medical Center,Oyo,X-Ray Machine,HealthEquip Ltd.,UK
7139,25,320,2024-07-23,State Hospital,Lagos,MRI Machine,Radiant Suppliers,China
7140,12,400,2024-07-28,General Hospital,Kaduna,CT Scanner,HealthEquip Ltd.,UK
7141,30,200,2024-08-02,Healing Touch Hospital,Rivers,X-Ray Machine,Radiant Suppliers,China
7142,15,150,2024-08-07,Metro Hospital,Abuja,Ultrasound,TechHealth Inc.,Canada
7143,20,350,2024-08-12,Central Hospital,Enugu,MRI Machine,MedTech Co.,USA
7144,5,450,2024-08-17,Sunshine Hospital,Lagos,CT Scanner,HealthEquip Ltd.,UK
7145,10,250,2024-08-22,Community Hospital,Abuja,Ultrasound,Radiant Suppliers,China
7146,14,150,2024-08-27,Hope Clinic,Kano,MRI Machine,TechHealth Inc.,Canada
7147,20,300,2024-09-01,Healing Hands Hospital,Lagos,Defibrillator,SoloSupplier Inc.,UK
7148,5,750,2024-09-06,City Hospital,Rivers,Ventilator,ExclusiveTech Ltd.,Germany
7149,10,400,2024-09-11,Metro Medical Center,Abuja,Surgical Table,HealthEquip Ltd.,UK
7150,12,200,2024-09-16,State Hospital,Oyo,MRI Machine,MedTech Co.,USA
7151,10,250,2024-01-15,General Hospital,Lagos,MRI Machine,MedTech Co.,USA
7152,5,200,2024-01-20,City Hospital,Abuja,MRI Machine,HealthEquip Ltd.,UK
7153,20,150,2024-01-25,Central Hospital,Rivers,X-Ray Machine,Radiant Suppliers,China
7154,15,300,2024-01-30,Sunshine Hospital,Lagos,CT Scanner,TechHealth Inc.,Canada
7155,8,500,2024-02-04,Community Hospital,Kaduna,Ultrasound,HealthEquip Ltd.,UK
7156,12,180,2024-02-09,Healing Hands Hospital,Enugu,X-Ray Machine,Radiant Suppliers,China
7157,25,220,2024-02-14,Hope Hospital,Kano,MRI Machine,MedTech Co.,USA
7158,30,320,2024-02-19,Unity Hospital,Lagos,CT Scanner,TechHealth Inc.,Canada
7159,10,550,2024-02-24,Metro Hospital,Abuja,Ultrasound,HealthEquip Ltd.,UK
7160,50,130,2024-02-29,State Hospital,Oyo,X-Ray Machine,Radiant Suppliers,China
7161,20,270,2024-03-05,City Medical Center,Lagos,MRI Machine,MedTech Co.,USA
7162,6,300,2024-03-10,General Hospital,Rivers,CT Scanner,TechHealth Inc.,Canada
7163,15,250,2024-03-15,Central Clinic,Ogun,Ultrasound,HealthEquip Ltd.,UK
7164,4,450,2024-03-20,Healing Touch Hospital,Enugu,MRI Machine,Radiant Suppliers,China
7165,25,180,2024-03-25,Sunshine Medical,Lagos,X-Ray Machine,MedTech Co.,USA
7166,18,600,2024-03-30,Hope Clinic,Kano,CT Scanner,HealthEquip Ltd.,UK
7167,14,150,2024-04-04,Metro Medical Center,Abuja,Ultrasound,TechHealth Inc.,Canada
7168,11,200,2024-04-09,State Medical Center,Oyo,MRI Machine,MedTech Co.,USA
7169,30,400,2024-04-14,General Clinic,Lagos,CT Scanner,HealthEquip Ltd.,UK
7170,10,150,2024-04-19,City Hospital,Rivers,Ultrasound,TechHealth Inc.,Canada
7171,12,350,2024-04-24,Hope Hospital,Abuja,MRI Machine,Radiant Suppliers,China
7172,10,450,2024-04-29,Healing Hands Hospital,Enugu,X-Ray Machine,HealthEquip Ltd.,UK
7173,5,600,2024-05-04,Central Hospital,Kaduna,Ultrasound,MedTech Co.,USA
7174,20,120,2024-05-09,State Hospital,Oyo,X-Ray Machine,Radiant Suppliers,China
7175,15,330,2024-05-14,City Medical Center,Lagos,MRI Machine,TechHealth Inc.,Canada
7176,10,450,2024-05-19,Central Hospital,Rivers,Ultrasound,HealthEquip Ltd.,UK
7177,7,200,2024-05-24,Metro Hospital,Abuja,X-Ray Machine,Radiant Suppliers,China
7178,25,280,2024-05-29,Hope Clinic,Kano,CT Scanner,TechHealth Inc.,Canada
7179,30,400,2024-06-03,Sunshine Hospital,Lagos,MRI Machine,MedTech Co.,USA
7180,15,170,2024-06-08,General Hospital,Enugu,Ultrasound,HealthEquip Ltd.,UK
7181,12,300,2024-06-13,State Medical Center,Oyo,CT Scanner,MedTech Co.,USA
7182,6,400,2024-06-18,Healing Hands Hospital,Rivers,MRI Machine,HealthEquip Ltd.,Canada
7183,8,250,2024-06-23,Metro Medical Center,Abuja,X-Ray Machine,TechHealth Inc.,UK
7184,14,150,2024-06-28,Central Clinic,Kaduna,Ultrasound,MedTech Co.,China
7185,25,220,2024-07-03,Community Hospital,Lagos,MRI Machine,MedTech Co.,USA
7186,18,600,2024-07-08,Sunshine Medical,Kano,CT Scanner,HealthEquip Ltd.,UK
7187,10,150,2024-07-13,Hope Hospital,Enugu,Ultrasound,Radiant Suppliers,China
7188,11,300,2024-07-18,City Medical Center,Oyo,X-Ray Machine,HealthEquip Ltd.,UK
7189,25,320,2024-07-23,State Hospital,Lagos,MRI Machine,Radiant Suppliers,China
7190,12,400,2024-07-28,General Hospital,Kaduna,CT Scanner,HealthEquip Ltd.,UK
7191,30,200,2024-08-02,Healing Touch Hospital,Rivers,X-Ray Machine,Radiant Suppliers,China
7192,15,150,2024-08-07,Metro Hospital,Abuja,Ultrasound,TechHealth Inc.,Canada
7193,20,350,2024-08-12,Central Hospital,Enugu,MRI Machine,MedTech Co.,USA
7194,5,450,2024-08-17,Sunshine Hospital,Lagos,CT Scanner,HealthEquip Ltd.,UK
7195,10,250,2024-08-22,Community Hospital,Abuja,Ultrasound,Radiant Suppliers,China
7196,14,150,2024-08-27,Hope Clinic,Kano,MRI Machine,TechHealth Inc.,Canada
7197,20,300,2024-09-01,Healing Hands Hospital,Lagos,Defibrillator,SoloSupplier Inc.,UK
7198,5,750,2024-09-06,City Hospital,Rivers,Ventilator,ExclusiveTech Ltd.,Germany
7199,10,400,2024-09-11,Metro Medical Center,Abuja,Surgical Table,HealthEquip Ltd.,UK
7200,12,200,2024-09-16,State Hospital,Oyo,MRI Machine,MedTech Co.,USA
7201,10,250,2024-01-15,General Hospital,Lagos,MRI Machine,MedTech Co.,USA
7202,5,200,2024-01-20,City Hospital,Abuja,MRI Machine,HealthEquip Ltd.,UK
7203,20,150,2024-01-25,Central Hospital,Rivers,X-Ray Machine,Radiant Suppliers,China
7204,15,300,2024-01-30,Sunshine Hospital,Lagos,CT Scanner,TechHealth Inc.,Canada
7205,8,500,2024-02-04,Community Hospital,Kaduna,Ultrasound,HealthEquip Ltd.,UK
7206,12,180,2024-02-09,Healing Hands Hospital,Enugu,X-Ray Machine,Radiant Suppliers,China
7207,25,220,2024-02-14,Hope Hospital,Kano,MRI Machine,MedTech Co.,USA
7208,30,320,2024-02-19,Unity Hospital,Lagos,CT Scanner,TechHealth Inc.,Canada
7209,10,550,2024-02-24,Metro Hospital,Abuja,Ultrasound,HealthEquip Ltd.,UK
7210,50,130,2024-02-29,State Hospital,Oyo,X-Ray Machine,Radiant Suppliers,China
7211,20,270,2024-03-05,City Medical Center,Lagos,MRI Machine,MedTech Co.,USA
7212,6,300,2024-03-10,General Hospital,Rivers,CT Scanner,TechHealth Inc.,Canada
7213,15,250,2024-03-15,Central Clinic,Ogun,Ultrasound,HealthEquip Ltd.,UK
7214,4,450,2024-03-20,Healing Touch Hospital,Enugu,MRI Machine,Radiant Suppliers,China
7215,25,180,2024-03-25,Sunshine Medical,Lagos,X-Ray Machine,MedTech Co.,USA
7216,18,600,2024-03-30,Hope Clinic,Kano,CT Scanner,HealthEquip Ltd.,UK
7217,14,150,2024-04-04,Metro Medical Center,Abuja,Ultrasound,TechHealth Inc.,Canada
7218,11,200,2024-04-09,State Medical Center,Oyo,MRI Machine,MedTech Co.,USA
7219,30,400,2024-04-14,General Clinic,Lagos,CT Scanner,HealthEquip Ltd.,UK
7220,10,150,2024-04-19,City Hospital,Rivers,Ultrasound,TechHealth Inc.,Canada
7221,12,350,2024-04-24,Hope Hospital,Abuja,MRI Machine,Radiant Suppliers,China
7222,10,450,2024-04-29,Healing Hands Hospital,Enugu,X-Ray Machine,HealthEquip Ltd.,UK
7223,5,600,2024-05-04,Central Hospital,Kaduna,Ultrasound,MedTech Co.,USA
7224,20,120,2024-05-09,State Hospital,Oyo,X-Ray Machine,Radiant Suppliers,China
7225,15,330,2024-05-14,City Medical Center,Lagos,MRI Machine,TechHealth Inc.,Canada
7226,10,450,2024-05-19,Central Hospital,Rivers,Ultrasound,HealthEquip Ltd.,UK
7227,7,200,2024-05-24,Metro Hospital,Abuja,X-Ray Machine,Radiant Suppliers,China
7228,25,280,2024-05-29,Hope Clinic,Kano,CT Scanner,TechHealth Inc.,Canada
7229,30,400,2024-06-03,Sunshine Hospital,Lagos,MRI Machine,MedTech Co.,USA
7230,15,170,2024-06-08,General Hospital,Enugu,Ultrasound,HealthEquip Ltd.,UK
7231,12,300,2024-06-13,State Medical Center,Oyo,CT Scanner,MedTech Co.,USA
7232,6,400,2024-06-18,Healing Hands Hospital,Rivers,MRI Machine,HealthEquip Ltd.,Canada
7233,8,250,2024-06-23,Metro Medical Center,Abuja,X-Ray Machine,TechHealth Inc.,UK
7234,14,150,2024-06-28,Central Clinic,Kaduna,Ultrasound,MedTech Co.,China
7235,25,220,2024-07-03,Community Hospital,Lagos,MRI Machine,MedTech Co.,USA
7236,18,600,2024-07-08,Sunshine Medical,Kano,CT Scanner,HealthEquip Ltd.,UK
7237,10,150,2024-07-13,Hope Hospital,Enugu,Ultrasound,Radiant Suppliers,China
7238,11,300,2024-07-18,City Medical Center,Oyo,X-Ray Machine,HealthEquip Ltd.,UK
7239,25,320,2024-07-23,State Hospital,Lagos,MRI Machine,Radiant Suppliers,China
7240,12,400,2024-07-28,General Hospital,Kaduna,CT Scanner,HealthEquip Ltd.,UK
7241,30,200,2024-08-02,Healing Touch Hospital,Rivers,X-Ray Machine,Radiant Suppliers,China
7242,15,150,2024-08-07,Metro Hospital,Abuja,Ultrasound,TechHealth Inc.,Canada
7243,20,350,2024-08-12,Central Hospital,Enugu,MRI Machine,MedTech Co.,USA
7244,5,450,2024-08-17,Sunshine Hospital,Lagos,CT Scanner,HealthEquip Ltd.,UK
7245,10,250,2024-08-22,Community Hospital,Abuja,Ultrasound,Radiant Suppliers,China
7246,14,150,2024-08-27,Hope Clinic,Kano,MRI Machine,TechHealth Inc.,Canada
7247,20,300,2024-09-01,Healing Hands Hospital,Lagos,Defibrillator,SoloSupplier Inc.,UK
7248,5,750,2024-09-06,City Hospital,Rivers,Ventilator,ExclusiveTech Ltd.,Germany
7249,10,400,2024-09-11,Metro Medical Center,Abuja,Surgical Table,HealthEquip Ltd.,UK
7250,12,200,2024-09-16,State Hospital,Oyo,MRI Machine,MedTech Co.,USA
7251,10,250,2024-01-15,General Hospital,Lagos,MRI Machine,MedTech Co.,USA
7252,5,200,2024-01-20,City Hospital,Abuja,MRI Machine,HealthEquip Ltd.,UK
7253,20,150,2024-01-25,Central Hospital,Rivers,X-Ray Machine,Radiant Suppliers,China
7254,15,300,2024-01-30,Sunshine Hospital,Lagos,CT Scanner,TechHealth Inc.,Canada
7255,8,500,2024-02-04,Community Hospital,Kaduna,Ultrasound,HealthEquip Ltd.,UK
7256,12,180,2024-02-09,Healing Hands Hospital,Enugu,X-Ray Machine,Radiant Suppliers,China
7257,25,220,2024-02-14,Hope Hospital,Kano,MRI Machine,MedTech Co.,USA
7258,30,320,2024-02-19,Unity Hospital,Lagos,CT Scanner,TechHealth Inc.,Canada
7259,10,550,2024-02-24,Metro Hospital,Abuja,Ultrasound,HealthEquip Ltd.,UK
7260,50,130,2024-02-29,State Hospital,Oyo,X-Ray Machine,Radiant Suppliers,China
7261,20,270,2024-03-05,City Medical Center,Lagos,MRI Machine,MedTech Co.,USA
7262,6,300,2024-03-10,General Hospital,Rivers,CT Scanner,TechHealth Inc.,Canada
7263,15,250,2024-03-15,Central Clinic,Ogun,Ultrasound,HealthEquip Ltd.,UK
7264,4,450,2024-03-20,Healing Touch Hospital,Enugu,MRI Machine,Radiant Suppliers,China
7265,25,180,2024-03-25,Sunshine Medical,Lagos,X-Ray Machine,MedTech Co.,USA
7266,18,600,2024-03-30,Hope Clinic,Kano,CT Scanner,HealthEquip Ltd.,UK
7267,14,150,2024-04-04,Metro Medical Center,Abuja,Ultrasound,TechHealth Inc.,Canada
7268,11,200,2024-04-09,State Medical Center,Oyo,MRI Machine,MedTech Co.,USA
7269,30,400,2024-04-14,General Clinic,Lagos,CT Scanner,HealthEquip Ltd.,UK
7270,10,150,2024-04-19,City Hospital,Rivers,Ultrasound,TechHealth Inc.,Canada
7271,12,350,2024-04-24,Hope Hospital,Abuja,MRI Machine,Radiant Suppliers,China
7272,10,450,2024-04-29,Healing Hands Hospital,Enugu,X-Ray Machine,HealthEquip Ltd.,UK
7273,5,600,2024-05-04,Central Hospital,Kaduna,Ultrasound,MedTech Co.,USA
7274,20,120,2024-05-09,State Hospital,Oyo,X-Ray Machine,Radiant Suppliers,China
7275,15,330,2024-05-14,City Medical Center,Lagos,MRI Machine,TechHealth Inc.,Canada
7276,10,450,2024-05-19,Central Hospital,Rivers,Ultrasound,HealthEquip Ltd.,UK
7277,7,200,2024-05-24,Metro Hospital,Abuja,X-Ray Machine,Radiant Suppliers,China
7278,25,280,2024-05-29,Hope Clinic,Kano,CT Scanner,TechHealth Inc.,Canada
7279,30,400,2024-06-03,Sunshine Hospital,Lagos,MRI Machine,MedTech Co.,USA
7280,15,170,2024-06-08,General Hospital,Enugu,Ultrasound,HealthEquip Ltd.,UK
7281,12,300,2024-06-13,State Medical Center,Oyo,CT Scanner,MedTech Co.,USA
7282,6,400,2024-06-18,Healing Hands Hospital,Rivers,MRI Machine,HealthEquip Ltd.,Canada
7283,8,250,2024-06-23,Metro Medical Center,Abuja,X-Ray Machine,TechHealth Inc.,UK
7284,14,150,2024-06-28,Central Clinic,Kaduna,Ultrasound,MedTech Co.,China
7285,25,220,2024-07-03,Community Hospital,Lagos,MRI Machine,MedTech Co.,USA
7286,18,600,2024-07-08,Sunshine Medical,Kano,CT Scanner,HealthEquip Ltd.,UK
7287,10,150,2024-07-13,Hope Hospital,Enugu,Ultrasound,Radiant Suppliers,China
7288,11,300,2024-07-18,City Medical Center,Oyo,X-Ray Machine,HealthEquip Ltd.,UK
7289,25,320,2024-07-23,State Hospital,Lagos,MRI Machine,Radiant Suppliers,China
7290,12,400,2024-07-28,General Hospital,Kaduna,CT Scanner,HealthEquip Ltd.,UK
7291,30,200,2024-08-02,Healing Touch Hospital,Rivers,X-Ray Machine,Radiant Suppliers,China
7292,15,150,2024-08-07,Metro Hospital,Abuja,Ultrasound,TechHealth Inc.,Canada
7293,20,350,2024-08-12,Central Hospital,Enugu,MRI Machine,MedTech Co.,USA
7294,5,450,2024-08-17,Sunshine Hospital,Lagos,CT Scanner,HealthEquip Ltd.,UK
7295,10,250,2024-08-22,Community Hospital,Abuja,Ultrasound,Radiant Suppliers,China
7296,14,150,2024-08-27,Hope Clinic,Kano,MRI Machine,TechHealth Inc.,Canada
7297,20,300,2024-09-01,Healing Hands Hospital,Lagos,Defibrillator,SoloSupplier Inc.,UK
7298,5,750,2024-09-06,City Hospital,Rivers,Ventilator,ExclusiveTech Ltd.,Germany
7299,10,400,2024-09-11,Metro Medical Center,Abuja,Surgical Table,HealthEquip Ltd.,UK
7300,12,200,2024-09-16,State Hospital,Oyo,MRI Machine,MedTech Co.,USA
7301,10,250,2024-01-15,General Hospital,Lagos,MRI Machine,MedTech Co.,USA
7302,5,200,2024-01-20,City Hospital,Abuja,MRI Machine,HealthEquip Ltd.,UK
7303,20,150,2024-01-25,Central Hospital,Rivers,X-Ray Machine,Radiant Suppliers,China
7304,15,300,2024-01-30,Sunshine Hospital,Lagos,CT Scanner,TechHealth Inc.,Canada
7305,8,500,2024-02-04,Community Hospital,Kaduna,Ultrasound,HealthEquip Ltd.,UK
7306,12,180,2024-02-09,Healing Hands Hospital,Enugu,X-Ray Machine,Radiant Suppliers,China
7307,25,220,2024-02-14,Hope Hospital,Kano,MRI Machine,MedTech Co.,USA
7308,30,320,2024-02-19,Unity Hospital,Lagos,CT Scanner,TechHealth Inc.,Canada
7309,10,550,2024-02-24,Metro Hospital,Abuja,Ultrasound,HealthEquip Ltd.,UK
7310,50,130,2024-02-29,State Hospital,Oyo,X-Ray Machine,Radiant Suppliers,China
7311,20,270,2024-03-05,City Medical Center,Lagos,MRI Machine,MedTech Co.,USA
7312,6,300,2024-03-10,General Hospital,Rivers,CT Scanner,TechHealth Inc.,Canada
7313,15,250,2024-03-15,Central Clinic,Ogun,Ultrasound,HealthEquip Ltd.,UK
7314,4,450,2024-03-20,Healing Touch Hospital,Enugu,MRI Machine,Radiant Suppliers,China
7315,25,180,2024-03-25,Sunshine Medical,Lagos,X-Ray Machine,MedTech Co.,USA
7316,18,600,2024-03-30,Hope Clinic,Kano,CT Scanner,HealthEquip Ltd.,UK
7317,14,150,2024-04-04,Metro Medical Center,Abuja,Ultrasound,TechHealth Inc.,Canada
7318,11,200,2024-04-09,State Medical Center,Oyo,MRI Machine,MedTech Co.,USA
7319,30,400,2024-04-14,General Clinic,Lagos,CT Scanner,HealthEquip Ltd.,UK
7320,10,150,2024-04-19,City Hospital,Rivers,Ultrasound,TechHealth Inc.,Canada
7321,12,350,2024-04-24,Hope Hospital,Abuja,MRI Machine,Radiant Suppliers,China
7322,10,450,2024-04-29,Healing Hands Hospital,Enugu,X-Ray Machine,HealthEquip Ltd.,UK
7323,5,600,2024-05-04,Central Hospital,Kaduna,Ultrasound,MedTech Co.,USA
7324,20,120,2024-05-09,State Hospital,Oyo,X-Ray Machine,Radiant Suppliers,China
7325,15,330,2024-05-14,City Medical Center,Lagos,MRI Machine,TechHealth Inc.,Canada
7326,10,450,2024-05-19,Central Hospital,Rivers,Ultrasound,HealthEquip Ltd.,UK
7327,7,200,2024-05-24,Metro Hospital,Abuja,X-Ray Machine,Radiant Suppliers,China
7328,25,280,2024-05-29,Hope Clinic,Kano,CT Scanner,TechHealth Inc.,Canada
7329,30,400,2024-06-03,Sunshine Hospital,Lagos,MRI Machine,MedTech Co.,USA
7330,15,170,2024-06-08,General Hospital,Enugu,Ultrasound,HealthEquip Ltd.,UK
7331,12,300,2024-06-13,State Medical Center,Oyo,CT Scanner,MedTech Co.,USA
7332,6,400,2024-06-18,Healing Hands Hospital,Rivers,MRI Machine,HealthEquip Ltd.,Canada
7333,8,250,2024-06-23,Metro Medical Center,Abuja,X-Ray Machine,TechHealth Inc.,UK
7334,14,150,2024-06-28,Central Clinic,Kaduna,Ultrasound,MedTech Co.,China
7335,25,220,2024-07-03,Community Hospital,Lagos,MRI Machine,MedTech Co.,USA
7336,18,600,2024-07-08,Sunshine Medical,Kano,CT Scanner,HealthEquip Ltd.,UK
7337,10,150,2024-07-13,Hope Hospital,Enugu,Ultrasound,Radiant Suppliers,China
7338,11,300,2024-07-18,City Medical Center,Oyo,X-Ray Machine,HealthEquip Ltd.,UK
7339,25,320,2024-07-23,State Hospital,Lagos,MRI Machine,Radiant Suppliers,China
7340,12,400,2024-07-28,General Hospital,Kaduna,CT Scanner,HealthEquip Ltd.,UK
7341,30,200,2024-08-02,Healing Touch Hospital,Rivers,X-Ray Machine,Radiant Suppliers,China
7342,15,150,2024-08-07,Metro Hospital,Abuja,Ultrasound,TechHealth Inc.,Canada
7343,20,350,2024-08-12,Central Hospital,Enugu,MRI Machine,MedTech Co.,USA
7344,5,450,2024-08-17,Sunshine Hospital,Lagos,CT Scanner,HealthEquip Ltd.,UK
7345,10,250,2024-08-22,Community Hospital,Abuja,Ultrasound,Radiant Suppliers,China
7346,14,150,2024-08-27,Hope Clinic,Kano,MRI Machine,TechHealth Inc.,Canada
7347,20,300,2024-09-01,Healing Hands Hospital,Lagos,Defibrillator,SoloSupplier Inc.,UK
7348,5,750,2024-09-06,City Hospital,Rivers,Ventilator,ExclusiveTech Ltd.,Germany
7349,10,400,2024-09-11,Metro Medical Center,Abuja,Surgical Table,HealthEquip Ltd.,UK
7350,12,200,2024-09-16,State Hospital,Oyo,MRI Machine,MedTech Co.,USA
7351,10,250,2024-01-15,General Hospital,Lagos,MRI Machine,MedTech Co.,USA
7352,5,200,2024-01-20,City Hospital,Abuja,MRI Machine,HealthEquip Ltd.,UK
7353,20,150,2024-01-25,Central Hospital,Rivers,X-Ray Machine,Radiant Suppliers,China
7354,15,300,2024-01-30,Sunshine Hospital,Lagos,CT Scanner,TechHealth Inc.,Canada
7355,8,500,2024-02-04,Community Hospital,Kaduna,Ultrasound,HealthEquip Ltd.,UK
7356,12,180,2024-02-09,Healing Hands Hospital,Enugu,X-Ray Machine,Radiant Suppliers,China
7357,25,220,2024-02-14,Hope Hospital,Kano,MRI Machine,MedTech Co.,USA
7358,30,320,2024-02-19,Unity Hospital,Lagos,CT Scanner,TechHealth Inc.,Canada
7359,10,550,2024-02-24,Metro Hospital,Abuja,Ultrasound,HealthEquip Ltd.,UK
7360,50,130,2024-02-29,State Hospital,Oyo,X-Ray Machine,Radiant Suppliers,China
7361,20,270,2024-03-05,City Medical Center,Lagos,MRI Machine,MedTech Co.,USA
7362,6,300,2024-03-10,General Hospital,Rivers,CT Scanner,TechHealth Inc.,Canada
7363,15,250,2024-03-15,Central Clinic,Ogun,Ultrasound,HealthEquip Ltd.,UK
7364,4,450,2024-03-20,Healing Touch Hospital,Enugu,MRI Machine,Radiant Suppliers,China
7365,25,180,2024-03-25,Sunshine Medical,Lagos,X-Ray Machine,MedTech Co.,USA
7366,18,600,2024-03-30,Hope Clinic,Kano,CT Scanner,HealthEquip Ltd.,UK
7367,14,150,2024-04-04,Metro Medical Center,Abuja,Ultrasound,TechHealth Inc.,Canada
7368,11,200,2024-04-09,State Medical Center,Oyo,MRI Machine,MedTech Co.,USA
7369,30,400,2024-04-14,General Clinic,Lagos,CT Scanner,HealthEquip Ltd.,UK
7370,10,150,2024-04-19,City Hospital,Rivers,Ultrasound,TechHealth Inc.,Canada
7371,12,350,2024-04-24,Hope Hospital,Abuja,MRI Machine,Radiant Suppliers,China
7372,10,450,2024-04-29,Healing Hands Hospital,Enugu,X-Ray Machine,HealthEquip Ltd.,UK
7373,5,600,2024-05-04,Central Hospital,Kaduna,Ultrasound,MedTech Co.,USA
7374,20,120,2024-05-09,State Hospital,Oyo,X-Ray Machine,Radiant Suppliers,China
7375,15,330,2024-05-14,City Medical Center,Lagos,MRI Machine,TechHealth Inc.,Canada
7376,10,450,2024-05-19,Central Hospital,Rivers,Ultrasound,HealthEquip Ltd.,UK
7377,7,200,2024-05-24,Metro Hospital,Abuja,X-Ray Machine,Radiant Suppliers,China
7378,25,280,2024-05-29,Hope Clinic,Kano,CT Scanner,TechHealth Inc.,Canada
7379,30,400,2024-06-03,Sunshine Hospital,Lagos,MRI Machine,MedTech Co.,USA
7380,15,170,2024-06-08,General Hospital,Enugu,Ultrasound,HealthEquip Ltd.,UK
7381,12,300,2024-06-13,State Medical Center,Oyo,CT Scanner,MedTech Co.,USA
7382,6,400,2024-06-18,Healing Hands Hospital,Rivers,MRI Machine,HealthEquip Ltd.,Canada
7383,8,250,2024-06-23,Metro Medical Center,Abuja,X-Ray Machine,TechHealth Inc.,UK
7384,14,150,2024-06-28,Central Clinic,Kaduna,Ultrasound,MedTech Co.,China
7385,25,220,2024-07-03,Community Hospital,Lagos,MRI Machine,MedTech Co.,USA
7386,18,600,2024-07-08,Sunshine Medical,Kano,CT Scanner,HealthEquip Ltd.,UK
7387,10,150,2024-07-13,Hope Hospital,Enugu,Ultrasound,Radiant Suppliers,China
7388,11,300,2024-07-18,City Medical Center,Oyo,X-Ray Machine,HealthEquip Ltd.,UK
7389,25,320,2024-07-23,State Hospital,Lagos,MRI Machine,Radiant Suppliers,China
7390,12,400,2024-07-28,General Hospital,Kaduna,CT Scanner,HealthEquip Ltd.,UK
7391,30,200,2024-08-02,Healing Touch Hospital,Rivers,X-Ray Machine,Radiant Suppliers,China
7392,15,150,2024-08-07,Metro Hospital,Abuja,Ultrasound,TechHealth Inc.,Canada
7393,20,350,2024-08-12,Central Hospital,Enugu,MRI Machine,MedTech Co.,USA
7394,5,450,2024-08-17,Sunshine Hospital,Lagos,CT Scanner,HealthEquip Ltd.,UK
7395,10,250,2024-08-22,Community Hospital,Abuja,Ultrasound,Radiant Suppliers,China
7396,14,150,2024-08-27,Hope Clinic,Kano,MRI Machine,TechHealth Inc.,Canada
7397,20,300,2024-09-01,Healing Hands Hospital,Lagos,Defibrillator,SoloSupplier Inc.,UK
7398,5,750,2024-09-06,City Hospital,Rivers,Ventilator,ExclusiveTech Ltd.,Germany
7399,10,400,2024-09-11,Metro Medical Center,Abuja,Surgical Table,HealthEquip Ltd.,UK
7400,12,200,2024-09-16,State Hospital,Oyo,MRI Machine,MedTech Co.,USA
7401,10,250,2024-01-15,General Hospital,Lagos,MRI Machine,MedTech Co.,USA
7402,5,200,2024-01-20,City Hospital,Abuja,MRI Machine,HealthEquip Ltd.,UK
7403,20,150,2024-01-25,Central Hospital,Rivers,X-Ray Machine,Radiant Suppliers,China
7404,15,300,2024-01-30,Sunshine Hospital,Lagos,CT Scanner,TechHealth Inc.,Canada
7405,8,500,2024-02-04,Community Hospital,Kaduna,Ultrasound,HealthEquip Ltd.,UK
7406,12,180,2024-02-09,Healing Hands Hospital,Enugu,X-Ray Machine,Radiant Suppliers,China
7407,25,220,2024-02-14,Hope Hospital,Kano,MRI Machine,MedTech Co.,USA
7408,30,320,2024-02-19,Unity Hospital,Lagos,CT Scanner,TechHealth Inc.,Canada
7409,10,550,2024-02-24,Metro Hospital,Abuja,Ultrasound,HealthEquip Ltd.,UK
7410,50,130,2024-02-29,State Hospital,Oyo,X-Ray Machine,Radiant Suppliers,China
7411,20,270,2024-03-05,City Medical Center,Lagos,MRI Machine,MedTech Co.,USA
7412,6,300,2024-03-10,General Hospital,Rivers,CT Scanner,TechHealth Inc.,Canada
7413,15,250,2024-03-15,Central Clinic,Ogun,Ultrasound,HealthEquip Ltd.,UK
7414,4,450,2024-03-20,Healing Touch Hospital,Enugu,MRI Machine,Radiant Suppliers,China
7415,25,180,2024-03-25,Sunshine Medical,Lagos,X-Ray Machine,MedTech Co.,USA
7416,18,600,2024-03-30,Hope Clinic,Kano,CT Scanner,HealthEquip Ltd.,UK
7417,14,150,2024-04-04,Metro Medical Center,Abuja,Ultrasound,TechHealth Inc.,Canada
7418,11,200,2024-04-09,State Medical Center,Oyo,MRI Machine,MedTech Co.,USA
7419,30,400,2024-04-14,General Clinic,Lagos,CT Scanner,HealthEquip Ltd.,UK
7420,10,150,2024-04-19,City Hospital,Rivers,Ultrasound,TechHealth Inc.,Canada
7421,12,350,2024-04-24,Hope Hospital,Abuja,MRI Machine,Radiant Suppliers,China
7422,10,450,2024-04-29,Healing Hands Hospital,Enugu,X-Ray Machine,HealthEquip Ltd.,UK
7423,5,600,2024-05-04,Central Hospital,Kaduna,Ultrasound,MedTech Co.,USA
7424,20,120,2024-05-09,State Hospital,Oyo,X-Ray Machine,Radiant Suppliers,China
7425,15,330,2024-05-14,City Medical Center,Lagos,MRI Machine,TechHealth Inc.,Canada
7426,10,450,2024-05-19,Central Hospital,Rivers,Ultrasound,HealthEquip Ltd.,UK
7427,7,200,2024-05-24,Metro Hospital,Abuja,X-Ray Machine,Radiant Suppliers,China
7428,25,280,2024-05-29,Hope Clinic,Kano,CT Scanner,TechHealth Inc.,Canada
7429,30,400,2024-06-03,Sunshine Hospital,Lagos,MRI Machine,MedTech Co.,USA
7430,15,170,2024-06-08,General Hospital,Enugu,Ultrasound,HealthEquip Ltd.,UK
7431,12,300,2024-06-13,State Medical Center,Oyo,CT Scanner,MedTech Co.,USA
7432,6,400,2024-06-18,Healing Hands Hospital,Rivers,MRI Machine,HealthEquip Ltd.,Canada
7433,8,250,2024-06-23,Metro Medical Center,Abuja,X-Ray Machine,TechHealth Inc.,UK
7434,14,150,2024-06-28,Central Clinic,Kaduna,Ultrasound,MedTech Co.,China
7435,25,220,2024-07-03,Community Hospital,Lagos,MRI Machine,MedTech Co.,USA
7436,18,600,2024-07-08,Sunshine Medical,Kano,CT Scanner,HealthEquip Ltd.,UK
7437,10,150,2024-07-13,Hope Hospital,Enugu,Ultrasound,Radiant Suppliers,China
7438,11,300,2024-07-18,City Medical Center,Oyo,X-Ray Machine,HealthEquip Ltd.,UK
7439,25,320,2024-07-23,State Hospital,Lagos,MRI Machine,Radiant Suppliers,China
7440,12,400,2024-07-28,General Hospital,Kaduna,CT Scanner,HealthEquip Ltd.,UK
7441,30,200,2024-08-02,Healing Touch Hospital,Rivers,X-Ray Machine,Radiant Suppliers,China
7442,15,150,2024-08-07,Metro Hospital,Abuja,Ultrasound,TechHealth Inc.,Canada
7443,20,350,2024-08-12,Central Hospital,Enugu,MRI Machine,MedTech Co.,USA
7444,5,450,2024-08-17,Sunshine Hospital,Lagos,CT Scanner,HealthEquip Ltd.,UK
7445,10,250,2024-08-22,Community Hospital,Abuja,Ultrasound,Radiant Suppliers,China
7446,14,150,2024-08-27,Hope Clinic,Kano,MRI Machine,TechHealth Inc.,Canada
7447,20,300,2024-09-01,Healing Hands Hospital,Lagos,Defibrillator,SoloSupplier Inc.,UK
7448,5,750,2024-09-06,City Hospital,Rivers,Ventilator,ExclusiveTech Ltd.,Germany
7449,10,400,2024-09-11,Metro Medical Center,Abuja,Surgical Table,HealthEquip Ltd.,UK
7450,12,200,2024-09-16,State Hospital,Oyo,MRI Machine,MedTech Co.,USA
7451,10,250,2024-01-15,General Hospital,Lagos,MRI Machine,MedTech Co.,USA
7452,5,200,2024-01-20,City Hospital,Abuja,MRI Machine,HealthEquip Ltd.,UK
7453,20,150,2024-01-25,Central Hospital,Rivers,X-Ray Machine,Radiant Suppliers,China
7454,15,300,2024-01-30,Sunshine Hospital,Lagos,CT Scanner,TechHealth Inc.,Canada
7455,8,500,2024-02-04,Community Hospital,Kaduna,Ultrasound,HealthEquip Ltd.,UK
7456,12,180,2024-02-09,Healing Hands Hospital,Enugu,X-Ray Machine,Radiant Suppliers,China
7457,25,220,2024-02-14,Hope Hospital,Kano,MRI Machine,MedTech Co.,USA
7458,30,320,2024-02-19,Unity Hospital,Lagos,CT Scanner,TechHealth Inc.,Canada
7459,10,550,2024-02-24,Metro Hospital,Abuja,Ultrasound,HealthEquip Ltd.,UK
7460,50,130,2024-02-29,State Hospital,Oyo,X-Ray Machine,Radiant Suppliers,China
7461,20,270,2024-03-05,City Medical Center,Lagos,MRI Machine,MedTech Co.,USA
7462,6,300,2024-03-10,General Hospital,Rivers,CT Scanner,TechHealth Inc.,Canada
7463,15,250,2024-03-15,Central Clinic,Ogun,Ultrasound,HealthEquip Ltd.,UK
7464,4,450,2024-03-20,Healing Touch Hospital,Enugu,MRI Machine,Radiant Suppliers,China
7465,25,180,2024-03-25,Sunshine Medical,Lagos,X-Ray Machine,MedTech Co.,USA
7466,18,600,2024-03-30,Hope Clinic,Kano,CT Scanner,HealthEquip Ltd.,UK
7467,14,150,2024-04-04,Metro Medical Center,Abuja,Ultrasound,TechHealth Inc.,Canada
7468,11,200,2024-04-09,State Medical Center,Oyo,MRI Machine,MedTech Co.,USA
7469,30,400,2024-04-14,General Clinic,Lagos,CT Scanner,HealthEquip Ltd.,UK
7470,10,150,2024-04-19,City Hospital,Rivers,Ultrasound,TechHealth Inc.,Canada
7471,12,350,2024-04-24,Hope Hospital,Abuja,MRI Machine,Radiant Suppliers,China
7472,10,450,2024-04-29,Healing Hands Hospital,Enugu,X-Ray Machine,HealthEquip Ltd.,UK
7473,5,600,2024-05-04,Central Hospital,Kaduna,Ultrasound,MedTech Co.,USA
7474,20,120,2024-05-09,State Hospital,Oyo,X-Ray Machine,Radiant Suppliers,China
7475,15,330,2024-05-14,City Medical Center,Lagos,MRI Machine,TechHealth Inc.,Canada
7476,10,450,2024-05-19,Central Hospital,Rivers,Ultrasound,HealthEquip Ltd.,UK
7477,7,200,2024-05-24,Metro Hospital,Abuja,X-Ray Machine,Radiant Suppliers,China
7478,25,280,2024-05-29,Hope Clinic,Kano,CT Scanner,TechHealth Inc.,Canada
7479,30,400,2024-06-03,Sunshine Hospital,Lagos,MRI Machine,MedTech Co.,USA
7480,15,170,2024-06-08,General Hospital,Enugu,Ultrasound,HealthEquip Ltd.,UK
7481,12,300,2024-06-13,State Medical Center,Oyo,CT Scanner,MedTech Co.,USA
7482,6,400,2024-06-18,Healing Hands Hospital,Rivers,MRI Machine,HealthEquip Ltd.,Canada
7483,8,250,2024-06-23,Metro Medical Center,Abuja,X-Ray Machine,TechHealth Inc.,UK
7484,14,150,2024-06-28,Central Clinic,Kaduna,Ultrasound,MedTech Co.,China
7485,25,220,2024-07-03,Community Hospital,Lagos,MRI Machine,MedTech Co.,USA
7486,18,600,2024-07-08,Sunshine Medical,Kano,CT Scanner,HealthEquip Ltd.,UK
7487,10,150,2024-07-13,Hope Hospital,Enugu,Ultrasound,Radiant Suppliers,China
7488,11,300,2024-07-18,City Medical Center,Oyo,X-Ray Machine,HealthEquip Ltd.,UK
7489,25,320,2024-07-23,State Hospital,Lagos,MRI Machine,Radiant Suppliers,China
7490,12,400,2024-07-28,General Hospital,Kaduna,CT Scanner,HealthEquip Ltd.,UK
7491,30,200,2024-08-02,Healing Touch Hospital,Rivers,X-Ray Machine,Radiant Suppliers,China
7492,15,150,2024-08-07,Metro Hospital,Abuja,Ultrasound,TechHealth Inc.,Canada
7493,20,350,2024-08-12,Central Hospital,Enugu,MRI Machine,MedTech Co.,USA
7494,5,450,2024-08-17,Sunshine Hospital,Lagos,CT Scanner,HealthEquip Ltd.,UK
7495,10,250,2024-08-22,Community Hospital,Abuja,Ultrasound,Radiant Suppliers,China
7496,14,150,2024-08-27,Hope Clinic,Kano,MRI Machine,TechHealth Inc.,Canada
7497,20,300,2024-09-01,Healing Hands Hospital,Lagos,Defibrillator,SoloSupplier Inc.,UK
7498,5,750,2024-09-06,City Hospital,Rivers,Ventilator,ExclusiveTech Ltd.,Germany
7499,10,400,2024-09-11,Metro Medical Center,Abuja,Surgical Table,HealthEquip Ltd.,UK
7500,12,200,2024-09-16,State Hospital,Oyo,MRI Machine,MedTech Co.,USA
7501,10,250,2024-01-15,General Hospital,Lagos,MRI Machine,MedTech Co.,USA
7502,5,200,2024-01-20,City Hospital,Abuja,MRI Machine,HealthEquip Ltd.,UK
7503,20,150,2024-01-25,Central Hospital,Rivers,X-Ray Machine,Radiant Suppliers,China
7504,15,300,2024-01-30,Sunshine Hospital,Lagos,CT Scanner,TechHealth Inc.,Canada
7505,8,500,2024-02-04,Community Hospital,Kaduna,Ultrasound,HealthEquip Ltd.,UK
7506,12,180,2024-02-09,Healing Hands Hospital,Enugu,X-Ray Machine,Radiant Suppliers,China
7507,25,220,2024-02-14,Hope Hospital,Kano,MRI Machine,MedTech Co.,USA
7508,30,320,2024-02-19,Unity Hospital,Lagos,CT Scanner,TechHealth Inc.,Canada
7509,10,550,2024-02-24,Metro Hospital,Abuja,Ultrasound,HealthEquip Ltd.,UK
7510,50,130,2024-02-29,State Hospital,Oyo,X-Ray Machine,Radiant Suppliers,China
7511,20,270,2024-03-05,City Medical Center,Lagos,MRI Machine,MedTech Co.,USA
7512,6,300,2024-03-10,General Hospital,Rivers,CT Scanner,TechHealth Inc.,Canada
7513,15,250,2024-03-15,Central Clinic,Ogun,Ultrasound,HealthEquip Ltd.,UK
7514,4,450,2024-03-20,Healing Touch Hospital,Enugu,MRI Machine,Radiant Suppliers,China
7515,25,180,2024-03-25,Sunshine Medical,Lagos,X-Ray Machine,MedTech Co.,USA
7516,18,600,2024-03-30,Hope Clinic,Kano,CT Scanner,HealthEquip Ltd.,UK
7517,14,150,2024-04-04,Metro Medical Center,Abuja,Ultrasound,TechHealth Inc.,Canada
7518,11,200,2024-04-09,State Medical Center,Oyo,MRI Machine,MedTech Co.,USA
7519,30,400,2024-04-14,General Clinic,Lagos,CT Scanner,HealthEquip Ltd.,UK
7520,10,150,2024-04-19,City Hospital,Rivers,Ultrasound,TechHealth Inc.,Canada
7521,12,350,2024-04-24,Hope Hospital,Abuja,MRI Machine,Radiant Suppliers,China
7522,10,450,2024-04-29,Healing Hands Hospital,Enugu,X-Ray Machine,HealthEquip Ltd.,UK
7523,5,600,2024-05-04,Central Hospital,Kaduna,Ultrasound,MedTech Co.,USA
7524,20,120,2024-05-09,State Hospital,Oyo,X-Ray Machine,Radiant Suppliers,China
7525,15,330,2024-05-14,City Medical Center,Lagos,MRI Machine,TechHealth Inc.,Canada
7526,10,450,2024-05-19,Central Hospital,Rivers,Ultrasound,HealthEquip Ltd.,UK
7527,7,200,2024-05-24,Metro Hospital,Abuja,X-Ray Machine,Radiant Suppliers,China
7528,25,280,2024-05-29,Hope Clinic,Kano,CT Scanner,TechHealth Inc.,Canada
7529,30,400,2024-06-03,Sunshine Hospital,Lagos,MRI Machine,MedTech Co.,USA
7530,15,170,2024-06-08,General Hospital,Enugu,Ultrasound,HealthEquip Ltd.,UK
7531,12,300,2024-06-13,State Medical Center,Oyo,CT Scanner,MedTech Co.,USA
7532,6,400,2024-06-18,Healing Hands Hospital,Rivers,MRI Machine,HealthEquip Ltd.,Canada
7533,8,250,2024-06-23,Metro Medical Center,Abuja,X-Ray Machine,TechHealth Inc.,UK
7534,14,150,2024-06-28,Central Clinic,Kaduna,Ultrasound,MedTech Co.,China
7535,25,220,2024-07-03,Community Hospital,Lagos,MRI Machine,MedTech Co.,USA
7536,18,600,2024-07-08,Sunshine Medical,Kano,CT Scanner,HealthEquip Ltd.,UK
7537,10,150,2024-07-13,Hope Hospital,Enugu,Ultrasound,Radiant Suppliers,China
7538,11,300,2024-07-18,City Medical Center,Oyo,X-Ray Machine,HealthEquip Ltd.,UK
7539,25,320,2024-07-23,State Hospital,Lagos,MRI Machine,Radiant Suppliers,China
7540,12,400,2024-07-28,General Hospital,Kaduna,CT Scanner,HealthEquip Ltd.,UK
7541,30,200,2024-08-02,Healing Touch Hospital,Rivers,X-Ray Machine,Radiant Suppliers,China
7542,15,150,2024-08-07,Metro Hospital,Abuja,Ultrasound,TechHealth Inc.,Canada
7543,20,350,2024-08-12,Central Hospital,Enugu,MRI Machine,MedTech Co.,USA
7544,5,450,2024-08-17,Sunshine Hospital,Lagos,CT Scanner,HealthEquip Ltd.,UK
7545,10,250,2024-08-22,Community Hospital,Abuja,Ultrasound,Radiant Suppliers,China
7546,14,150,2024-08-27,Hope Clinic,Kano,MRI Machine,TechHealth Inc.,Canada
7547,20,300,2024-09-01,Healing Hands Hospital,Lagos,Defibrillator,SoloSupplier Inc.,UK
7548,5,750,2024-09-06,City Hospital,Rivers,Ventilator,ExclusiveTech Ltd.,Germany
7549,10,400,2024-09-11,Metro Medical Center,Abuja,Surgical Table,HealthEquip Ltd.,UK
7550,12,200,2024-09-16,State Hospital,Oyo,MRI Machine,MedTech Co.,USA
7551,10,250,2024-01-15,General Hospital,Lagos,MRI Machine,MedTech Co.,USA
7552,5,200,2024-01-20,City Hospital,Abuja,MRI Machine,HealthEquip Ltd.,UK
7553,20,150,2024-01-25,Central Hospital,Rivers,X-Ray Machine,Radiant Suppliers,China
7554,15,300,2024-01-30,Sunshine Hospital,Lagos,CT Scanner,TechHealth Inc.,Canada
7555,8,500,2024-02-04,Community Hospital,Kaduna,Ultrasound,HealthEquip Ltd.,UK
7556,12,180,2024-02-09,Healing Hands Hospital,Enugu,X-Ray Machine,Radiant Suppliers,China
7557,25,220,2024-02-14,Hope Hospital,Kano,MRI Machine,MedTech Co.,USA
7558,30,320,2024-02-19,Unity Hospital,Lagos,CT Scanner,TechHealth Inc.,Canada
7559,10,550,2024-02-24,Metro Hospital,Abuja,Ultrasound,HealthEquip Ltd.,UK
7560,50,130,2024-02-29,State Hospital,Oyo,X-Ray Machine,Radiant Suppliers,China
7561,20,270,2024-03-05,City Medical Center,Lagos,MRI Machine,MedTech Co.,USA
7562,6,300,2024-03-10,General Hospital,Rivers,CT Scanner,TechHealth Inc.,Canada
7563,15,250,2024-03-15,Central Clinic,Ogun,Ultrasound,HealthEquip Ltd.,UK
7564,4,450,2024-03-20,Healing Touch Hospital,Enugu,MRI Machine,Radiant Suppliers,China
7565,25,180,2024-03-25,Sunshine Medical,Lagos,X-Ray Machine,MedTech Co.,USA
7566,18,600,2024-03-30,Hope Clinic,Kano,CT Scanner,HealthEquip Ltd.,UK
7567,14,150,2024-04-04,Metro Medical Center,Abuja,Ultrasound,TechHealth Inc.,Canada
7568,11,200,2024-04-09,State Medical Center,Oyo,MRI Machine,MedTech Co.,USA
7569,30,400,2024-04-14,General Clinic,Lagos,CT Scanner,HealthEquip Ltd.,UK
7570,10,150,2024-04-19,City Hospital,Rivers,Ultrasound,TechHealth Inc.,Canada
7571,12,350,2024-04-24,Hope Hospital,Abuja,MRI Machine,Radiant Suppliers,China
7572,10,450,2024-04-29,Healing Hands Hospital,Enugu,X-Ray Machine,HealthEquip Ltd.,UK
7573,5,600,2024-05-04,Central Hospital,Kaduna,Ultrasound,MedTech Co.,USA
7574,20,120,2024-05-09,State Hospital,Oyo,X-Ray Machine,Radiant Suppliers,China
7575,15,330,2024-05-14,City Medical Center,Lagos,MRI Machine,TechHealth Inc.,Canada
7576,10,450,2024-05-19,Central Hospital,Rivers,Ultrasound,HealthEquip Ltd.,UK
7577,7,200,2024-05-24,Metro Hospital,Abuja,X-Ray Machine,Radiant Suppliers,China
7578,25,280,2024-05-29,Hope Clinic,Kano,CT Scanner,TechHealth Inc.,Canada
7579,30,400,2024-06-03,Sunshine Hospital,Lagos,MRI Machine,MedTech Co.,USA
7580,15,170,2024-06-08,General Hospital,Enugu,Ultrasound,HealthEquip Ltd.,UK
7581,12,300,2024-06-13,State Medical Center,Oyo,CT Scanner,MedTech Co.,USA
7582,6,400,2024-06-18,Healing Hands Hospital,Rivers,MRI Machine,HealthEquip Ltd.,Canada
7583,8,250,2024-06-23,Metro Medical Center,Abuja,X-Ray Machine,TechHealth Inc.,UK
7584,14,150,2024-06-28,Central Clinic,Kaduna,Ultrasound,MedTech Co.,China
7585,25,220,2024-07-03,Community Hospital,Lagos,MRI Machine,MedTech Co.,USA
7586,18,600,2024-07-08,Sunshine Medical,Kano,CT Scanner,HealthEquip Ltd.,UK
7587,10,150,2024-07-13,Hope Hospital,Enugu,Ultrasound,Radiant Suppliers,China
7588,11,300,2024-07-18,City Medical Center,Oyo,X-Ray Machine,HealthEquip Ltd.,UK
7589,25,320,2024-07-23,State Hospital,Lagos,MRI Machine,Radiant Suppliers,China
7590,12,400,2024-07-28,General Hospital,Kaduna,CT Scanner,HealthEquip Ltd.,UK
7591,30,200,2024-08-02,Healing Touch Hospital,Rivers,X-Ray Machine,Radiant Suppliers,China
7592,15,150,2024-08-07,Metro Hospital,Abuja,Ultrasound,TechHealth Inc.,Canada
7593,20,350,2024-08-12,Central Hospital,Enugu,MRI Machine,MedTech Co.,USA
7594,5,450,2024-08-17,Sunshine Hospital,Lagos,CT Scanner,HealthEquip Ltd.,UK
7595,10,250,2024-08-22,Community Hospital,Abuja,Ultrasound,Radiant Suppliers,China
7596,14,150,2024-08-27,Hope Clinic,Kano,MRI Machine,TechHealth Inc.,Canada
7597,20,300,2024-09-01,Healing Hands Hospital,Lagos,Defibrillator,SoloSupplier Inc.,UK
7598,5,750,2024-09-06,City Hospital,Rivers,Ventilator,ExclusiveTech Ltd.,Germany
7599,10,400,2024-09-11,Metro Medical Center,Abuja,Surgical Table,HealthEquip Ltd.,UK
7600,12,200,2024-09-16,State Hospital,Oyo,MRI Machine,MedTech Co.,USA
7601,10,250,2024-01-15,General Hospital,Lagos,MRI Machine,MedTech Co.,USA
7602,5,200,2024-01-20,City Hospital,Abuja,MRI Machine,HealthEquip Ltd.,UK
7603,20,150,2024-01-25,Central Hospital,Rivers,X-Ray Machine,Radiant Suppliers,China
7604,15,300,2024-01-30,Sunshine Hospital,Lagos,CT Scanner,TechHealth Inc.,Canada
7605,8,500,2024-02-04,Community Hospital,Kaduna,Ultrasound,HealthEquip Ltd.,UK
7606,12,180,2024-02-09,Healing Hands Hospital,Enugu,X-Ray Machine,Radiant Suppliers,China
7607,25,220,2024-02-14,Hope Hospital,Kano,MRI Machine,MedTech Co.,USA
7608,30,320,2024-02-19,Unity Hospital,Lagos,CT Scanner,TechHealth Inc.,Canada
7609,10,550,2024-02-24,Metro Hospital,Abuja,Ultrasound,HealthEquip Ltd.,UK
7610,50,130,2024-02-29,State Hospital,Oyo,X-Ray Machine,Radiant Suppliers,China
7611,20,270,2024-03-05,City Medical Center,Lagos,MRI Machine,MedTech Co.,USA
7612,6,300,2024-03-10,General Hospital,Rivers,CT Scanner,TechHealth Inc.,Canada
7613,15,250,2024-03-15,Central Clinic,Ogun,Ultrasound,HealthEquip Ltd.,UK
7614,4,450,2024-03-20,Healing Touch Hospital,Enugu,MRI Machine,Radiant Suppliers,China
7615,25,180,2024-03-25,Sunshine Medical,Lagos,X-Ray Machine,MedTech Co.,USA
7616,18,600,2024-03-30,Hope Clinic,Kano,CT Scanner,HealthEquip Ltd.,UK
7617,14,150,2024-04-04,Metro Medical Center,Abuja,Ultrasound,TechHealth Inc.,Canada
7618,11,200,2024-04-09,State Medical Center,Oyo,MRI Machine,MedTech Co.,USA
7619,30,400,2024-04-14,General Clinic,Lagos,CT Scanner,HealthEquip Ltd.,UK
7620,10,150,2024-04-19,City Hospital,Rivers,Ultrasound,TechHealth Inc.,Canada
7621,12,350,2024-04-24,Hope Hospital,Abuja,MRI Machine,Radiant Suppliers,China
7622,10,450,2024-04-29,Healing Hands Hospital,Enugu,X-Ray Machine,HealthEquip Ltd.,UK
7623,5,600,2024-05-04,Central Hospital,Kaduna,Ultrasound,MedTech Co.,USA
7624,20,120,2024-05-09,State Hospital,Oyo,X-Ray Machine,Radiant Suppliers,China
7625,15,330,2024-05-14,City Medical Center,Lagos,MRI Machine,TechHealth Inc.,Canada
7626,10,450,2024-05-19,Central Hospital,Rivers,Ultrasound,HealthEquip Ltd.,UK
7627,7,200,2024-05-24,Metro Hospital,Abuja,X-Ray Machine,Radiant Suppliers,China
7628,25,280,2024-05-29,Hope Clinic,Kano,CT Scanner,TechHealth Inc.,Canada
7629,30,400,2024-06-03,Sunshine Hospital,Lagos,MRI Machine,MedTech Co.,USA
7630,15,170,2024-06-08,General Hospital,Enugu,Ultrasound,HealthEquip Ltd.,UK
7631,12,300,2024-06-13,State Medical Center,Oyo,CT Scanner,MedTech Co.,USA
7632,6,400,2024-06-18,Healing Hands Hospital,Rivers,MRI Machine,HealthEquip Ltd.,Canada
7633,8,250,2024-06-23,Metro Medical Center,Abuja,X-Ray Machine,TechHealth Inc.,UK
7634,14,150,2024-06-28,Central Clinic,Kaduna,Ultrasound,MedTech Co.,China
7635,25,220,2024-07-03,Community Hospital,Lagos,MRI Machine,MedTech Co.,USA
7636,18,600,2024-07-08,Sunshine Medical,Kano,CT Scanner,HealthEquip Ltd.,UK
7637,10,150,2024-07-13,Hope Hospital,Enugu,Ultrasound,Radiant Suppliers,China
7638,11,300,2024-07-18,City Medical Center,Oyo,X-Ray Machine,HealthEquip Ltd.,UK
7639,25,320,2024-07-23,State Hospital,Lagos,MRI Machine,Radiant Suppliers,China
7640,12,400,2024-07-28,General Hospital,Kaduna,CT Scanner,HealthEquip Ltd.,UK
7641,30,200,2024-08-02,Healing Touch Hospital,Rivers,X-Ray Machine,Radiant Suppliers,China
7642,15,150,2024-08-07,Metro Hospital,Abuja,Ultrasound,TechHealth Inc.,Canada
7643,20,350,2024-08-12,Central Hospital,Enugu,MRI Machine,MedTech Co.,USA
7644,5,450,2024-08-17,Sunshine Hospital,Lagos,CT Scanner,HealthEquip Ltd.,UK
7645,10,250,2024-08-22,Community Hospital,Abuja,Ultrasound,Radiant Suppliers,China
7646,14,150,2024-08-27,Hope Clinic,Kano,MRI Machine,TechHealth Inc.,Canada
7647,20,300,2024-09-01,Healing Hands Hospital,Lagos,Defibrillator,SoloSupplier Inc.,UK
7648,5,750,2024-09-06,City Hospital,Rivers,Ventilator,ExclusiveTech Ltd.,Germany
7649,10,400,2024-09-11,Metro Medical Center,Abuja,Surgical Table,HealthEquip Ltd.,UK
7650,12,200,2024-09-16,State Hospital,Oyo,MRI Machine,MedTech Co.,USA
7651,10,250,2024-01-15,General Hospital,Lagos,MRI Machine,MedTech Co.,USA
7652,5,200,2024-01-20,City Hospital,Abuja,MRI Machine,HealthEquip Ltd.,UK
7653,20,150,2024-01-25,Central Hospital,Rivers,X-Ray Machine,Radiant Suppliers,China
7654,15,300,2024-01-30,Sunshine Hospital,Lagos,CT Scanner,TechHealth Inc.,Canada
7655,8,500,2024-02-04,Community Hospital,Kaduna,Ultrasound,HealthEquip Ltd.,UK
7656,12,180,2024-02-09,Healing Hands Hospital,Enugu,X-Ray Machine,Radiant Suppliers,China
7657,25,220,2024-02-14,Hope Hospital,Kano,MRI Machine,MedTech Co.,USA
7658,30,320,2024-02-19,Unity Hospital,Lagos,CT Scanner,TechHealth Inc.,Canada
7659,10,550,2024-02-24,Metro Hospital,Abuja,Ultrasound,HealthEquip Ltd.,UK
7660,50,130,2024-02-29,State Hospital,Oyo,X-Ray Machine,Radiant Suppliers,China
7661,20,270,2024-03-05,City Medical Center,Lagos,MRI Machine,MedTech Co.,USA
7662,6,300,2024-03-10,General Hospital,Rivers,CT Scanner,TechHealth Inc.,Canada
7663,15,250,2024-03-15,Central Clinic,Ogun,Ultrasound,HealthEquip Ltd.,UK
7664,4,450,2024-03-20,Healing Touch Hospital,Enugu,MRI Machine,Radiant Suppliers,China
7665,25,180,2024-03-25,Sunshine Medical,Lagos,X-Ray Machine,MedTech Co.,USA
7666,18,600,2024-03-30,Hope Clinic,Kano,CT Scanner,HealthEquip Ltd.,UK
7667,14,150,2024-04-04,Metro Medical Center,Abuja,Ultrasound,TechHealth Inc.,Canada
7668,11,200,2024-04-09,State Medical Center,Oyo,MRI Machine,MedTech Co.,USA
7669,30,400,2024-04-14,General Clinic,Lagos,CT Scanner,HealthEquip Ltd.,UK
7670,10,150,2024-04-19,City Hospital,Rivers,Ultrasound,TechHealth Inc.,Canada
7671,12,350,2024-04-24,Hope Hospital,Abuja,MRI Machine,Radiant Suppliers,China
7672,10,450,2024-04-29,Healing Hands Hospital,Enugu,X-Ray Machine,HealthEquip Ltd.,UK
7673,5,600,2024-05-04,Central Hospital,Kaduna,Ultrasound,MedTech Co.,USA
7674,20,120,2024-05-09,State Hospital,Oyo,X-Ray Machine,Radiant Suppliers,China
7675,15,330,2024-05-14,City Medical Center,Lagos,MRI Machine,TechHealth Inc.,Canada
7676,10,450,2024-05-19,Central Hospital,Rivers,Ultrasound,HealthEquip Ltd.,UK
7677,7,200,2024-05-24,Metro Hospital,Abuja,X-Ray Machine,Radiant Suppliers,China
7678,25,280,2024-05-29,Hope Clinic,Kano,CT Scanner,TechHealth Inc.,Canada
7679,30,400,2024-06-03,Sunshine Hospital,Lagos,MRI Machine,MedTech Co.,USA
7680,15,170,2024-06-08,General Hospital,Enugu,Ultrasound,HealthEquip Ltd.,UK
7681,12,300,2024-06-13,State Medical Center,Oyo,CT Scanner,MedTech Co.,USA
7682,6,400,2024-06-18,Healing Hands Hospital,Rivers,MRI Machine,HealthEquip Ltd.,Canada
7683,8,250,2024-06-23,Metro Medical Center,Abuja,X-Ray Machine,TechHealth Inc.,UK
7684,14,150,2024-06-28,Central Clinic,Kaduna,Ultrasound,MedTech Co.,China
7685,25,220,2024-07-03,Community Hospital,Lagos,MRI Machine,MedTech Co.,USA
7686,18,600,2024-07-08,Sunshine Medical,Kano,CT Scanner,HealthEquip Ltd.,UK
7687,10,150,2024-07-13,Hope Hospital,Enugu,Ultrasound,Radiant Suppliers,China
7688,11,300,2024-07-18,City Medical Center,Oyo,X-Ray Machine,HealthEquip Ltd.,UK
7689,25,320,2024-07-23,State Hospital,Lagos,MRI Machine,Radiant Suppliers,China
7690,12,400,2024-07-28,General Hospital,Kaduna,CT Scanner,HealthEquip Ltd.,UK
7691,30,200,2024-08-02,Healing Touch Hospital,Rivers,X-Ray Machine,Radiant Suppliers,China
7692,15,150,2024-08-07,Metro Hospital,Abuja,Ultrasound,TechHealth Inc.,Canada
7693,20,350,2024-08-12,Central Hospital,Enugu,MRI Machine,MedTech Co.,USA
7694,5,450,2024-08-17,Sunshine Hospital,Lagos,CT Scanner,HealthEquip Ltd.,UK
7695,10,250,2024-08-22,Community Hospital,Abuja,Ultrasound,Radiant Suppliers,China
7696,14,150,2024-08-27,Hope Clinic,Kano,MRI Machine,TechHealth Inc.,Canada
7697,20,300,2024-09-01,Healing Hands Hospital,Lagos,Defibrillator,SoloSupplier Inc.,UK
7698,5,750,2024-09-06,City Hospital,Rivers,Ventilator,ExclusiveTech Ltd.,Germany
7699,10,400,2024-09-11,Metro Medical Center,Abuja,Surgical Table,HealthEquip Ltd.,UK
7700,12,200,2024-09-16,State Hospital,Oyo,MRI Machine,MedTech Co.,USA
7701,10,250,2024-01-15,General Hospital,Lagos,MRI Machine,MedTech Co.,USA
7702,5,200,2024-01-20,City Hospital,Abuja,MRI Machine,HealthEquip Ltd.,UK
7703,20,150,2024-01-25,Central Hospital,Rivers,X-Ray Machine,Radiant Suppliers,China
7704,15,300,2024-01-30,Sunshine Hospital,Lagos,CT Scanner,TechHealth Inc.,Canada
7705,8,500,2024-02-04,Community Hospital,Kaduna,Ultrasound,HealthEquip Ltd.,UK
7706,12,180,2024-02-09,Healing Hands Hospital,Enugu,X-Ray Machine,Radiant Suppliers,China
7707,25,220,2024-02-14,Hope Hospital,Kano,MRI Machine,MedTech Co.,USA
7708,30,320,2024-02-19,Unity Hospital,Lagos,CT Scanner,TechHealth Inc.,Canada
7709,10,550,2024-02-24,Metro Hospital,Abuja,Ultrasound,HealthEquip Ltd.,UK
7710,50,130,2024-02-29,State Hospital,Oyo,X-Ray Machine,Radiant Suppliers,China
7711,20,270,2024-03-05,City Medical Center,Lagos,MRI Machine,MedTech Co.,USA
7712,6,300,2024-03-10,General Hospital,Rivers,CT Scanner,TechHealth Inc.,Canada
7713,15,250,2024-03-15,Central Clinic,Ogun,Ultrasound,HealthEquip Ltd.,UK
7714,4,450,2024-03-20,Healing Touch Hospital,Enugu,MRI Machine,Radiant Suppliers,China
7715,25,180,2024-03-25,Sunshine Medical,Lagos,X-Ray Machine,MedTech Co.,USA
7716,18,600,2024-03-30,Hope Clinic,Kano,CT Scanner,HealthEquip Ltd.,UK
7717,14,150,2024-04-04,Metro Medical Center,Abuja,Ultrasound,TechHealth Inc.,Canada
7718,11,200,2024-04-09,State Medical Center,Oyo,MRI Machine,MedTech Co.,USA
7719,30,400,2024-04-14,General Clinic,Lagos,CT Scanner,HealthEquip Ltd.,UK
7720,10,150,2024-04-19,City Hospital,Rivers,Ultrasound,TechHealth Inc.,Canada
7721,12,350,2024-04-24,Hope Hospital,Abuja,MRI Machine,Radiant Suppliers,China
7722,10,450,2024-04-29,Healing Hands Hospital,Enugu,X-Ray Machine,HealthEquip Ltd.,UK
7723,5,600,2024-05-04,Central Hospital,Kaduna,Ultrasound,MedTech Co.,USA
7724,20,120,2024-05-09,State Hospital,Oyo,X-Ray Machine,Radiant Suppliers,China
7725,15,330,2024-05-14,City Medical Center,Lagos,MRI Machine,TechHealth Inc.,Canada
7726,10,450,2024-05-19,Central Hospital,Rivers,Ultrasound,HealthEquip Ltd.,UK
7727,7,200,2024-05-24,Metro Hospital,Abuja,X-Ray Machine,Radiant Suppliers,China
7728,25,280,2024-05-29,Hope Clinic,Kano,CT Scanner,TechHealth Inc.,Canada
7729,30,400,2024-06-03,Sunshine Hospital,Lagos,MRI Machine,MedTech Co.,USA
7730,15,170,2024-06-08,General Hospital,Enugu,Ultrasound,HealthEquip Ltd.,UK
7731,12,300,2024-06-13,State Medical Center,Oyo,CT Scanner,MedTech Co.,USA
7732,6,400,2024-06-18,Healing Hands Hospital,Rivers,MRI Machine,HealthEquip Ltd.,Canada
7733,8,250,2024-06-23,Metro Medical Center,Abuja,X-Ray Machine,TechHealth Inc.,UK
7734,14,150,2024-06-28,Central Clinic,Kaduna,Ultrasound,MedTech Co.,China
7735,25,220,2024-07-03,Community Hospital,Lagos,MRI Machine,MedTech Co.,USA
7736,18,600,2024-07-08,Sunshine Medical,Kano,CT Scanner,HealthEquip Ltd.,UK
7737,10,150,2024-07-13,Hope Hospital,Enugu,Ultrasound,Radiant Suppliers,China
7738,11,300,2024-07-18,City Medical Center,Oyo,X-Ray Machine,HealthEquip Ltd.,UK
7739,25,320,2024-07-23,State Hospital,Lagos,MRI Machine,Radiant Suppliers,China
7740,12,400,2024-07-28,General Hospital,Kaduna,CT Scanner,HealthEquip Ltd.,UK
7741,30,200,2024-08-02,Healing Touch Hospital,Rivers,X-Ray Machine,Radiant Suppliers,China
7742,15,150,2024-08-07,Metro Hospital,Abuja,Ultrasound,TechHealth Inc.,Canada
7743,20,350,2024-08-12,Central Hospital,Enugu,MRI Machine,MedTech Co.,USA
7744,5,450,2024-08-17,Sunshine Hospital,Lagos,CT Scanner,HealthEquip Ltd.,UK
7745,10,250,2024-08-22,Community Hospital,Abuja,Ultrasound,Radiant Suppliers,China
7746,14,150,2024-08-27,Hope Clinic,Kano,MRI Machine,TechHealth Inc.,Canada
7747,20,300,2024-09-01,Healing Hands Hospital,Lagos,Defibrillator,SoloSupplier Inc.,UK
7748,5,750,2024-09-06,City Hospital,Rivers,Ventilator,ExclusiveTech Ltd.,Germany
7749,10,400,2024-09-11,Metro Medical Center,Abuja,Surgical Table,HealthEquip Ltd.,UK
7750,12,200,2024-09-16,State Hospital,Oyo,MRI Machine,MedTech Co.,USA
7751,10,250,2024-01-15,General Hospital,Lagos,MRI Machine,MedTech Co.,USA
7752,5,200,2024-01-20,City Hospital,Abuja,MRI Machine,HealthEquip Ltd.,UK
7753,20,150,2024-01-25,Central Hospital,Rivers,X-Ray Machine,Radiant Suppliers,China
7754,15,300,2024-01-30,Sunshine Hospital,Lagos,CT Scanner,TechHealth Inc.,Canada
7755,8,500,2024-02-04,Community Hospital,Kaduna,Ultrasound,HealthEquip Ltd.,UK
7756,12,180,2024-02-09,Healing Hands Hospital,Enugu,X-Ray Machine,Radiant Suppliers,China
7757,25,220,2024-02-14,Hope Hospital,Kano,MRI Machine,MedTech Co.,USA
7758,30,320,2024-02-19,Unity Hospital,Lagos,CT Scanner,TechHealth Inc.,Canada
7759,10,550,2024-02-24,Metro Hospital,Abuja,Ultrasound,HealthEquip Ltd.,UK
7760,50,130,2024-02-29,State Hospital,Oyo,X-Ray Machine,Radiant Suppliers,China
7761,20,270,2024-03-05,City Medical Center,Lagos,MRI Machine,MedTech Co.,USA
7762,6,300,2024-03-10,General Hospital,Rivers,CT Scanner,TechHealth Inc.,Canada
7763,15,250,2024-03-15,Central Clinic,Ogun,Ultrasound,HealthEquip Ltd.,UK
7764,4,450,2024-03-20,Healing Touch Hospital,Enugu,MRI Machine,Radiant Suppliers,China
7765,25,180,2024-03-25,Sunshine Medical,Lagos,X-Ray Machine,MedTech Co.,USA
7766,18,600,2024-03-30,Hope Clinic,Kano,CT Scanner,HealthEquip Ltd.,UK
7767,14,150,2024-04-04,Metro Medical Center,Abuja,Ultrasound,TechHealth Inc.,Canada
7768,11,200,2024-04-09,State Medical Center,Oyo,MRI Machine,MedTech Co.,USA
7769,30,400,2024-04-14,General Clinic,Lagos,CT Scanner,HealthEquip Ltd.,UK
7770,10,150,2024-04-19,City Hospital,Rivers,Ultrasound,TechHealth Inc.,Canada
7771,12,350,2024-04-24,Hope Hospital,Abuja,MRI Machine,Radiant Suppliers,China
7772,10,450,2024-04-29,Healing Hands Hospital,Enugu,X-Ray Machine,HealthEquip Ltd.,UK
7773,5,600,2024-05-04,Central Hospital,Kaduna,Ultrasound,MedTech Co.,USA
7774,20,120,2024-05-09,State Hospital,Oyo,X-Ray Machine,Radiant Suppliers,China
7775,15,330,2024-05-14,City Medical Center,Lagos,MRI Machine,TechHealth Inc.,Canada
7776,10,450,2024-05-19,Central Hospital,Rivers,Ultrasound,HealthEquip Ltd.,UK
7777,7,200,2024-05-24,Metro Hospital,Abuja,X-Ray Machine,Radiant Suppliers,China
7778,25,280,2024-05-29,Hope Clinic,Kano,CT Scanner,TechHealth Inc.,Canada
7779,30,400,2024-06-03,Sunshine Hospital,Lagos,MRI Machine,MedTech Co.,USA
7780,15,170,2024-06-08,General Hospital,Enugu,Ultrasound,HealthEquip Ltd.,UK
7781,12,300,2024-06-13,State Medical Center,Oyo,CT Scanner,MedTech Co.,USA
7782,6,400,2024-06-18,Healing Hands Hospital,Rivers,MRI Machine,HealthEquip Ltd.,Canada
7783,8,250,2024-06-23,Metro Medical Center,Abuja,X-Ray Machine,TechHealth Inc.,UK
7784,14,150,2024-06-28,Central Clinic,Kaduna,Ultrasound,MedTech Co.,China
7785,25,220,2024-07-03,Community Hospital,Lagos,MRI Machine,MedTech Co.,USA
7786,18,600,2024-07-08,Sunshine Medical,Kano,CT Scanner,HealthEquip Ltd.,UK
7787,10,150,2024-07-13,Hope Hospital,Enugu,Ultrasound,Radiant Suppliers,China
7788,11,300,2024-07-18,City Medical Center,Oyo,X-Ray Machine,HealthEquip Ltd.,UK
7789,25,320,2024-07-23,State Hospital,Lagos,MRI Machine,Radiant Suppliers,China
7790,12,400,2024-07-28,General Hospital,Kaduna,CT Scanner,HealthEquip Ltd.,UK
7791,30,200,2024-08-02,Healing Touch Hospital,Rivers,X-Ray Machine,Radiant Suppliers,China
7792,15,150,2024-08-07,Metro Hospital,Abuja,Ultrasound,TechHealth Inc.,Canada
7793,20,350,2024-08-12,Central Hospital,Enugu,MRI Machine,MedTech Co.,USA
7794,5,450,2024-08-17,Sunshine Hospital,Lagos,CT Scanner,HealthEquip Ltd.,UK
7795,10,250,2024-08-22,Community Hospital,Abuja,Ultrasound,Radiant Suppliers,China
7796,14,150,2024-08-27,Hope Clinic,Kano,MRI Machine,TechHealth Inc.,Canada
7797,20,300,2024-09-01,Healing Hands Hospital,Lagos,Defibrillator,SoloSupplier Inc.,UK
7798,5,750,2024-09-06,City Hospital,Rivers,Ventilator,ExclusiveTech Ltd.,Germany
7799,10,400,2024-09-11,Metro Medical Center,Abuja,Surgical Table,HealthEquip Ltd.,UK
7800,12,200,2024-09-16,State Hospital,Oyo,MRI Machine,MedTech Co.,USA
7801,10,250,2024-01-15,General Hospital,Lagos,MRI Machine,MedTech Co.,USA
7802,5,200,2024-01-20,City Hospital,Abuja,MRI Machine,HealthEquip Ltd.,UK
7803,20,150,2024-01-25,Central Hospital,Rivers,X-Ray Machine,Radiant Suppliers,China
7804,15,300,2024-01-30,Sunshine Hospital,Lagos,CT Scanner,TechHealth Inc.,Canada
7805,8,500,2024-02-04,Community Hospital,Kaduna,Ultrasound,HealthEquip Ltd.,UK
7806,12,180,2024-02-09,Healing Hands Hospital,Enugu,X-Ray Machine,Radiant Suppliers,China
7807,25,220,2024-02-14,Hope Hospital,Kano,MRI Machine,MedTech Co.,USA
7808,30,320,2024-02-19,Unity Hospital,Lagos,CT Scanner,TechHealth Inc.,Canada
7809,10,550,2024-02-24,Metro Hospital,Abuja,Ultrasound,HealthEquip Ltd.,UK
7810,50,130,2024-02-29,State Hospital,Oyo,X-Ray Machine,Radiant Suppliers,China
7811,20,270,2024-03-05,City Medical Center,Lagos,MRI Machine,MedTech Co.,USA
7812,6,300,2024-03-10,General Hospital,Rivers,CT Scanner,TechHealth Inc.,Canada
7813,15,250,2024-03-15,Central Clinic,Ogun,Ultrasound,HealthEquip Ltd.,UK
7814,4,450,2024-03-20,Healing Touch Hospital,Enugu,MRI Machine,Radiant Suppliers,China
7815,25,180,2024-03-25,Sunshine Medical,Lagos,X-Ray Machine,MedTech Co.,USA
7816,18,600,2024-03-30,Hope Clinic,Kano,CT Scanner,HealthEquip Ltd.,UK
7817,14,150,2024-04-04,Metro Medical Center,Abuja,Ultrasound,TechHealth Inc.,Canada
7818,11,200,2024-04-09,State Medical Center,Oyo,MRI Machine,MedTech Co.,USA
7819,30,400,2024-04-14,General Clinic,Lagos,CT Scanner,HealthEquip Ltd.,UK
7820,10,150,2024-04-19,City Hospital,Rivers,Ultrasound,TechHealth Inc.,Canada
7821,12,350,2024-04-24,Hope Hospital,Abuja,MRI Machine,Radiant Suppliers,China
7822,10,450,2024-04-29,Healing Hands Hospital,Enugu,X-Ray Machine,HealthEquip Ltd.,UK
7823,5,600,2024-05-04,Central Hospital,Kaduna,Ultrasound,MedTech Co.,USA
7824,20,120,2024-05-09,State Hospital,Oyo,X-Ray Machine,Radiant Suppliers,China
7825,15,330,2024-05-14,City Medical Center,Lagos,MRI Machine,TechHealth Inc.,Canada
7826,10,450,2024-05-19,Central Hospital,Rivers,Ultrasound,HealthEquip Ltd.,UK
7827,7,200,2024-05-24,Metro Hospital,Abuja,X-Ray Machine,Radiant Suppliers,China
7828,25,280,2024-05-29,Hope Clinic,Kano,CT Scanner,TechHealth Inc.,Canada
7829,30,400,2024-06-03,Sunshine Hospital,Lagos,MRI Machine,MedTech Co.,USA
7830,15,170,2024-06-08,General Hospital,Enugu,Ultrasound,HealthEquip Ltd.,UK
7831,12,300,2024-06-13,State Medical Center,Oyo,CT Scanner,MedTech Co.,USA
7832,6,400,2024-06-18,Healing Hands Hospital,Rivers,MRI Machine,HealthEquip Ltd.,Canada
7833,8,250,2024-06-23,Metro Medical Center,Abuja,X-Ray Machine,TechHealth Inc.,UK
7834,14,150,2024-06-28,Central Clinic,Kaduna,Ultrasound,MedTech Co.,China
7835,25,220,2024-07-03,Community Hospital,Lagos,MRI Machine,MedTech Co.,USA
7836,18,600,2024-07-08,Sunshine Medical,Kano,CT Scanner,HealthEquip Ltd.,UK
7837,10,150,2024-07-13,Hope Hospital,Enugu,Ultrasound,Radiant Suppliers,China
7838,11,300,2024-07-18,City Medical Center,Oyo,X-Ray Machine,HealthEquip Ltd.,UK
7839,25,320,2024-07-23,State Hospital,Lagos,MRI Machine,Radiant Suppliers,China
7840,12,400,2024-07-28,General Hospital,Kaduna,CT Scanner,HealthEquip Ltd.,UK
7841,30,200,2024-08-02,Healing Touch Hospital,Rivers,X-Ray Machine,Radiant Suppliers,China
7842,15,150,2024-08-07,Metro Hospital,Abuja,Ultrasound,TechHealth Inc.,Canada
7843,20,350,2024-08-12,Central Hospital,Enugu,MRI Machine,MedTech Co.,USA
7844,5,450,2024-08-17,Sunshine Hospital,Lagos,CT Scanner,HealthEquip Ltd.,UK
7845,10,250,2024-08-22,Community Hospital,Abuja,Ultrasound,Radiant Suppliers,China
7846,14,150,2024-08-27,Hope Clinic,Kano,MRI Machine,TechHealth Inc.,Canada
7847,20,300,2024-09-01,Healing Hands Hospital,Lagos,Defibrillator,SoloSupplier Inc.,UK
7848,5,750,2024-09-06,City Hospital,Rivers,Ventilator,ExclusiveTech Ltd.,Germany
7849,10,400,2024-09-11,Metro Medical Center,Abuja,Surgical Table,HealthEquip Ltd.,UK
7850,12,200,2024-09-16,State Hospital,Oyo,MRI Machine,MedTech Co.,USA
7851,10,250,2024-01-15,General Hospital,Lagos,MRI Machine,MedTech Co.,USA
7852,5,200,2024-01-20,City Hospital,Abuja,MRI Machine,HealthEquip Ltd.,UK
7853,20,150,2024-01-25,Central Hospital,Rivers,X-Ray Machine,Radiant Suppliers,China
7854,15,300,2024-01-30,Sunshine Hospital,Lagos,CT Scanner,TechHealth Inc.,Canada
7855,8,500,2024-02-04,Community Hospital,Kaduna,Ultrasound,HealthEquip Ltd.,UK
7856,12,180,2024-02-09,Healing Hands Hospital,Enugu,X-Ray Machine,Radiant Suppliers,China
7857,25,220,2024-02-14,Hope Hospital,Kano,MRI Machine,MedTech Co.,USA
7858,30,320,2024-02-19,Unity Hospital,Lagos,CT Scanner,TechHealth Inc.,Canada
7859,10,550,2024-02-24,Metro Hospital,Abuja,Ultrasound,HealthEquip Ltd.,UK
7860,50,130,2024-02-29,State Hospital,Oyo,X-Ray Machine,Radiant Suppliers,China
7861,20,270,2024-03-05,City Medical Center,Lagos,MRI Machine,MedTech Co.,USA
7862,6,300,2024-03-10,General Hospital,Rivers,CT Scanner,TechHealth Inc.,Canada
7863,15,250,2024-03-15,Central Clinic,Ogun,Ultrasound,HealthEquip Ltd.,UK
7864,4,450,2024-03-20,Healing Touch Hospital,Enugu,MRI Machine,Radiant Suppliers,China
7865,25,180,2024-03-25,Sunshine Medical,Lagos,X-Ray Machine,MedTech Co.,USA
7866,18,600,2024-03-30,Hope Clinic,Kano,CT Scanner,HealthEquip Ltd.,UK
7867,14,150,2024-04-04,Metro Medical Center,Abuja,Ultrasound,TechHealth Inc.,Canada
7868,11,200,2024-04-09,State Medical Center,Oyo,MRI Machine,MedTech Co.,USA
7869,30,400,2024-04-14,General Clinic,Lagos,CT Scanner,HealthEquip Ltd.,UK
7870,10,150,2024-04-19,City Hospital,Rivers,Ultrasound,TechHealth Inc.,Canada
7871,12,350,2024-04-24,Hope Hospital,Abuja,MRI Machine,Radiant Suppliers,China
7872,10,450,2024-04-29,Healing Hands Hospital,Enugu,X-Ray Machine,HealthEquip Ltd.,UK
7873,5,600,2024-05-04,Central Hospital,Kaduna,Ultrasound,MedTech Co.,USA
7874,20,120,2024-05-09,State Hospital,Oyo,X-Ray Machine,Radiant Suppliers,China
7875,15,330,2024-05-14,City Medical Center,Lagos,MRI Machine,TechHealth Inc.,Canada
7876,10,450,2024-05-19,Central Hospital,Rivers,Ultrasound,HealthEquip Ltd.,UK
7877,7,200,2024-05-24,Metro Hospital,Abuja,X-Ray Machine,Radiant Suppliers,China
7878,25,280,2024-05-29,Hope Clinic,Kano,CT Scanner,TechHealth Inc.,Canada
7879,30,400,2024-06-03,Sunshine Hospital,Lagos,MRI Machine,MedTech Co.,USA
7880,15,170,2024-06-08,General Hospital,Enugu,Ultrasound,HealthEquip Ltd.,UK
7881,12,300,2024-06-13,State Medical Center,Oyo,CT Scanner,MedTech Co.,USA
7882,6,400,2024-06-18,Healing Hands Hospital,Rivers,MRI Machine,HealthEquip Ltd.,Canada
7883,8,250,2024-06-23,Metro Medical Center,Abuja,X-Ray Machine,TechHealth Inc.,UK
7884,14,150,2024-06-28,Central Clinic,Kaduna,Ultrasound,MedTech Co.,China
7885,25,220,2024-07-03,Community Hospital,Lagos,MRI Machine,MedTech Co.,USA
7886,18,600,2024-07-08,Sunshine Medical,Kano,CT Scanner,HealthEquip Ltd.,UK
7887,10,150,2024-07-13,Hope Hospital,Enugu,Ultrasound,Radiant Suppliers,China
7888,11,300,2024-07-18,City Medical Center,Oyo,X-Ray Machine,HealthEquip Ltd.,UK
7889,25,320,2024-07-23,State Hospital,Lagos,MRI Machine,Radiant Suppliers,China
7890,12,400,2024-07-28,General Hospital,Kaduna,CT Scanner,HealthEquip Ltd.,UK
7891,30,200,2024-08-02,Healing Touch Hospital,Rivers,X-Ray Machine,Radiant Suppliers,China
7892,15,150,2024-08-07,Metro Hospital,Abuja,Ultrasound,TechHealth Inc.,Canada
7893,20,350,2024-08-12,Central Hospital,Enugu,MRI Machine,MedTech Co.,USA
7894,5,450,2024-08-17,Sunshine Hospital,Lagos,CT Scanner,HealthEquip Ltd.,UK
7895,10,250,2024-08-22,Community Hospital,Abuja,Ultrasound,Radiant Suppliers,China
7896,14,150,2024-08-27,Hope Clinic,Kano,MRI Machine,TechHealth Inc.,Canada
7897,20,300,2024-09-01,Healing Hands Hospital,Lagos,Defibrillator,SoloSupplier Inc.,UK
7898,5,750,2024-09-06,City Hospital,Rivers,Ventilator,ExclusiveTech Ltd.,Germany
7899,10,400,2024-09-11,Metro Medical Center,Abuja,Surgical Table,HealthEquip Ltd.,UK
7900,12,200,2024-09-16,State Hospital,Oyo,MRI Machine,MedTech Co.,USA
7901,10,250,2024-01-15,General Hospital,Lagos,MRI Machine,MedTech Co.,USA
7902,5,200,2024-01-20,City Hospital,Abuja,MRI Machine,HealthEquip Ltd.,UK
7903,20,150,2024-01-25,Central Hospital,Rivers,X-Ray Machine,Radiant Suppliers,China
7904,15,300,2024-01-30,Sunshine Hospital,Lagos,CT Scanner,TechHealth Inc.,Canada
7905,8,500,2024-02-04,Community Hospital,Kaduna,Ultrasound,HealthEquip Ltd.,UK
7906,12,180,2024-02-09,Healing Hands Hospital,Enugu,X-Ray Machine,Radiant Suppliers,China
7907,25,220,2024-02-14,Hope Hospital,Kano,MRI Machine,MedTech Co.,USA
7908,30,320,2024-02-19,Unity Hospital,Lagos,CT Scanner,TechHealth Inc.,Canada
7909,10,550,2024-02-24,Metro Hospital,Abuja,Ultrasound,HealthEquip Ltd.,UK
7910,50,130,2024-02-29,State Hospital,Oyo,X-Ray Machine,Radiant Suppliers,China
7911,20,270,2024-03-05,City Medical Center,Lagos,MRI Machine,MedTech Co.,USA
7912,6,300,2024-03-10,General Hospital,Rivers,CT Scanner,TechHealth Inc.,Canada
7913,15,250,2024-03-15,Central Clinic,Ogun,Ultrasound,HealthEquip Ltd.,UK
7914,4,450,2024-03-20,Healing Touch Hospital,Enugu,MRI Machine,Radiant Suppliers,China
7915,25,180,2024-03-25,Sunshine Medical,Lagos,X-Ray Machine,MedTech Co.,USA
7916,18,600,2024-03-30,Hope Clinic,Kano,CT Scanner,HealthEquip Ltd.,UK
7917,14,150,2024-04-04,Metro Medical Center,Abuja,Ultrasound,TechHealth Inc.,Canada
7918,11,200,2024-04-09,State Medical Center,Oyo,MRI Machine,MedTech Co.,USA
7919,30,400,2024-04-14,General Clinic,Lagos,CT Scanner,HealthEquip Ltd.,UK
7920,10,150,2024-04-19,City Hospital,Rivers,Ultrasound,TechHealth Inc.,Canada
7921,12,350,2024-04-24,Hope Hospital,Abuja,MRI Machine,Radiant Suppliers,China
7922,10,450,2024-04-29,Healing Hands Hospital,Enugu,X-Ray Machine,HealthEquip Ltd.,UK
7923,5,600,2024-05-04,Central Hospital,Kaduna,Ultrasound,MedTech Co.,USA
7924,20,120,2024-05-09,State Hospital,Oyo,X-Ray Machine,Radiant Suppliers,China
7925,15,330,2024-05-14,City Medical Center,Lagos,MRI Machine,TechHealth Inc.,Canada
7926,10,450,2024-05-19,Central Hospital,Rivers,Ultrasound,HealthEquip Ltd.,UK
7927,7,200,2024-05-24,Metro Hospital,Abuja,X-Ray Machine,Radiant Suppliers,China
7928,25,280,2024-05-29,Hope Clinic,Kano,CT Scanner,TechHealth Inc.,Canada
7929,30,400,2024-06-03,Sunshine Hospital,Lagos,MRI Machine,MedTech Co.,USA
7930,15,170,2024-06-08,General Hospital,Enugu,Ultrasound,HealthEquip Ltd.,UK
7931,12,300,2024-06-13,State Medical Center,Oyo,CT Scanner,MedTech Co.,USA
7932,6,400,2024-06-18,Healing Hands Hospital,Rivers,MRI Machine,HealthEquip Ltd.,Canada
7933,8,250,2024-06-23,Metro Medical Center,Abuja,X-Ray Machine,TechHealth Inc.,UK
7934,14,150,2024-06-28,Central Clinic,Kaduna,Ultrasound,MedTech Co.,China
7935,25,220,2024-07-03,Community Hospital,Lagos,MRI Machine,MedTech Co.,USA
7936,18,600,2024-07-08,Sunshine Medical,Kano,CT Scanner,HealthEquip Ltd.,UK
7937,10,150,2024-07-13,Hope Hospital,Enugu,Ultrasound,Radiant Suppliers,China
7938,11,300,2024-07-18,City Medical Center,Oyo,X-Ray Machine,HealthEquip Ltd.,UK
7939,25,320,2024-07-23,State Hospital,Lagos,MRI Machine,Radiant Suppliers,China
7940,12,400,2024-07-28,General Hospital,Kaduna,CT Scanner,HealthEquip Ltd.,UK
7941,30,200,2024-08-02,Healing Touch Hospital,Rivers,X-Ray Machine,Radiant Suppliers,China
7942,15,150,2024-08-07,Metro Hospital,Abuja,Ultrasound,TechHealth Inc.,Canada
7943,20,350,2024-08-12,Central Hospital,Enugu,MRI Machine,MedTech Co.,USA
7944,5,450,2024-08-17,Sunshine Hospital,Lagos,CT Scanner,HealthEquip Ltd.,UK
7945,10,250,2024-08-22,Community Hospital,Abuja,Ultrasound,Radiant Suppliers,China
7946,14,150,2024-08-27,Hope Clinic,Kano,MRI Machine,TechHealth Inc.,Canada
7947,20,300,2024-09-01,Healing Hands Hospital,Lagos,Defibrillator,SoloSupplier Inc.,UK
7948,5,750,2024-09-06,City Hospital,Rivers,Ventilator,ExclusiveTech Ltd.,Germany
7949,10,400,2024-09-11,Metro Medical Center,Abuja,Surgical Table,HealthEquip Ltd.,UK
7950,12,200,2024-09-16,State Hospital,Oyo,MRI Machine,MedTech Co.,USA
7951,10,250,2024-01-15,General Hospital,Lagos,MRI Machine,MedTech Co.,USA
7952,5,200,2024-01-20,City Hospital,Abuja,MRI Machine,HealthEquip Ltd.,UK
7953,20,150,2024-01-25,Central Hospital,Rivers,X-Ray Machine,Radiant Suppliers,China
7954,15,300,2024-01-30,Sunshine Hospital,Lagos,CT Scanner,TechHealth Inc.,Canada
7955,8,500,2024-02-04,Community Hospital,Kaduna,Ultrasound,HealthEquip Ltd.,UK
7956,12,180,2024-02-09,Healing Hands Hospital,Enugu,X-Ray Machine,Radiant Suppliers,China
7957,25,220,2024-02-14,Hope Hospital,Kano,MRI Machine,MedTech Co.,USA
7958,30,320,2024-02-19,Unity Hospital,Lagos,CT Scanner,TechHealth Inc.,Canada
7959,10,550,2024-02-24,Metro Hospital,Abuja,Ultrasound,HealthEquip Ltd.,UK
7960,50,130,2024-02-29,State Hospital,Oyo,X-Ray Machine,Radiant Suppliers,China
7961,20,270,2024-03-05,City Medical Center,Lagos,MRI Machine,MedTech Co.,USA
7962,6,300,2024-03-10,General Hospital,Rivers,CT Scanner,TechHealth Inc.,Canada
7963,15,250,2024-03-15,Central Clinic,Ogun,Ultrasound,HealthEquip Ltd.,UK
7964,4,450,2024-03-20,Healing Touch Hospital,Enugu,MRI Machine,Radiant Suppliers,China
7965,25,180,2024-03-25,Sunshine Medical,Lagos,X-Ray Machine,MedTech Co.,USA
7966,18,600,2024-03-30,Hope Clinic,Kano,CT Scanner,HealthEquip Ltd.,UK
7967,14,150,2024-04-04,Metro Medical Center,Abuja,Ultrasound,TechHealth Inc.,Canada
7968,11,200,2024-04-09,State Medical Center,Oyo,MRI Machine,MedTech Co.,USA
7969,30,400,2024-04-14,General Clinic,Lagos,CT Scanner,HealthEquip Ltd.,UK
7970,10,150,2024-04-19,City Hospital,Rivers,Ultrasound,TechHealth Inc.,Canada
7971,12,350,2024-04-24,Hope Hospital,Abuja,MRI Machine,Radiant Suppliers,China
7972,10,450,2024-04-29,Healing Hands Hospital,Enugu,X-Ray Machine,HealthEquip Ltd.,UK
7973,5,600,2024-05-04,Central Hospital,Kaduna,Ultrasound,MedTech Co.,USA
7974,20,120,2024-05-09,State Hospital,Oyo,X-Ray Machine,Radiant Suppliers,China
7975,15,330,2024-05-14,City Medical Center,Lagos,MRI Machine,TechHealth Inc.,Canada
7976,10,450,2024-05-19,Central Hospital,Rivers,Ultrasound,HealthEquip Ltd.,UK
7977,7,200,2024-05-24,Metro Hospital,Abuja,X-Ray Machine,Radiant Suppliers,China
7978,25,280,2024-05-29,Hope Clinic,Kano,CT Scanner,TechHealth Inc.,Canada
7979,30,400,2024-06-03,Sunshine Hospital,Lagos,MRI Machine,MedTech Co.,USA
7980,15,170,2024-06-08,General Hospital,Enugu,Ultrasound,HealthEquip Ltd.,UK
7981,12,300,2024-06-13,State Medical Center,Oyo,CT Scanner,MedTech Co.,USA
7982,6,400,2024-06-18,Healing Hands Hospital,Rivers,MRI Machine,HealthEquip Ltd.,Canada
7983,8,250,2024-06-23,Metro Medical Center,Abuja,X-Ray Machine,TechHealth Inc.,UK
7984,14,150,2024-06-28,Central Clinic,Kaduna,Ultrasound,MedTech Co.,China
7985,25,220,2024-07-03,Community Hospital,Lagos,MRI Machine,MedTech Co.,USA
7986,18,600,2024-07-08,Sunshine Medical,Kano,CT Scanner,HealthEquip Ltd.,UK
7987,10,150,2024-07-13,Hope Hospital,Enugu,Ultrasound,Radiant Suppliers,China
7988,11,300,2024-07-18,City Medical Center,Oyo,X-Ray Machine,HealthEquip Ltd.,UK
7989,25,320,2024-07-23,State Hospital,Lagos,MRI Machine,Radiant Suppliers,China
7990,12,400,2024-07-28,General Hospital,Kaduna,CT Scanner,HealthEquip Ltd.,UK
7991,30,200,2024-08-02,Healing Touch Hospital,Rivers,X-Ray Machine,Radiant Suppliers,China
7992,15,150,2024-08-07,Metro Hospital,Abuja,Ultrasound,TechHealth Inc.,Canada
7993,20,350,2024-08-12,Central Hospital,Enugu,MRI Machine,MedTech Co.,USA
7994,5,450,2024-08-17,Sunshine Hospital,Lagos,CT Scanner,HealthEquip Ltd.,UK
7995,10,250,2024-08-22,Community Hospital,Abuja,Ultrasound,Radiant Suppliers,China
7996,14,150,2024-08-27,Hope Clinic,Kano,MRI Machine,TechHealth Inc.,Canada
7997,20,300,2024-09-01,Healing Hands Hospital,Lagos,Defibrillator,SoloSupplier Inc.,UK
7998,5,750,2024-09-06,City Hospital,Rivers,Ventilator,ExclusiveTech Ltd.,Germany
7999,10,400,2024-09-11,Metro Medical Center,Abuja,Surgical Table,HealthEquip Ltd.,UK
8000,12,200,2024-09-16,State Hospital,Oyo,MRI Machine,MedTech Co.,USA
8001,10,250,2024-01-15,General Hospital,Lagos,MRI Machine,MedTech Co.,USA
8002,5,200,2024-01-20,City Hospital,Abuja,MRI Machine,HealthEquip Ltd.,UK
8003,20,150,2024-01-25,Central Hospital,Rivers,X-Ray Machine,Radiant Suppliers,China
8004,15,300,2024-01-30,Sunshine Hospital,Lagos,CT Scanner,TechHealth Inc.,Canada
8005,8,500,2024-02-04,Community Hospital,Kaduna,Ultrasound,HealthEquip Ltd.,UK
8006,12,180,2024-02-09,Healing Hands Hospital,Enugu,X-Ray Machine,Radiant Suppliers,China
8007,25,220,2024-02-14,Hope Hospital,Kano,MRI Machine,MedTech Co.,USA
8008,30,320,2024-02-19,Unity Hospital,Lagos,CT Scanner,TechHealth Inc.,Canada
8009,10,550,2024-02-24,Metro Hospital,Abuja,Ultrasound,HealthEquip Ltd.,UK
8010,50,130,2024-02-29,State Hospital,Oyo,X-Ray Machine,Radiant Suppliers,China
8011,20,270,2024-03-05,City Medical Center,Lagos,MRI Machine,MedTech Co.,USA
8012,6,300,2024-03-10,General Hospital,Rivers,CT Scanner,TechHealth Inc.,Canada
8013,15,250,2024-03-15,Central Clinic,Ogun,Ultrasound,HealthEquip Ltd.,UK
8014,4,450,2024-03-20,Healing Touch Hospital,Enugu,MRI Machine,Radiant Suppliers,China
8015,25,180,2024-03-25,Sunshine Medical,Lagos,X-Ray Machine,MedTech Co.,USA
8016,18,600,2024-03-30,Hope Clinic,Kano,CT Scanner,HealthEquip Ltd.,UK
8017,14,150,2024-04-04,Metro Medical Center,Abuja,Ultrasound,TechHealth Inc.,Canada
8018,11,200,2024-04-09,State Medical Center,Oyo,MRI Machine,MedTech Co.,USA
8019,30,400,2024-04-14,General Clinic,Lagos,CT Scanner,HealthEquip Ltd.,UK
8020,10,150,2024-04-19,City Hospital,Rivers,Ultrasound,TechHealth Inc.,Canada
8021,12,350,2024-04-24,Hope Hospital,Abuja,MRI Machine,Radiant Suppliers,China
8022,10,450,2024-04-29,Healing Hands Hospital,Enugu,X-Ray Machine,HealthEquip Ltd.,UK
8023,5,600,2024-05-04,Central Hospital,Kaduna,Ultrasound,MedTech Co.,USA
8024,20,120,2024-05-09,State Hospital,Oyo,X-Ray Machine,Radiant Suppliers,China
8025,15,330,2024-05-14,City Medical Center,Lagos,MRI Machine,TechHealth Inc.,Canada
8026,10,450,2024-05-19,Central Hospital,Rivers,Ultrasound,HealthEquip Ltd.,UK
8027,7,200,2024-05-24,Metro Hospital,Abuja,X-Ray Machine,Radiant Suppliers,China
8028,25,280,2024-05-29,Hope Clinic,Kano,CT Scanner,TechHealth Inc.,Canada
8029,30,400,2024-06-03,Sunshine Hospital,Lagos,MRI Machine,MedTech Co.,USA
8030,15,170,2024-06-08,General Hospital,Enugu,Ultrasound,HealthEquip Ltd.,UK
8031,12,300,2024-06-13,State Medical Center,Oyo,CT Scanner,MedTech Co.,USA
8032,6,400,2024-06-18,Healing Hands Hospital,Rivers,MRI Machine,HealthEquip Ltd.,Canada
8033,8,250,2024-06-23,Metro Medical Center,Abuja,X-Ray Machine,TechHealth Inc.,UK
8034,14,150,2024-06-28,Central Clinic,Kaduna,Ultrasound,MedTech Co.,China
8035,25,220,2024-07-03,Community Hospital,Lagos,MRI Machine,MedTech Co.,USA
8036,18,600,2024-07-08,Sunshine Medical,Kano,CT Scanner,HealthEquip Ltd.,UK
8037,10,150,2024-07-13,Hope Hospital,Enugu,Ultrasound,Radiant Suppliers,China
8038,11,300,2024-07-18,City Medical Center,Oyo,X-Ray Machine,HealthEquip Ltd.,UK
8039,25,320,2024-07-23,State Hospital,Lagos,MRI Machine,Radiant Suppliers,China
8040,12,400,2024-07-28,General Hospital,Kaduna,CT Scanner,HealthEquip Ltd.,UK
8041,30,200,2024-08-02,Healing Touch Hospital,Rivers,X-Ray Machine,Radiant Suppliers,China
8042,15,150,2024-08-07,Metro Hospital,Abuja,Ultrasound,TechHealth Inc.,Canada
8043,20,350,2024-08-12,Central Hospital,Enugu,MRI Machine,MedTech Co.,USA
8044,5,450,2024-08-17,Sunshine Hospital,Lagos,CT Scanner,HealthEquip Ltd.,UK
8045,10,250,2024-08-22,Community Hospital,Abuja,Ultrasound,Radiant Suppliers,China
8046,14,150,2024-08-27,Hope Clinic,Kano,MRI Machine,TechHealth Inc.,Canada
8047,20,300,2024-09-01,Healing Hands Hospital,Lagos,Defibrillator,SoloSupplier Inc.,UK
8048,5,750,2024-09-06,City Hospital,Rivers,Ventilator,ExclusiveTech Ltd.,Germany
8049,10,400,2024-09-11,Metro Medical Center,Abuja,Surgical Table,HealthEquip Ltd.,UK
8050,12,200,2024-09-16,State Hospital,Oyo,MRI Machine,MedTech Co.,USA
8051,10,250,2024-01-15,General Hospital,Lagos,MRI Machine,MedTech Co.,USA
8052,5,200,2024-01-20,City Hospital,Abuja,MRI Machine,HealthEquip Ltd.,UK
8053,20,150,2024-01-25,Central Hospital,Rivers,X-Ray Machine,Radiant Suppliers,China
8054,15,300,2024-01-30,Sunshine Hospital,Lagos,CT Scanner,TechHealth Inc.,Canada
8055,8,500,2024-02-04,Community Hospital,Kaduna,Ultrasound,HealthEquip Ltd.,UK
8056,12,180,2024-02-09,Healing Hands Hospital,Enugu,X-Ray Machine,Radiant Suppliers,China
8057,25,220,2024-02-14,Hope Hospital,Kano,MRI Machine,MedTech Co.,USA
8058,30,320,2024-02-19,Unity Hospital,Lagos,CT Scanner,TechHealth Inc.,Canada
8059,10,550,2024-02-24,Metro Hospital,Abuja,Ultrasound,HealthEquip Ltd.,UK
8060,50,130,2024-02-29,State Hospital,Oyo,X-Ray Machine,Radiant Suppliers,China
8061,20,270,2024-03-05,City Medical Center,Lagos,MRI Machine,MedTech Co.,USA
8062,6,300,2024-03-10,General Hospital,Rivers,CT Scanner,TechHealth Inc.,Canada
8063,15,250,2024-03-15,Central Clinic,Ogun,Ultrasound,HealthEquip Ltd.,UK
8064,4,450,2024-03-20,Healing Touch Hospital,Enugu,MRI Machine,Radiant Suppliers,China
8065,25,180,2024-03-25,Sunshine Medical,Lagos,X-Ray Machine,MedTech Co.,USA
8066,18,600,2024-03-30,Hope Clinic,Kano,CT Scanner,HealthEquip Ltd.,UK
8067,14,150,2024-04-04,Metro Medical Center,Abuja,Ultrasound,TechHealth Inc.,Canada
8068,11,200,2024-04-09,State Medical Center,Oyo,MRI Machine,MedTech Co.,USA
8069,30,400,2024-04-14,General Clinic,Lagos,CT Scanner,HealthEquip Ltd.,UK
8070,10,150,2024-04-19,City Hospital,Rivers,Ultrasound,TechHealth Inc.,Canada
8071,12,350,2024-04-24,Hope Hospital,Abuja,MRI Machine,Radiant Suppliers,China
8072,10,450,2024-04-29,Healing Hands Hospital,Enugu,X-Ray Machine,HealthEquip Ltd.,UK
8073,5,600,2024-05-04,Central Hospital,Kaduna,Ultrasound,MedTech Co.,USA
8074,20,120,2024-05-09,State Hospital,Oyo,X-Ray Machine,Radiant Suppliers,China
8075,15,330,2024-05-14,City Medical Center,Lagos,MRI Machine,TechHealth Inc.,Canada
8076,10,450,2024-05-19,Central Hospital,Rivers,Ultrasound,HealthEquip Ltd.,UK
8077,7,200,2024-05-24,Metro Hospital,Abuja,X-Ray Machine,Radiant Suppliers,China
8078,25,280,2024-05-29,Hope Clinic,Kano,CT Scanner,TechHealth Inc.,Canada
8079,30,400,2024-06-03,Sunshine Hospital,Lagos,MRI Machine,MedTech Co.,USA
8080,15,170,2024-06-08,General Hospital,Enugu,Ultrasound,HealthEquip Ltd.,UK
8081,12,300,2024-06-13,State Medical Center,Oyo,CT Scanner,MedTech Co.,USA
8082,6,400,2024-06-18,Healing Hands Hospital,Rivers,MRI Machine,HealthEquip Ltd.,Canada
8083,8,250,2024-06-23,Metro Medical Center,Abuja,X-Ray Machine,TechHealth Inc.,UK
8084,14,150,2024-06-28,Central Clinic,Kaduna,Ultrasound,MedTech Co.,China
8085,25,220,2024-07-03,Community Hospital,Lagos,MRI Machine,MedTech Co.,USA
8086,18,600,2024-07-08,Sunshine Medical,Kano,CT Scanner,HealthEquip Ltd.,UK
8087,10,150,2024-07-13,Hope Hospital,Enugu,Ultrasound,Radiant Suppliers,China
8088,11,300,2024-07-18,City Medical Center,Oyo,X-Ray Machine,HealthEquip Ltd.,UK
8089,25,320,2024-07-23,State Hospital,Lagos,MRI Machine,Radiant Suppliers,China
8090,12,400,2024-07-28,General Hospital,Kaduna,CT Scanner,HealthEquip Ltd.,UK
8091,30,200,2024-08-02,Healing Touch Hospital,Rivers,X-Ray Machine,Radiant Suppliers,China
8092,15,150,2024-08-07,Metro Hospital,Abuja,Ultrasound,TechHealth Inc.,Canada
8093,20,350,2024-08-12,Central Hospital,Enugu,MRI Machine,MedTech Co.,USA
8094,5,450,2024-08-17,Sunshine Hospital,Lagos,CT Scanner,HealthEquip Ltd.,UK
8095,10,250,2024-08-22,Community Hospital,Abuja,Ultrasound,Radiant Suppliers,China
8096,14,150,2024-08-27,Hope Clinic,Kano,MRI Machine,TechHealth Inc.,Canada
8097,20,300,2024-09-01,Healing Hands Hospital,Lagos,Defibrillator,SoloSupplier Inc.,UK
8098,5,750,2024-09-06,City Hospital,Rivers,Ventilator,ExclusiveTech Ltd.,Germany
8099,10,400,2024-09-11,Metro Medical Center,Abuja,Surgical Table,HealthEquip Ltd.,UK
8100,12,200,2024-09-16,State Hospital,Oyo,MRI Machine,MedTech Co.,USA
8101,10,250,2024-01-15,General Hospital,Lagos,MRI Machine,MedTech Co.,USA
8102,5,200,2024-01-20,City Hospital,Abuja,MRI Machine,HealthEquip Ltd.,UK
8103,20,150,2024-01-25,Central Hospital,Rivers,X-Ray Machine,Radiant Suppliers,China
8104,15,300,2024-01-30,Sunshine Hospital,Lagos,CT Scanner,TechHealth Inc.,Canada
8105,8,500,2024-02-04,Community Hospital,Kaduna,Ultrasound,HealthEquip Ltd.,UK
8106,12,180,2024-02-09,Healing Hands Hospital,Enugu,X-Ray Machine,Radiant Suppliers,China
8107,25,220,2024-02-14,Hope Hospital,Kano,MRI Machine,MedTech Co.,USA
8108,30,320,2024-02-19,Unity Hospital,Lagos,CT Scanner,TechHealth Inc.,Canada
8109,10,550,2024-02-24,Metro Hospital,Abuja,Ultrasound,HealthEquip Ltd.,UK
8110,50,130,2024-02-29,State Hospital,Oyo,X-Ray Machine,Radiant Suppliers,China
8111,20,270,2024-03-05,City Medical Center,Lagos,MRI Machine,MedTech Co.,USA
8112,6,300,2024-03-10,General Hospital,Rivers,CT Scanner,TechHealth Inc.,Canada
8113,15,250,2024-03-15,Central Clinic,Ogun,Ultrasound,HealthEquip Ltd.,UK
8114,4,450,2024-03-20,Healing Touch Hospital,Enugu,MRI Machine,Radiant Suppliers,China
8115,25,180,2024-03-25,Sunshine Medical,Lagos,X-Ray Machine,MedTech Co.,USA
8116,18,600,2024-03-30,Hope Clinic,Kano,CT Scanner,HealthEquip Ltd.,UK
8117,14,150,2024-04-04,Metro Medical Center,Abuja,Ultrasound,TechHealth Inc.,Canada
8118,11,200,2024-04-09,State Medical Center,Oyo,MRI Machine,MedTech Co.,USA
8119,30,400,2024-04-14,General Clinic,Lagos,CT Scanner,HealthEquip Ltd.,UK
8120,10,150,2024-04-19,City Hospital,Rivers,Ultrasound,TechHealth Inc.,Canada
8121,12,350,2024-04-24,Hope Hospital,Abuja,MRI Machine,Radiant Suppliers,China
8122,10,450,2024-04-29,Healing Hands Hospital,Enugu,X-Ray Machine,HealthEquip Ltd.,UK
8123,5,600,2024-05-04,Central Hospital,Kaduna,Ultrasound,MedTech Co.,USA
8124,20,120,2024-05-09,State Hospital,Oyo,X-Ray Machine,Radiant Suppliers,China
8125,15,330,2024-05-14,City Medical Center,Lagos,MRI Machine,TechHealth Inc.,Canada
8126,10,450,2024-05-19,Central Hospital,Rivers,Ultrasound,HealthEquip Ltd.,UK
8127,7,200,2024-05-24,Metro Hospital,Abuja,X-Ray Machine,Radiant Suppliers,China
8128,25,280,2024-05-29,Hope Clinic,Kano,CT Scanner,TechHealth Inc.,Canada
8129,30,400,2024-06-03,Sunshine Hospital,Lagos,MRI Machine,MedTech Co.,USA
8130,15,170,2024-06-08,General Hospital,Enugu,Ultrasound,HealthEquip Ltd.,UK
8131,12,300,2024-06-13,State Medical Center,Oyo,CT Scanner,MedTech Co.,USA
8132,6,400,2024-06-18,Healing Hands Hospital,Rivers,MRI Machine,HealthEquip Ltd.,Canada
8133,8,250,2024-06-23,Metro Medical Center,Abuja,X-Ray Machine,TechHealth Inc.,UK
8134,14,150,2024-06-28,Central Clinic,Kaduna,Ultrasound,MedTech Co.,China
8135,25,220,2024-07-03,Community Hospital,Lagos,MRI Machine,MedTech Co.,USA
8136,18,600,2024-07-08,Sunshine Medical,Kano,CT Scanner,HealthEquip Ltd.,UK
8137,10,150,2024-07-13,Hope Hospital,Enugu,Ultrasound,Radiant Suppliers,China
8138,11,300,2024-07-18,City Medical Center,Oyo,X-Ray Machine,HealthEquip Ltd.,UK
8139,25,320,2024-07-23,State Hospital,Lagos,MRI Machine,Radiant Suppliers,China
8140,12,400,2024-07-28,General Hospital,Kaduna,CT Scanner,HealthEquip Ltd.,UK
8141,30,200,2024-08-02,Healing Touch Hospital,Rivers,X-Ray Machine,Radiant Suppliers,China
8142,15,150,2024-08-07,Metro Hospital,Abuja,Ultrasound,TechHealth Inc.,Canada
8143,20,350,2024-08-12,Central Hospital,Enugu,MRI Machine,MedTech Co.,USA
8144,5,450,2024-08-17,Sunshine Hospital,Lagos,CT Scanner,HealthEquip Ltd.,UK
8145,10,250,2024-08-22,Community Hospital,Abuja,Ultrasound,Radiant Suppliers,China
8146,14,150,2024-08-27,Hope Clinic,Kano,MRI Machine,TechHealth Inc.,Canada
8147,20,300,2024-09-01,Healing Hands Hospital,Lagos,Defibrillator,SoloSupplier Inc.,UK
8148,5,750,2024-09-06,City Hospital,Rivers,Ventilator,ExclusiveTech Ltd.,Germany
8149,10,400,2024-09-11,Metro Medical Center,Abuja,Surgical Table,HealthEquip Ltd.,UK
8150,12,200,2024-09-16,State Hospital,Oyo,MRI Machine,MedTech Co.,USA
8151,10,250,2024-01-15,General Hospital,Lagos,MRI Machine,MedTech Co.,USA
8152,5,200,2024-01-20,City Hospital,Abuja,MRI Machine,HealthEquip Ltd.,UK
8153,20,150,2024-01-25,Central Hospital,Rivers,X-Ray Machine,Radiant Suppliers,China
8154,15,300,2024-01-30,Sunshine Hospital,Lagos,CT Scanner,TechHealth Inc.,Canada
8155,8,500,2024-02-04,Community Hospital,Kaduna,Ultrasound,HealthEquip Ltd.,UK
8156,12,180,2024-02-09,Healing Hands Hospital,Enugu,X-Ray Machine,Radiant Suppliers,China
8157,25,220,2024-02-14,Hope Hospital,Kano,MRI Machine,MedTech Co.,USA
8158,30,320,2024-02-19,Unity Hospital,Lagos,CT Scanner,TechHealth Inc.,Canada
8159,10,550,2024-02-24,Metro Hospital,Abuja,Ultrasound,HealthEquip Ltd.,UK
8160,50,130,2024-02-29,State Hospital,Oyo,X-Ray Machine,Radiant Suppliers,China
8161,20,270,2024-03-05,City Medical Center,Lagos,MRI Machine,MedTech Co.,USA
8162,6,300,2024-03-10,General Hospital,Rivers,CT Scanner,TechHealth Inc.,Canada
8163,15,250,2024-03-15,Central Clinic,Ogun,Ultrasound,HealthEquip Ltd.,UK
8164,4,450,2024-03-20,Healing Touch Hospital,Enugu,MRI Machine,Radiant Suppliers,China
8165,25,180,2024-03-25,Sunshine Medical,Lagos,X-Ray Machine,MedTech Co.,USA
8166,18,600,2024-03-30,Hope Clinic,Kano,CT Scanner,HealthEquip Ltd.,UK
8167,14,150,2024-04-04,Metro Medical Center,Abuja,Ultrasound,TechHealth Inc.,Canada
8168,11,200,2024-04-09,State Medical Center,Oyo,MRI Machine,MedTech Co.,USA
8169,30,400,2024-04-14,General Clinic,Lagos,CT Scanner,HealthEquip Ltd.,UK
8170,10,150,2024-04-19,City Hospital,Rivers,Ultrasound,TechHealth Inc.,Canada
8171,12,350,2024-04-24,Hope Hospital,Abuja,MRI Machine,Radiant Suppliers,China
8172,10,450,2024-04-29,Healing Hands Hospital,Enugu,X-Ray Machine,HealthEquip Ltd.,UK
8173,5,600,2024-05-04,Central Hospital,Kaduna,Ultrasound,MedTech Co.,USA
8174,20,120,2024-05-09,State Hospital,Oyo,X-Ray Machine,Radiant Suppliers,China
8175,15,330,2024-05-14,City Medical Center,Lagos,MRI Machine,TechHealth Inc.,Canada
8176,10,450,2024-05-19,Central Hospital,Rivers,Ultrasound,HealthEquip Ltd.,UK
8177,7,200,2024-05-24,Metro Hospital,Abuja,X-Ray Machine,Radiant Suppliers,China
8178,25,280,2024-05-29,Hope Clinic,Kano,CT Scanner,TechHealth Inc.,Canada
8179,30,400,2024-06-03,Sunshine Hospital,Lagos,MRI Machine,MedTech Co.,USA
8180,15,170,2024-06-08,General Hospital,Enugu,Ultrasound,HealthEquip Ltd.,UK
8181,12,300,2024-06-13,State Medical Center,Oyo,CT Scanner,MedTech Co.,USA
8182,6,400,2024-06-18,Healing Hands Hospital,Rivers,MRI Machine,HealthEquip Ltd.,Canada
8183,8,250,2024-06-23,Metro Medical Center,Abuja,X-Ray Machine,TechHealth Inc.,UK
8184,14,150,2024-06-28,Central Clinic,Kaduna,Ultrasound,MedTech Co.,China
8185,25,220,2024-07-03,Community Hospital,Lagos,MRI Machine,MedTech Co.,USA
8186,18,600,2024-07-08,Sunshine Medical,Kano,CT Scanner,HealthEquip Ltd.,UK
8187,10,150,2024-07-13,Hope Hospital,Enugu,Ultrasound,Radiant Suppliers,China
8188,11,300,2024-07-18,City Medical Center,Oyo,X-Ray Machine,HealthEquip Ltd.,UK
8189,25,320,2024-07-23,State Hospital,Lagos,MRI Machine,Radiant Suppliers,China
8190,12,400,2024-07-28,General Hospital,Kaduna,CT Scanner,HealthEquip Ltd.,UK
8191,30,200,2024-08-02,Healing Touch Hospital,Rivers,X-Ray Machine,Radiant Suppliers,China
8192,15,150,2024-08-07,Metro Hospital,Abuja,Ultrasound,TechHealth Inc.,Canada
8193,20,350,2024-08-12,Central Hospital,Enugu,MRI Machine,MedTech Co.,USA
8194,5,450,2024-08-17,Sunshine Hospital,Lagos,CT Scanner,HealthEquip Ltd.,UK
8195,10,250,2024-08-22,Community Hospital,Abuja,Ultrasound,Radiant Suppliers,China
8196,14,150,2024-08-27,Hope Clinic,Kano,MRI Machine,TechHealth Inc.,Canada
8197,20,300,2024-09-01,Healing Hands Hospital,Lagos,Defibrillator,SoloSupplier Inc.,UK
8198,5,750,2024-09-06,City Hospital,Rivers,Ventilator,ExclusiveTech Ltd.,Germany
8199,10,400,2024-09-11,Metro Medical Center,Abuja,Surgical Table,HealthEquip Ltd.,UK
8200,12,200,2024-09-16,State Hospital,Oyo,MRI Machine,MedTech Co.,USA
8201,10,250,2024-01-15,General Hospital,Lagos,MRI Machine,MedTech Co.,USA
8202,5,200,2024-01-20,City Hospital,Abuja,MRI Machine,HealthEquip Ltd.,UK
8203,20,150,2024-01-25,Central Hospital,Rivers,X-Ray Machine,Radiant Suppliers,China
8204,15,300,2024-01-30,Sunshine Hospital,Lagos,CT Scanner,TechHealth Inc.,Canada
8205,8,500,2024-02-04,Community Hospital,Kaduna,Ultrasound,HealthEquip Ltd.,UK
8206,12,180,2024-02-09,Healing Hands Hospital,Enugu,X-Ray Machine,Radiant Suppliers,China
8207,25,220,2024-02-14,Hope Hospital,Kano,MRI Machine,MedTech Co.,USA
8208,30,320,2024-02-19,Unity Hospital,Lagos,CT Scanner,TechHealth Inc.,Canada
8209,10,550,2024-02-24,Metro Hospital,Abuja,Ultrasound,HealthEquip Ltd.,UK
8210,50,130,2024-02-29,State Hospital,Oyo,X-Ray Machine,Radiant Suppliers,China
8211,20,270,2024-03-05,City Medical Center,Lagos,MRI Machine,MedTech Co.,USA
8212,6,300,2024-03-10,General Hospital,Rivers,CT Scanner,TechHealth Inc.,Canada
8213,15,250,2024-03-15,Central Clinic,Ogun,Ultrasound,HealthEquip Ltd.,UK
8214,4,450,2024-03-20,Healing Touch Hospital,Enugu,MRI Machine,Radiant Suppliers,China
8215,25,180,2024-03-25,Sunshine Medical,Lagos,X-Ray Machine,MedTech Co.,USA
8216,18,600,2024-03-30,Hope Clinic,Kano,CT Scanner,HealthEquip Ltd.,UK
8217,14,150,2024-04-04,Metro Medical Center,Abuja,Ultrasound,TechHealth Inc.,Canada
8218,11,200,2024-04-09,State Medical Center,Oyo,MRI Machine,MedTech Co.,USA
8219,30,400,2024-04-14,General Clinic,Lagos,CT Scanner,HealthEquip Ltd.,UK
8220,10,150,2024-04-19,City Hospital,Rivers,Ultrasound,TechHealth Inc.,Canada
8221,12,350,2024-04-24,Hope Hospital,Abuja,MRI Machine,Radiant Suppliers,China
8222,10,450,2024-04-29,Healing Hands Hospital,Enugu,X-Ray Machine,HealthEquip Ltd.,UK
8223,5,600,2024-05-04,Central Hospital,Kaduna,Ultrasound,MedTech Co.,USA
8224,20,120,2024-05-09,State Hospital,Oyo,X-Ray Machine,Radiant Suppliers,China
8225,15,330,2024-05-14,City Medical Center,Lagos,MRI Machine,TechHealth Inc.,Canada
8226,10,450,2024-05-19,Central Hospital,Rivers,Ultrasound,HealthEquip Ltd.,UK
8227,7,200,2024-05-24,Metro Hospital,Abuja,X-Ray Machine,Radiant Suppliers,China
8228,25,280,2024-05-29,Hope Clinic,Kano,CT Scanner,TechHealth Inc.,Canada
8229,30,400,2024-06-03,Sunshine Hospital,Lagos,MRI Machine,MedTech Co.,USA
8230,15,170,2024-06-08,General Hospital,Enugu,Ultrasound,HealthEquip Ltd.,UK
8231,12,300,2024-06-13,State Medical Center,Oyo,CT Scanner,MedTech Co.,USA
8232,6,400,2024-06-18,Healing Hands Hospital,Rivers,MRI Machine,HealthEquip Ltd.,Canada
8233,8,250,2024-06-23,Metro Medical Center,Abuja,X-Ray Machine,TechHealth Inc.,UK
8234,14,150,2024-06-28,Central Clinic,Kaduna,Ultrasound,MedTech Co.,China
8235,25,220,2024-07-03,Community Hospital,Lagos,MRI Machine,MedTech Co.,USA
8236,18,600,2024-07-08,Sunshine Medical,Kano,CT Scanner,HealthEquip Ltd.,UK
8237,10,150,2024-07-13,Hope Hospital,Enugu,Ultrasound,Radiant Suppliers,China
8238,11,300,2024-07-18,City Medical Center,Oyo,X-Ray Machine,HealthEquip Ltd.,UK
8239,25,320,2024-07-23,State Hospital,Lagos,MRI Machine,Radiant Suppliers,China
8240,12,400,2024-07-28,General Hospital,Kaduna,CT Scanner,HealthEquip Ltd.,UK
8241,30,200,2024-08-02,Healing Touch Hospital,Rivers,X-Ray Machine,Radiant Suppliers,China
8242,15,150,2024-08-07,Metro Hospital,Abuja,Ultrasound,TechHealth Inc.,Canada
8243,20,350,2024-08-12,Central Hospital,Enugu,MRI Machine,MedTech Co.,USA
8244,5,450,2024-08-17,Sunshine Hospital,Lagos,CT Scanner,HealthEquip Ltd.,UK
8245,10,250,2024-08-22,Community Hospital,Abuja,Ultrasound,Radiant Suppliers,China
8246,14,150,2024-08-27,Hope Clinic,Kano,MRI Machine,TechHealth Inc.,Canada
8247,20,300,2024-09-01,Healing Hands Hospital,Lagos,Defibrillator,SoloSupplier Inc.,UK
8248,5,750,2024-09-06,City Hospital,Rivers,Ventilator,ExclusiveTech Ltd.,Germany
8249,10,400,2024-09-11,Metro Medical Center,Abuja,Surgical Table,HealthEquip Ltd.,UK
8250,12,200,2024-09-16,State Hospital,Oyo,MRI Machine,MedTech Co.,USA
8251,10,250,2024-01-15,General Hospital,Lagos,MRI Machine,MedTech Co.,USA
8252,5,200,2024-01-20,City Hospital,Abuja,MRI Machine,HealthEquip Ltd.,UK
8253,20,150,2024-01-25,Central Hospital,Rivers,X-Ray Machine,Radiant Suppliers,China
8254,15,300,2024-01-30,Sunshine Hospital,Lagos,CT Scanner,TechHealth Inc.,Canada
8255,8,500,2024-02-04,Community Hospital,Kaduna,Ultrasound,HealthEquip Ltd.,UK
8256,12,180,2024-02-09,Healing Hands Hospital,Enugu,X-Ray Machine,Radiant Suppliers,China
8257,25,220,2024-02-14,Hope Hospital,Kano,MRI Machine,MedTech Co.,USA
8258,30,320,2024-02-19,Unity Hospital,Lagos,CT Scanner,TechHealth Inc.,Canada
8259,10,550,2024-02-24,Metro Hospital,Abuja,Ultrasound,HealthEquip Ltd.,UK
8260,50,130,2024-02-29,State Hospital,Oyo,X-Ray Machine,Radiant Suppliers,China
8261,20,270,2024-03-05,City Medical Center,Lagos,MRI Machine,MedTech Co.,USA
8262,6,300,2024-03-10,General Hospital,Rivers,CT Scanner,TechHealth Inc.,Canada
8263,15,250,2024-03-15,Central Clinic,Ogun,Ultrasound,HealthEquip Ltd.,UK
8264,4,450,2024-03-20,Healing Touch Hospital,Enugu,MRI Machine,Radiant Suppliers,China
8265,25,180,2024-03-25,Sunshine Medical,Lagos,X-Ray Machine,MedTech Co.,USA
8266,18,600,2024-03-30,Hope Clinic,Kano,CT Scanner,HealthEquip Ltd.,UK
8267,14,150,2024-04-04,Metro Medical Center,Abuja,Ultrasound,TechHealth Inc.,Canada
8268,11,200,2024-04-09,State Medical Center,Oyo,MRI Machine,MedTech Co.,USA
8269,30,400,2024-04-14,General Clinic,Lagos,CT Scanner,HealthEquip Ltd.,UK
8270,10,150,2024-04-19,City Hospital,Rivers,Ultrasound,TechHealth Inc.,Canada
8271,12,350,2024-04-24,Hope Hospital,Abuja,MRI Machine,Radiant Suppliers,China
8272,10,450,2024-04-29,Healing Hands Hospital,Enugu,X-Ray Machine,HealthEquip Ltd.,UK
8273,5,600,2024-05-04,Central Hospital,Kaduna,Ultrasound,MedTech Co.,USA
8274,20,120,2024-05-09,State Hospital,Oyo,X-Ray Machine,Radiant Suppliers,China
8275,15,330,2024-05-14,City Medical Center,Lagos,MRI Machine,TechHealth Inc.,Canada
8276,10,450,2024-05-19,Central Hospital,Rivers,Ultrasound,HealthEquip Ltd.,UK
8277,7,200,2024-05-24,Metro Hospital,Abuja,X-Ray Machine,Radiant Suppliers,China
8278,25,280,2024-05-29,Hope Clinic,Kano,CT Scanner,TechHealth Inc.,Canada
8279,30,400,2024-06-03,Sunshine Hospital,Lagos,MRI Machine,MedTech Co.,USA
8280,15,170,2024-06-08,General Hospital,Enugu,Ultrasound,HealthEquip Ltd.,UK
8281,12,300,2024-06-13,State Medical Center,Oyo,CT Scanner,MedTech Co.,USA
8282,6,400,2024-06-18,Healing Hands Hospital,Rivers,MRI Machine,HealthEquip Ltd.,Canada
8283,8,250,2024-06-23,Metro Medical Center,Abuja,X-Ray Machine,TechHealth Inc.,UK
8284,14,150,2024-06-28,Central Clinic,Kaduna,Ultrasound,MedTech Co.,China
8285,25,220,2024-07-03,Community Hospital,Lagos,MRI Machine,MedTech Co.,USA
8286,18,600,2024-07-08,Sunshine Medical,Kano,CT Scanner,HealthEquip Ltd.,UK
8287,10,150,2024-07-13,Hope Hospital,Enugu,Ultrasound,Radiant Suppliers,China
8288,11,300,2024-07-18,City Medical Center,Oyo,X-Ray Machine,HealthEquip Ltd.,UK
8289,25,320,2024-07-23,State Hospital,Lagos,MRI Machine,Radiant Suppliers,China
8290,12,400,2024-07-28,General Hospital,Kaduna,CT Scanner,HealthEquip Ltd.,UK
8291,30,200,2024-08-02,Healing Touch Hospital,Rivers,X-Ray Machine,Radiant Suppliers,China
8292,15,150,2024-08-07,Metro Hospital,Abuja,Ultrasound,TechHealth Inc.,Canada
8293,20,350,2024-08-12,Central Hospital,Enugu,MRI Machine,MedTech Co.,USA
8294,5,450,2024-08-17,Sunshine Hospital,Lagos,CT Scanner,HealthEquip Ltd.,UK
8295,10,250,2024-08-22,Community Hospital,Abuja,Ultrasound,Radiant Suppliers,China
8296,14,150,2024-08-27,Hope Clinic,Kano,MRI Machine,TechHealth Inc.,Canada
8297,20,300,2024-09-01,Healing Hands Hospital,Lagos,Defibrillator,SoloSupplier Inc.,UK
8298,5,750,2024-09-06,City Hospital,Rivers,Ventilator,ExclusiveTech Ltd.,Germany
8299,10,400,2024-09-11,Metro Medical Center,Abuja,Surgical Table,HealthEquip Ltd.,UK
8300,12,200,2024-09-16,State Hospital,Oyo,MRI Machine,MedTech Co.,USA
8301,10,250,2024-01-15,General Hospital,Lagos,MRI Machine,MedTech Co.,USA
8302,5,200,2024-01-20,City Hospital,Abuja,MRI Machine,HealthEquip Ltd.,UK
8303,20,150,2024-01-25,Central Hospital,Rivers,X-Ray Machine,Radiant Suppliers,China
8304,15,300,2024-01-30,Sunshine Hospital,Lagos,CT Scanner,TechHealth Inc.,Canada
8305,8,500,2024-02-04,Community Hospital,Kaduna,Ultrasound,HealthEquip Ltd.,UK
8306,12,180,2024-02-09,Healing Hands Hospital,Enugu,X-Ray Machine,Radiant Suppliers,China
8307,25,220,2024-02-14,Hope Hospital,Kano,MRI Machine,MedTech Co.,USA
8308,30,320,2024-02-19,Unity Hospital,Lagos,CT Scanner,TechHealth Inc.,Canada
8309,10,550,2024-02-24,Metro Hospital,Abuja,Ultrasound,HealthEquip Ltd.,UK
8310,50,130,2024-02-29,State Hospital,Oyo,X-Ray Machine,Radiant Suppliers,China
8311,20,270,2024-03-05,City Medical Center,Lagos,MRI Machine,MedTech Co.,USA
8312,6,300,2024-03-10,General Hospital,Rivers,CT Scanner,TechHealth Inc.,Canada
8313,15,250,2024-03-15,Central Clinic,Ogun,Ultrasound,HealthEquip Ltd.,UK
8314,4,450,2024-03-20,Healing Touch Hospital,Enugu,MRI Machine,Radiant Suppliers,China
8315,25,180,2024-03-25,Sunshine Medical,Lagos,X-Ray Machine,MedTech Co.,USA
8316,18,600,2024-03-30,Hope Clinic,Kano,CT Scanner,HealthEquip Ltd.,UK
8317,14,150,2024-04-04,Metro Medical Center,Abuja,Ultrasound,TechHealth Inc.,Canada
8318,11,200,2024-04-09,State Medical Center,Oyo,MRI Machine,MedTech Co.,USA
8319,30,400,2024-04-14,General Clinic,Lagos,CT Scanner,HealthEquip Ltd.,UK
8320,10,150,2024-04-19,City Hospital,Rivers,Ultrasound,TechHealth Inc.,Canada
8321,12,350,2024-04-24,Hope Hospital,Abuja,MRI Machine,Radiant Suppliers,China
8322,10,450,2024-04-29,Healing Hands Hospital,Enugu,X-Ray Machine,HealthEquip Ltd.,UK
8323,5,600,2024-05-04,Central Hospital,Kaduna,Ultrasound,MedTech Co.,USA
8324,20,120,2024-05-09,State Hospital,Oyo,X-Ray Machine,Radiant Suppliers,China
8325,15,330,2024-05-14,City Medical Center,Lagos,MRI Machine,TechHealth Inc.,Canada
8326,10,450,2024-05-19,Central Hospital,Rivers,Ultrasound,HealthEquip Ltd.,UK
8327,7,200,2024-05-24,Metro Hospital,Abuja,X-Ray Machine,Radiant Suppliers,China
8328,25,280,2024-05-29,Hope Clinic,Kano,CT Scanner,TechHealth Inc.,Canada
8329,30,400,2024-06-03,Sunshine Hospital,Lagos,MRI Machine,MedTech Co.,USA
8330,15,170,2024-06-08,General Hospital,Enugu,Ultrasound,HealthEquip Ltd.,UK
8331,12,300,2024-06-13,State Medical Center,Oyo,CT Scanner,MedTech Co.,USA
8332,6,400,2024-06-18,Healing Hands Hospital,Rivers,MRI Machine,HealthEquip Ltd.,Canada
8333,8,250,2024-06-23,Metro Medical Center,Abuja,X-Ray Machine,TechHealth Inc.,UK
8334,14,150,2024-06-28,Central Clinic,Kaduna,Ultrasound,MedTech Co.,China
8335,25,220,2024-07-03,Community Hospital,Lagos,MRI Machine,MedTech Co.,USA
8336,18,600,2024-07-08,Sunshine Medical,Kano,CT Scanner,HealthEquip Ltd.,UK
8337,10,150,2024-07-13,Hope Hospital,Enugu,Ultrasound,Radiant Suppliers,China
8338,11,300,2024-07-18,City Medical Center,Oyo,X-Ray Machine,HealthEquip Ltd.,UK
8339,25,320,2024-07-23,State Hospital,Lagos,MRI Machine,Radiant Suppliers,China
8340,12,400,2024-07-28,General Hospital,Kaduna,CT Scanner,HealthEquip Ltd.,UK
8341,30,200,2024-08-02,Healing Touch Hospital,Rivers,X-Ray Machine,Radiant Suppliers,China
8342,15,150,2024-08-07,Metro Hospital,Abuja,Ultrasound,TechHealth Inc.,Canada
8343,20,350,2024-08-12,Central Hospital,Enugu,MRI Machine,MedTech Co.,USA
8344,5,450,2024-08-17,Sunshine Hospital,Lagos,CT Scanner,HealthEquip Ltd.,UK
8345,10,250,2024-08-22,Community Hospital,Abuja,Ultrasound,Radiant Suppliers,China
8346,14,150,2024-08-27,Hope Clinic,Kano,MRI Machine,TechHealth Inc.,Canada
8347,20,300,2024-09-01,Healing Hands Hospital,Lagos,Defibrillator,SoloSupplier Inc.,UK
8348,5,750,2024-09-06,City Hospital,Rivers,Ventilator,ExclusiveTech Ltd.,Germany
8349,10,400,2024-09-11,Metro Medical Center,Abuja,Surgical Table,HealthEquip Ltd.,UK
8350,12,200,2024-09-16,State Hospital,Oyo,MRI Machine,MedTech Co.,USA
8351,10,250,2024-01-15,General Hospital,Lagos,MRI Machine,MedTech Co.,USA
8352,5,200,2024-01-20,City Hospital,Abuja,MRI Machine,HealthEquip Ltd.,UK
8353,20,150,2024-01-25,Central Hospital,Rivers,X-Ray Machine,Radiant Suppliers,China
8354,15,300,2024-01-30,Sunshine Hospital,Lagos,CT Scanner,TechHealth Inc.,Canada
8355,8,500,2024-02-04,Community Hospital,Kaduna,Ultrasound,HealthEquip Ltd.,UK
8356,12,180,2024-02-09,Healing Hands Hospital,Enugu,X-Ray Machine,Radiant Suppliers,China
8357,25,220,2024-02-14,Hope Hospital,Kano,MRI Machine,MedTech Co.,USA
8358,30,320,2024-02-19,Unity Hospital,Lagos,CT Scanner,TechHealth Inc.,Canada
8359,10,550,2024-02-24,Metro Hospital,Abuja,Ultrasound,HealthEquip Ltd.,UK
8360,50,130,2024-02-29,State Hospital,Oyo,X-Ray Machine,Radiant Suppliers,China
8361,20,270,2024-03-05,City Medical Center,Lagos,MRI Machine,MedTech Co.,USA
8362,6,300,2024-03-10,General Hospital,Rivers,CT Scanner,TechHealth Inc.,Canada
8363,15,250,2024-03-15,Central Clinic,Ogun,Ultrasound,HealthEquip Ltd.,UK
8364,4,450,2024-03-20,Healing Touch Hospital,Enugu,MRI Machine,Radiant Suppliers,China
8365,25,180,2024-03-25,Sunshine Medical,Lagos,X-Ray Machine,MedTech Co.,USA
8366,18,600,2024-03-30,Hope Clinic,Kano,CT Scanner,HealthEquip Ltd.,UK
8367,14,150,2024-04-04,Metro Medical Center,Abuja,Ultrasound,TechHealth Inc.,Canada
8368,11,200,2024-04-09,State Medical Center,Oyo,MRI Machine,MedTech Co.,USA
8369,30,400,2024-04-14,General Clinic,Lagos,CT Scanner,HealthEquip Ltd.,UK
8370,10,150,2024-04-19,City Hospital,Rivers,Ultrasound,TechHealth Inc.,Canada
8371,12,350,2024-04-24,Hope Hospital,Abuja,MRI Machine,Radiant Suppliers,China
8372,10,450,2024-04-29,Healing Hands Hospital,Enugu,X-Ray Machine,HealthEquip Ltd.,UK
8373,5,600,2024-05-04,Central Hospital,Kaduna,Ultrasound,MedTech Co.,USA
8374,20,120,2024-05-09,State Hospital,Oyo,X-Ray Machine,Radiant Suppliers,China
8375,15,330,2024-05-14,City Medical Center,Lagos,MRI Machine,TechHealth Inc.,Canada
8376,10,450,2024-05-19,Central Hospital,Rivers,Ultrasound,HealthEquip Ltd.,UK
8377,7,200,2024-05-24,Metro Hospital,Abuja,X-Ray Machine,Radiant Suppliers,China
8378,25,280,2024-05-29,Hope Clinic,Kano,CT Scanner,TechHealth Inc.,Canada
8379,30,400,2024-06-03,Sunshine Hospital,Lagos,MRI Machine,MedTech Co.,USA
8380,15,170,2024-06-08,General Hospital,Enugu,Ultrasound,HealthEquip Ltd.,UK
8381,12,300,2024-06-13,State Medical Center,Oyo,CT Scanner,MedTech Co.,USA
8382,6,400,2024-06-18,Healing Hands Hospital,Rivers,MRI Machine,HealthEquip Ltd.,Canada
8383,8,250,2024-06-23,Metro Medical Center,Abuja,X-Ray Machine,TechHealth Inc.,UK
8384,14,150,2024-06-28,Central Clinic,Kaduna,Ultrasound,MedTech Co.,China
8385,25,220,2024-07-03,Community Hospital,Lagos,MRI Machine,MedTech Co.,USA
8386,18,600,2024-07-08,Sunshine Medical,Kano,CT Scanner,HealthEquip Ltd.,UK
8387,10,150,2024-07-13,Hope Hospital,Enugu,Ultrasound,Radiant Suppliers,China
8388,11,300,2024-07-18,City Medical Center,Oyo,X-Ray Machine,HealthEquip Ltd.,UK
8389,25,320,2024-07-23,State Hospital,Lagos,MRI Machine,Radiant Suppliers,China
8390,12,400,2024-07-28,General Hospital,Kaduna,CT Scanner,HealthEquip Ltd.,UK
8391,30,200,2024-08-02,Healing Touch Hospital,Rivers,X-Ray Machine,Radiant Suppliers,China
8392,15,150,2024-08-07,Metro Hospital,Abuja,Ultrasound,TechHealth Inc.,Canada
8393,20,350,2024-08-12,Central Hospital,Enugu,MRI Machine,MedTech Co.,USA
8394,5,450,2024-08-17,Sunshine Hospital,Lagos,CT Scanner,HealthEquip Ltd.,UK
8395,10,250,2024-08-22,Community Hospital,Abuja,Ultrasound,Radiant Suppliers,China
8396,14,150,2024-08-27,Hope Clinic,Kano,MRI Machine,TechHealth Inc.,Canada
8397,20,300,2024-09-01,Healing Hands Hospital,Lagos,Defibrillator,SoloSupplier Inc.,UK
8398,5,750,2024-09-06,City Hospital,Rivers,Ventilator,ExclusiveTech Ltd.,Germany
8399,10,400,2024-09-11,Metro Medical Center,Abuja,Surgical Table,HealthEquip Ltd.,UK
8400,12,200,2024-09-16,State Hospital,Oyo,MRI Machine,MedTech Co.,USA
8401,10,250,2024-01-15,General Hospital,Lagos,MRI Machine,MedTech Co.,USA
8402,5,200,2024-01-20,City Hospital,Abuja,MRI Machine,HealthEquip Ltd.,UK
8403,20,150,2024-01-25,Central Hospital,Rivers,X-Ray Machine,Radiant Suppliers,China
8404,15,300,2024-01-30,Sunshine Hospital,Lagos,CT Scanner,TechHealth Inc.,Canada
8405,8,500,2024-02-04,Community Hospital,Kaduna,Ultrasound,HealthEquip Ltd.,UK
8406,12,180,2024-02-09,Healing Hands Hospital,Enugu,X-Ray Machine,Radiant Suppliers,China
8407,25,220,2024-02-14,Hope Hospital,Kano,MRI Machine,MedTech Co.,USA
8408,30,320,2024-02-19,Unity Hospital,Lagos,CT Scanner,TechHealth Inc.,Canada
8409,10,550,2024-02-24,Metro Hospital,Abuja,Ultrasound,HealthEquip Ltd.,UK
8410,50,130,2024-02-29,State Hospital,Oyo,X-Ray Machine,Radiant Suppliers,China
8411,20,270,2024-03-05,City Medical Center,Lagos,MRI Machine,MedTech Co.,USA
8412,6,300,2024-03-10,General Hospital,Rivers,CT Scanner,TechHealth Inc.,Canada
8413,15,250,2024-03-15,Central Clinic,Ogun,Ultrasound,HealthEquip Ltd.,UK
8414,4,450,2024-03-20,Healing Touch Hospital,Enugu,MRI Machine,Radiant Suppliers,China
8415,25,180,2024-03-25,Sunshine Medical,Lagos,X-Ray Machine,MedTech Co.,USA
8416,18,600,2024-03-30,Hope Clinic,Kano,CT Scanner,HealthEquip Ltd.,UK
8417,14,150,2024-04-04,Metro Medical Center,Abuja,Ultrasound,TechHealth Inc.,Canada
8418,11,200,2024-04-09,State Medical Center,Oyo,MRI Machine,MedTech Co.,USA
8419,30,400,2024-04-14,General Clinic,Lagos,CT Scanner,HealthEquip Ltd.,UK
8420,10,150,2024-04-19,City Hospital,Rivers,Ultrasound,TechHealth Inc.,Canada
8421,12,350,2024-04-24,Hope Hospital,Abuja,MRI Machine,Radiant Suppliers,China
8422,10,450,2024-04-29,Healing Hands Hospital,Enugu,X-Ray Machine,HealthEquip Ltd.,UK
8423,5,600,2024-05-04,Central Hospital,Kaduna,Ultrasound,MedTech Co.,USA
8424,20,120,2024-05-09,State Hospital,Oyo,X-Ray Machine,Radiant Suppliers,China
8425,15,330,2024-05-14,City Medical Center,Lagos,MRI Machine,TechHealth Inc.,Canada
8426,10,450,2024-05-19,Central Hospital,Rivers,Ultrasound,HealthEquip Ltd.,UK
8427,7,200,2024-05-24,Metro Hospital,Abuja,X-Ray Machine,Radiant Suppliers,China
8428,25,280,2024-05-29,Hope Clinic,Kano,CT Scanner,TechHealth Inc.,Canada
8429,30,400,2024-06-03,Sunshine Hospital,Lagos,MRI Machine,MedTech Co.,USA
8430,15,170,2024-06-08,General Hospital,Enugu,Ultrasound,HealthEquip Ltd.,UK
8431,12,300,2024-06-13,State Medical Center,Oyo,CT Scanner,MedTech Co.,USA
8432,6,400,2024-06-18,Healing Hands Hospital,Rivers,MRI Machine,HealthEquip Ltd.,Canada
8433,8,250,2024-06-23,Metro Medical Center,Abuja,X-Ray Machine,TechHealth Inc.,UK
8434,14,150,2024-06-28,Central Clinic,Kaduna,Ultrasound,MedTech Co.,China
8435,25,220,2024-07-03,Community Hospital,Lagos,MRI Machine,MedTech Co.,USA
8436,18,600,2024-07-08,Sunshine Medical,Kano,CT Scanner,HealthEquip Ltd.,UK
8437,10,150,2024-07-13,Hope Hospital,Enugu,Ultrasound,Radiant Suppliers,China
8438,11,300,2024-07-18,City Medical Center,Oyo,X-Ray Machine,HealthEquip Ltd.,UK
8439,25,320,2024-07-23,State Hospital,Lagos,MRI Machine,Radiant Suppliers,China
8440,12,400,2024-07-28,General Hospital,Kaduna,CT Scanner,HealthEquip Ltd.,UK
8441,30,200,2024-08-02,Healing Touch Hospital,Rivers,X-Ray Machine,Radiant Suppliers,China
8442,15,150,2024-08-07,Metro Hospital,Abuja,Ultrasound,TechHealth Inc.,Canada
8443,20,350,2024-08-12,Central Hospital,Enugu,MRI Machine,MedTech Co.,USA
8444,5,450,2024-08-17,Sunshine Hospital,Lagos,CT Scanner,HealthEquip Ltd.,UK
8445,10,250,2024-08-22,Community Hospital,Abuja,Ultrasound,Radiant Suppliers,China
8446,14,150,2024-08-27,Hope Clinic,Kano,MRI Machine,TechHealth Inc.,Canada
8447,20,300,2024-09-01,Healing Hands Hospital,Lagos,Defibrillator,SoloSupplier Inc.,UK
8448,5,750,2024-09-06,City Hospital,Rivers,Ventilator,ExclusiveTech Ltd.,Germany
8449,10,400,2024-09-11,Metro Medical Center,Abuja,Surgical Table,HealthEquip Ltd.,UK
8450,12,200,2024-09-16,State Hospital,Oyo,MRI Machine,MedTech Co.,USA
8451,10,250,2024-01-15,General Hospital,Lagos,MRI Machine,MedTech Co.,USA
8452,5,200,2024-01-20,City Hospital,Abuja,MRI Machine,HealthEquip Ltd.,UK
8453,20,150,2024-01-25,Central Hospital,Rivers,X-Ray Machine,Radiant Suppliers,China
8454,15,300,2024-01-30,Sunshine Hospital,Lagos,CT Scanner,TechHealth Inc.,Canada
8455,8,500,2024-02-04,Community Hospital,Kaduna,Ultrasound,HealthEquip Ltd.,UK
8456,12,180,2024-02-09,Healing Hands Hospital,Enugu,X-Ray Machine,Radiant Suppliers,China
8457,25,220,2024-02-14,Hope Hospital,Kano,MRI Machine,MedTech Co.,USA
8458,30,320,2024-02-19,Unity Hospital,Lagos,CT Scanner,TechHealth Inc.,Canada
8459,10,550,2024-02-24,Metro Hospital,Abuja,Ultrasound,HealthEquip Ltd.,UK
8460,50,130,2024-02-29,State Hospital,Oyo,X-Ray Machine,Radiant Suppliers,China
8461,20,270,2024-03-05,City Medical Center,Lagos,MRI Machine,MedTech Co.,USA
8462,6,300,2024-03-10,General Hospital,Rivers,CT Scanner,TechHealth Inc.,Canada
8463,15,250,2024-03-15,Central Clinic,Ogun,Ultrasound,HealthEquip Ltd.,UK
8464,4,450,2024-03-20,Healing Touch Hospital,Enugu,MRI Machine,Radiant Suppliers,China
8465,25,180,2024-03-25,Sunshine Medical,Lagos,X-Ray Machine,MedTech Co.,USA
8466,18,600,2024-03-30,Hope Clinic,Kano,CT Scanner,HealthEquip Ltd.,UK
8467,14,150,2024-04-04,Metro Medical Center,Abuja,Ultrasound,TechHealth Inc.,Canada
8468,11,200,2024-04-09,State Medical Center,Oyo,MRI Machine,MedTech Co.,USA
8469,30,400,2024-04-14,General Clinic,Lagos,CT Scanner,HealthEquip Ltd.,UK
8470,10,150,2024-04-19,City Hospital,Rivers,Ultrasound,TechHealth Inc.,Canada
8471,12,350,2024-04-24,Hope Hospital,Abuja,MRI Machine,Radiant Suppliers,China
8472,10,450,2024-04-29,Healing Hands Hospital,Enugu,X-Ray Machine,HealthEquip Ltd.,UK
8473,5,600,2024-05-04,Central Hospital,Kaduna,Ultrasound,MedTech Co.,USA
8474,20,120,2024-05-09,State Hospital,Oyo,X-Ray Machine,Radiant Suppliers,China
8475,15,330,2024-05-14,City Medical Center,Lagos,MRI Machine,TechHealth Inc.,Canada
8476,10,450,2024-05-19,Central Hospital,Rivers,Ultrasound,HealthEquip Ltd.,UK
8477,7,200,2024-05-24,Metro Hospital,Abuja,X-Ray Machine,Radiant Suppliers,China
8478,25,280,2024-05-29,Hope Clinic,Kano,CT Scanner,TechHealth Inc.,Canada
8479,30,400,2024-06-03,Sunshine Hospital,Lagos,MRI Machine,MedTech Co.,USA
8480,15,170,2024-06-08,General Hospital,Enugu,Ultrasound,HealthEquip Ltd.,UK
8481,12,300,2024-06-13,State Medical Center,Oyo,CT Scanner,MedTech Co.,USA
8482,6,400,2024-06-18,Healing Hands Hospital,Rivers,MRI Machine,HealthEquip Ltd.,Canada
8483,8,250,2024-06-23,Metro Medical Center,Abuja,X-Ray Machine,TechHealth Inc.,UK
8484,14,150,2024-06-28,Central Clinic,Kaduna,Ultrasound,MedTech Co.,China
8485,25,220,2024-07-03,Community Hospital,Lagos,MRI Machine,MedTech Co.,USA
8486,18,600,2024-07-08,Sunshine Medical,Kano,CT Scanner,HealthEquip Ltd.,UK
8487,10,150,2024-07-13,Hope Hospital,Enugu,Ultrasound,Radiant Suppliers,China
8488,11,300,2024-07-18,City Medical Center,Oyo,X-Ray Machine,HealthEquip Ltd.,UK
8489,25,320,2024-07-23,State Hospital,Lagos,MRI Machine,Radiant Suppliers,China
8490,12,400,2024-07-28,General Hospital,Kaduna,CT Scanner,HealthEquip Ltd.,UK
8491,30,200,2024-08-02,Healing Touch Hospital,Rivers,X-Ray Machine,Radiant Suppliers,China
8492,15,150,2024-08-07,Metro Hospital,Abuja,Ultrasound,TechHealth Inc.,Canada
8493,20,350,2024-08-12,Central Hospital,Enugu,MRI Machine,MedTech Co.,USA
8494,5,450,2024-08-17,Sunshine Hospital,Lagos,CT Scanner,HealthEquip Ltd.,UK
8495,10,250,2024-08-22,Community Hospital,Abuja,Ultrasound,Radiant Suppliers,China
8496,14,150,2024-08-27,Hope Clinic,Kano,MRI Machine,TechHealth Inc.,Canada
8497,20,300,2024-09-01,Healing Hands Hospital,Lagos,Defibrillator,SoloSupplier Inc.,UK
8498,5,750,2024-09-06,City Hospital,Rivers,Ventilator,ExclusiveTech Ltd.,Germany
8499,10,400,2024-09-11,Metro Medical Center,Abuja,Surgical Table,HealthEquip Ltd.,UK
8500,12,200,2024-09-16,State Hospital,Oyo,MRI Machine,MedTech Co.,USA
8501,10,250,2024-01-15,General Hospital,Lagos,MRI Machine,MedTech Co.,USA
8502,5,200,2024-01-20,City Hospital,Abuja,MRI Machine,HealthEquip Ltd.,UK
8503,20,150,2024-01-25,Central Hospital,Rivers,X-Ray Machine,Radiant Suppliers,China
8504,15,300,2024-01-30,Sunshine Hospital,Lagos,CT Scanner,TechHealth Inc.,Canada
8505,8,500,2024-02-04,Community Hospital,Kaduna,Ultrasound,HealthEquip Ltd.,UK
8506,12,180,2024-02-09,Healing Hands Hospital,Enugu,X-Ray Machine,Radiant Suppliers,China
8507,25,220,2024-02-14,Hope Hospital,Kano,MRI Machine,MedTech Co.,USA
8508,30,320,2024-02-19,Unity Hospital,Lagos,CT Scanner,TechHealth Inc.,Canada
8509,10,550,2024-02-24,Metro Hospital,Abuja,Ultrasound,HealthEquip Ltd.,UK
8510,50,130,2024-02-29,State Hospital,Oyo,X-Ray Machine,Radiant Suppliers,China
8511,20,270,2024-03-05,City Medical Center,Lagos,MRI Machine,MedTech Co.,USA
8512,6,300,2024-03-10,General Hospital,Rivers,CT Scanner,TechHealth Inc.,Canada
8513,15,250,2024-03-15,Central Clinic,Ogun,Ultrasound,HealthEquip Ltd.,UK
8514,4,450,2024-03-20,Healing Touch Hospital,Enugu,MRI Machine,Radiant Suppliers,China
8515,25,180,2024-03-25,Sunshine Medical,Lagos,X-Ray Machine,MedTech Co.,USA
8516,18,600,2024-03-30,Hope Clinic,Kano,CT Scanner,HealthEquip Ltd.,UK
8517,14,150,2024-04-04,Metro Medical Center,Abuja,Ultrasound,TechHealth Inc.,Canada
8518,11,200,2024-04-09,State Medical Center,Oyo,MRI Machine,MedTech Co.,USA
8519,30,400,2024-04-14,General Clinic,Lagos,CT Scanner,HealthEquip Ltd.,UK
8520,10,150,2024-04-19,City Hospital,Rivers,Ultrasound,TechHealth Inc.,Canada
8521,12,350,2024-04-24,Hope Hospital,Abuja,MRI Machine,Radiant Suppliers,China
8522,10,450,2024-04-29,Healing Hands Hospital,Enugu,X-Ray Machine,HealthEquip Ltd.,UK
8523,5,600,2024-05-04,Central Hospital,Kaduna,Ultrasound,MedTech Co.,USA
8524,20,120,2024-05-09,State Hospital,Oyo,X-Ray Machine,Radiant Suppliers,China
8525,15,330,2024-05-14,City Medical Center,Lagos,MRI Machine,TechHealth Inc.,Canada
8526,10,450,2024-05-19,Central Hospital,Rivers,Ultrasound,HealthEquip Ltd.,UK
8527,7,200,2024-05-24,Metro Hospital,Abuja,X-Ray Machine,Radiant Suppliers,China
8528,25,280,2024-05-29,Hope Clinic,Kano,CT Scanner,TechHealth Inc.,Canada
8529,30,400,2024-06-03,Sunshine Hospital,Lagos,MRI Machine,MedTech Co.,USA
8530,15,170,2024-06-08,General Hospital,Enugu,Ultrasound,HealthEquip Ltd.,UK
8531,12,300,2024-06-13,State Medical Center,Oyo,CT Scanner,MedTech Co.,USA
8532,6,400,2024-06-18,Healing Hands Hospital,Rivers,MRI Machine,HealthEquip Ltd.,Canada
8533,8,250,2024-06-23,Metro Medical Center,Abuja,X-Ray Machine,TechHealth Inc.,UK
8534,14,150,2024-06-28,Central Clinic,Kaduna,Ultrasound,MedTech Co.,China
8535,25,220,2024-07-03,Community Hospital,Lagos,MRI Machine,MedTech Co.,USA
8536,18,600,2024-07-08,Sunshine Medical,Kano,CT Scanner,HealthEquip Ltd.,UK
8537,10,150,2024-07-13,Hope Hospital,Enugu,Ultrasound,Radiant Suppliers,China
8538,11,300,2024-07-18,City Medical Center,Oyo,X-Ray Machine,HealthEquip Ltd.,UK
8539,25,320,2024-07-23,State Hospital,Lagos,MRI Machine,Radiant Suppliers,China
8540,12,400,2024-07-28,General Hospital,Kaduna,CT Scanner,HealthEquip Ltd.,UK
8541,30,200,2024-08-02,Healing Touch Hospital,Rivers,X-Ray Machine,Radiant Suppliers,China
8542,15,150,2024-08-07,Metro Hospital,Abuja,Ultrasound,TechHealth Inc.,Canada
8543,20,350,2024-08-12,Central Hospital,Enugu,MRI Machine,MedTech Co.,USA
8544,5,450,2024-08-17,Sunshine Hospital,Lagos,CT Scanner,HealthEquip Ltd.,UK
8545,10,250,2024-08-22,Community Hospital,Abuja,Ultrasound,Radiant Suppliers,China
8546,14,150,2024-08-27,Hope Clinic,Kano,MRI Machine,TechHealth Inc.,Canada
8547,20,300,2024-09-01,Healing Hands Hospital,Lagos,Defibrillator,SoloSupplier Inc.,UK
8548,5,750,2024-09-06,City Hospital,Rivers,Ventilator,ExclusiveTech Ltd.,Germany
8549,10,400,2024-09-11,Metro Medical Center,Abuja,Surgical Table,HealthEquip Ltd.,UK
8550,12,200,2024-09-16,State Hospital,Oyo,MRI Machine,MedTech Co.,USA
8551,10,250,2024-01-15,General Hospital,Lagos,MRI Machine,MedTech Co.,USA
8552,5,200,2024-01-20,City Hospital,Abuja,MRI Machine,HealthEquip Ltd.,UK
8553,20,150,2024-01-25,Central Hospital,Rivers,X-Ray Machine,Radiant Suppliers,China
8554,15,300,2024-01-30,Sunshine Hospital,Lagos,CT Scanner,TechHealth Inc.,Canada
8555,8,500,2024-02-04,Community Hospital,Kaduna,Ultrasound,HealthEquip Ltd.,UK
8556,12,180,2024-02-09,Healing Hands Hospital,Enugu,X-Ray Machine,Radiant Suppliers,China
8557,25,220,2024-02-14,Hope Hospital,Kano,MRI Machine,MedTech Co.,USA
8558,30,320,2024-02-19,Unity Hospital,Lagos,CT Scanner,TechHealth Inc.,Canada
8559,10,550,2024-02-24,Metro Hospital,Abuja,Ultrasound,HealthEquip Ltd.,UK
8560,50,130,2024-02-29,State Hospital,Oyo,X-Ray Machine,Radiant Suppliers,China
8561,20,270,2024-03-05,City Medical Center,Lagos,MRI Machine,MedTech Co.,USA
8562,6,300,2024-03-10,General Hospital,Rivers,CT Scanner,TechHealth Inc.,Canada
8563,15,250,2024-03-15,Central Clinic,Ogun,Ultrasound,HealthEquip Ltd.,UK
8564,4,450,2024-03-20,Healing Touch Hospital,Enugu,MRI Machine,Radiant Suppliers,China
8565,25,180,2024-03-25,Sunshine Medical,Lagos,X-Ray Machine,MedTech Co.,USA
8566,18,600,2024-03-30,Hope Clinic,Kano,CT Scanner,HealthEquip Ltd.,UK
8567,14,150,2024-04-04,Metro Medical Center,Abuja,Ultrasound,TechHealth Inc.,Canada
8568,11,200,2024-04-09,State Medical Center,Oyo,MRI Machine,MedTech Co.,USA
8569,30,400,2024-04-14,General Clinic,Lagos,CT Scanner,HealthEquip Ltd.,UK
8570,10,150,2024-04-19,City Hospital,Rivers,Ultrasound,TechHealth Inc.,Canada
8571,12,350,2024-04-24,Hope Hospital,Abuja,MRI Machine,Radiant Suppliers,China
8572,10,450,2024-04-29,Healing Hands Hospital,Enugu,X-Ray Machine,HealthEquip Ltd.,UK
8573,5,600,2024-05-04,Central Hospital,Kaduna,Ultrasound,MedTech Co.,USA
8574,20,120,2024-05-09,State Hospital,Oyo,X-Ray Machine,Radiant Suppliers,China
8575,15,330,2024-05-14,City Medical Center,Lagos,MRI Machine,TechHealth Inc.,Canada
8576,10,450,2024-05-19,Central Hospital,Rivers,Ultrasound,HealthEquip Ltd.,UK
8577,7,200,2024-05-24,Metro Hospital,Abuja,X-Ray Machine,Radiant Suppliers,China
8578,25,280,2024-05-29,Hope Clinic,Kano,CT Scanner,TechHealth Inc.,Canada
8579,30,400,2024-06-03,Sunshine Hospital,Lagos,MRI Machine,MedTech Co.,USA
8580,15,170,2024-06-08,General Hospital,Enugu,Ultrasound,HealthEquip Ltd.,UK
8581,12,300,2024-06-13,State Medical Center,Oyo,CT Scanner,MedTech Co.,USA
8582,6,400,2024-06-18,Healing Hands Hospital,Rivers,MRI Machine,HealthEquip Ltd.,Canada
8583,8,250,2024-06-23,Metro Medical Center,Abuja,X-Ray Machine,TechHealth Inc.,UK
8584,14,150,2024-06-28,Central Clinic,Kaduna,Ultrasound,MedTech Co.,China
8585,25,220,2024-07-03,Community Hospital,Lagos,MRI Machine,MedTech Co.,USA
8586,18,600,2024-07-08,Sunshine Medical,Kano,CT Scanner,HealthEquip Ltd.,UK
8587,10,150,2024-07-13,Hope Hospital,Enugu,Ultrasound,Radiant Suppliers,China
8588,11,300,2024-07-18,City Medical Center,Oyo,X-Ray Machine,HealthEquip Ltd.,UK
8589,25,320,2024-07-23,State Hospital,Lagos,MRI Machine,Radiant Suppliers,China
8590,12,400,2024-07-28,General Hospital,Kaduna,CT Scanner,HealthEquip Ltd.,UK
8591,30,200,2024-08-02,Healing Touch Hospital,Rivers,X-Ray Machine,Radiant Suppliers,China
8592,15,150,2024-08-07,Metro Hospital,Abuja,Ultrasound,TechHealth Inc.,Canada
8593,20,350,2024-08-12,Central Hospital,Enugu,MRI Machine,MedTech Co.,USA
8594,5,450,2024-08-17,Sunshine Hospital,Lagos,CT Scanner,HealthEquip Ltd.,UK
8595,10,250,2024-08-22,Community Hospital,Abuja,Ultrasound,Radiant Suppliers,China
8596,14,150,2024-08-27,Hope Clinic,Kano,MRI Machine,TechHealth Inc.,Canada
8597,20,300,2024-09-01,Healing Hands Hospital,Lagos,Defibrillator,SoloSupplier Inc.,UK
8598,5,750,2024-09-06,City Hospital,Rivers,Ventilator,ExclusiveTech Ltd.,Germany
8599,10,400,2024-09-11,Metro Medical Center,Abuja,Surgical Table,HealthEquip Ltd.,UK
8600,12,200,2024-09-16,State Hospital,Oyo,MRI Machine,MedTech Co.,USA
8601,10,250,2024-01-15,General Hospital,Lagos,MRI Machine,MedTech Co.,USA
8602,5,200,2024-01-20,City Hospital,Abuja,MRI Machine,HealthEquip Ltd.,UK
8603,20,150,2024-01-25,Central Hospital,Rivers,X-Ray Machine,Radiant Suppliers,China
8604,15,300,2024-01-30,Sunshine Hospital,Lagos,CT Scanner,TechHealth Inc.,Canada
8605,8,500,2024-02-04,Community Hospital,Kaduna,Ultrasound,HealthEquip Ltd.,UK
8606,12,180,2024-02-09,Healing Hands Hospital,Enugu,X-Ray Machine,Radiant Suppliers,China
8607,25,220,2024-02-14,Hope Hospital,Kano,MRI Machine,MedTech Co.,USA
8608,30,320,2024-02-19,Unity Hospital,Lagos,CT Scanner,TechHealth Inc.,Canada
8609,10,550,2024-02-24,Metro Hospital,Abuja,Ultrasound,HealthEquip Ltd.,UK
8610,50,130,2024-02-29,State Hospital,Oyo,X-Ray Machine,Radiant Suppliers,China
8611,20,270,2024-03-05,City Medical Center,Lagos,MRI Machine,MedTech Co.,USA
8612,6,300,2024-03-10,General Hospital,Rivers,CT Scanner,TechHealth Inc.,Canada
8613,15,250,2024-03-15,Central Clinic,Ogun,Ultrasound,HealthEquip Ltd.,UK
8614,4,450,2024-03-20,Healing Touch Hospital,Enugu,MRI Machine,Radiant Suppliers,China
8615,25,180,2024-03-25,Sunshine Medical,Lagos,X-Ray Machine,MedTech Co.,USA
8616,18,600,2024-03-30,Hope Clinic,Kano,CT Scanner,HealthEquip Ltd.,UK
8617,14,150,2024-04-04,Metro Medical Center,Abuja,Ultrasound,TechHealth Inc.,Canada
8618,11,200,2024-04-09,State Medical Center,Oyo,MRI Machine,MedTech Co.,USA
8619,30,400,2024-04-14,General Clinic,Lagos,CT Scanner,HealthEquip Ltd.,UK
8620,10,150,2024-04-19,City Hospital,Rivers,Ultrasound,TechHealth Inc.,Canada
8621,12,350,2024-04-24,Hope Hospital,Abuja,MRI Machine,Radiant Suppliers,China
8622,10,450,2024-04-29,Healing Hands Hospital,Enugu,X-Ray Machine,HealthEquip Ltd.,UK
8623,5,600,2024-05-04,Central Hospital,Kaduna,Ultrasound,MedTech Co.,USA
8624,20,120,2024-05-09,State Hospital,Oyo,X-Ray Machine,Radiant Suppliers,China
8625,15,330,2024-05-14,City Medical Center,Lagos,MRI Machine,TechHealth Inc.,Canada
8626,10,450,2024-05-19,Central Hospital,Rivers,Ultrasound,HealthEquip Ltd.,UK
8627,7,200,2024-05-24,Metro Hospital,Abuja,X-Ray Machine,Radiant Suppliers,China
8628,25,280,2024-05-29,Hope Clinic,Kano,CT Scanner,TechHealth Inc.,Canada
8629,30,400,2024-06-03,Sunshine Hospital,Lagos,MRI Machine,MedTech Co.,USA
8630,15,170,2024-06-08,General Hospital,Enugu,Ultrasound,HealthEquip Ltd.,UK
8631,12,300,2024-06-13,State Medical Center,Oyo,CT Scanner,MedTech Co.,USA
8632,6,400,2024-06-18,Healing Hands Hospital,Rivers,MRI Machine,HealthEquip Ltd.,Canada
8633,8,250,2024-06-23,Metro Medical Center,Abuja,X-Ray Machine,TechHealth Inc.,UK
8634,14,150,2024-06-28,Central Clinic,Kaduna,Ultrasound,MedTech Co.,China
8635,25,220,2024-07-03,Community Hospital,Lagos,MRI Machine,MedTech Co.,USA
8636,18,600,2024-07-08,Sunshine Medical,Kano,CT Scanner,HealthEquip Ltd.,UK
8637,10,150,2024-07-13,Hope Hospital,Enugu,Ultrasound,Radiant Suppliers,China
8638,11,300,2024-07-18,City Medical Center,Oyo,X-Ray Machine,HealthEquip Ltd.,UK
8639,25,320,2024-07-23,State Hospital,Lagos,MRI Machine,Radiant Suppliers,China
8640,12,400,2024-07-28,General Hospital,Kaduna,CT Scanner,HealthEquip Ltd.,UK
8641,30,200,2024-08-02,Healing Touch Hospital,Rivers,X-Ray Machine,Radiant Suppliers,China
8642,15,150,2024-08-07,Metro Hospital,Abuja,Ultrasound,TechHealth Inc.,Canada
8643,20,350,2024-08-12,Central Hospital,Enugu,MRI Machine,MedTech Co.,USA
8644,5,450,2024-08-17,Sunshine Hospital,Lagos,CT Scanner,HealthEquip Ltd.,UK
8645,10,250,2024-08-22,Community Hospital,Abuja,Ultrasound,Radiant Suppliers,China
8646,14,150,2024-08-27,Hope Clinic,Kano,MRI Machine,TechHealth Inc.,Canada
8647,20,300,2024-09-01,Healing Hands Hospital,Lagos,Defibrillator,SoloSupplier Inc.,UK
8648,5,750,2024-09-06,City Hospital,Rivers,Ventilator,ExclusiveTech Ltd.,Germany
8649,10,400,2024-09-11,Metro Medical Center,Abuja,Surgical Table,HealthEquip Ltd.,UK
8650,12,200,2024-09-16,State Hospital,Oyo,MRI Machine,MedTech Co.,USA
8651,10,250,2024-01-15,General Hospital,Lagos,MRI Machine,MedTech Co.,USA
8652,5,200,2024-01-20,City Hospital,Abuja,MRI Machine,HealthEquip Ltd.,UK
8653,20,150,2024-01-25,Central Hospital,Rivers,X-Ray Machine,Radiant Suppliers,China
8654,15,300,2024-01-30,Sunshine Hospital,Lagos,CT Scanner,TechHealth Inc.,Canada
8655,8,500,2024-02-04,Community Hospital,Kaduna,Ultrasound,HealthEquip Ltd.,UK
8656,12,180,2024-02-09,Healing Hands Hospital,Enugu,X-Ray Machine,Radiant Suppliers,China
8657,25,220,2024-02-14,Hope Hospital,Kano,MRI Machine,MedTech Co.,USA
8658,30,320,2024-02-19,Unity Hospital,Lagos,CT Scanner,TechHealth Inc.,Canada
8659,10,550,2024-02-24,Metro Hospital,Abuja,Ultrasound,HealthEquip Ltd.,UK
8660,50,130,2024-02-29,State Hospital,Oyo,X-Ray Machine,Radiant Suppliers,China
8661,20,270,2024-03-05,City Medical Center,Lagos,MRI Machine,MedTech Co.,USA
8662,6,300,2024-03-10,General Hospital,Rivers,CT Scanner,TechHealth Inc.,Canada
8663,15,250,2024-03-15,Central Clinic,Ogun,Ultrasound,HealthEquip Ltd.,UK
8664,4,450,2024-03-20,Healing Touch Hospital,Enugu,MRI Machine,Radiant Suppliers,China
8665,25,180,2024-03-25,Sunshine Medical,Lagos,X-Ray Machine,MedTech Co.,USA
8666,18,600,2024-03-30,Hope Clinic,Kano,CT Scanner,HealthEquip Ltd.,UK
8667,14,150,2024-04-04,Metro Medical Center,Abuja,Ultrasound,TechHealth Inc.,Canada
8668,11,200,2024-04-09,State Medical Center,Oyo,MRI Machine,MedTech Co.,USA
8669,30,400,2024-04-14,General Clinic,Lagos,CT Scanner,HealthEquip Ltd.,UK
8670,10,150,2024-04-19,City Hospital,Rivers,Ultrasound,TechHealth Inc.,Canada
8671,12,350,2024-04-24,Hope Hospital,Abuja,MRI Machine,Radiant Suppliers,China
8672,10,450,2024-04-29,Healing Hands Hospital,Enugu,X-Ray Machine,HealthEquip Ltd.,UK
8673,5,600,2024-05-04,Central Hospital,Kaduna,Ultrasound,MedTech Co.,USA
8674,20,120,2024-05-09,State Hospital,Oyo,X-Ray Machine,Radiant Suppliers,China
8675,15,330,2024-05-14,City Medical Center,Lagos,MRI Machine,TechHealth Inc.,Canada
8676,10,450,2024-05-19,Central Hospital,Rivers,Ultrasound,HealthEquip Ltd.,UK
8677,7,200,2024-05-24,Metro Hospital,Abuja,X-Ray Machine,Radiant Suppliers,China
8678,25,280,2024-05-29,Hope Clinic,Kano,CT Scanner,TechHealth Inc.,Canada
8679,30,400,2024-06-03,Sunshine Hospital,Lagos,MRI Machine,MedTech Co.,USA
8680,15,170,2024-06-08,General Hospital,Enugu,Ultrasound,HealthEquip Ltd.,UK
8681,12,300,2024-06-13,State Medical Center,Oyo,CT Scanner,MedTech Co.,USA
8682,6,400,2024-06-18,Healing Hands Hospital,Rivers,MRI Machine,HealthEquip Ltd.,Canada
8683,8,250,2024-06-23,Metro Medical Center,Abuja,X-Ray Machine,TechHealth Inc.,UK
8684,14,150,2024-06-28,Central Clinic,Kaduna,Ultrasound,MedTech Co.,China
8685,25,220,2024-07-03,Community Hospital,Lagos,MRI Machine,MedTech Co.,USA
8686,18,600,2024-07-08,Sunshine Medical,Kano,CT Scanner,HealthEquip Ltd.,UK
8687,10,150,2024-07-13,Hope Hospital,Enugu,Ultrasound,Radiant Suppliers,China
8688,11,300,2024-07-18,City Medical Center,Oyo,X-Ray Machine,HealthEquip Ltd.,UK
8689,25,320,2024-07-23,State Hospital,Lagos,MRI Machine,Radiant Suppliers,China
8690,12,400,2024-07-28,General Hospital,Kaduna,CT Scanner,HealthEquip Ltd.,UK
8691,30,200,2024-08-02,Healing Touch Hospital,Rivers,X-Ray Machine,Radiant Suppliers,China
8692,15,150,2024-08-07,Metro Hospital,Abuja,Ultrasound,TechHealth Inc.,Canada
8693,20,350,2024-08-12,Central Hospital,Enugu,MRI Machine,MedTech Co.,USA
8694,5,450,2024-08-17,Sunshine Hospital,Lagos,CT Scanner,HealthEquip Ltd.,UK
8695,10,250,2024-08-22,Community Hospital,Abuja,Ultrasound,Radiant Suppliers,China
8696,14,150,2024-08-27,Hope Clinic,Kano,MRI Machine,TechHealth Inc.,Canada
8697,20,300,2024-09-01,Healing Hands Hospital,Lagos,Defibrillator,SoloSupplier Inc.,UK
8698,5,750,2024-09-06,City Hospital,Rivers,Ventilator,ExclusiveTech Ltd.,Germany
8699,10,400,2024-09-11,Metro Medical Center,Abuja,Surgical Table,HealthEquip Ltd.,UK
8700,12,200,2024-09-16,State Hospital,Oyo,MRI Machine,MedTech Co.,USA
8701,10,250,2024-01-15,General Hospital,Lagos,MRI Machine,MedTech Co.,USA
8702,5,200,2024-01-20,City Hospital,Abuja,MRI Machine,HealthEquip Ltd.,UK
8703,20,150,2024-01-25,Central Hospital,Rivers,X-Ray Machine,Radiant Suppliers,China
8704,15,300,2024-01-30,Sunshine Hospital,Lagos,CT Scanner,TechHealth Inc.,Canada
8705,8,500,2024-02-04,Community Hospital,Kaduna,Ultrasound,HealthEquip Ltd.,UK
8706,12,180,2024-02-09,Healing Hands Hospital,Enugu,X-Ray Machine,Radiant Suppliers,China
8707,25,220,2024-02-14,Hope Hospital,Kano,MRI Machine,MedTech Co.,USA
8708,30,320,2024-02-19,Unity Hospital,Lagos,CT Scanner,TechHealth Inc.,Canada
8709,10,550,2024-02-24,Metro Hospital,Abuja,Ultrasound,HealthEquip Ltd.,UK
8710,50,130,2024-02-29,State Hospital,Oyo,X-Ray Machine,Radiant Suppliers,China
8711,20,270,2024-03-05,City Medical Center,Lagos,MRI Machine,MedTech Co.,USA
8712,6,300,2024-03-10,General Hospital,Rivers,CT Scanner,TechHealth Inc.,Canada
8713,15,250,2024-03-15,Central Clinic,Ogun,Ultrasound,HealthEquip Ltd.,UK
8714,4,450,2024-03-20,Healing Touch Hospital,Enugu,MRI Machine,Radiant Suppliers,China
8715,25,180,2024-03-25,Sunshine Medical,Lagos,X-Ray Machine,MedTech Co.,USA
8716,18,600,2024-03-30,Hope Clinic,Kano,CT Scanner,HealthEquip Ltd.,UK
8717,14,150,2024-04-04,Metro Medical Center,Abuja,Ultrasound,TechHealth Inc.,Canada
8718,11,200,2024-04-09,State Medical Center,Oyo,MRI Machine,MedTech Co.,USA
8719,30,400,2024-04-14,General Clinic,Lagos,CT Scanner,HealthEquip Ltd.,UK
8720,10,150,2024-04-19,City Hospital,Rivers,Ultrasound,TechHealth Inc.,Canada
8721,12,350,2024-04-24,Hope Hospital,Abuja,MRI Machine,Radiant Suppliers,China
8722,10,450,2024-04-29,Healing Hands Hospital,Enugu,X-Ray Machine,HealthEquip Ltd.,UK
8723,5,600,2024-05-04,Central Hospital,Kaduna,Ultrasound,MedTech Co.,USA
8724,20,120,2024-05-09,State Hospital,Oyo,X-Ray Machine,Radiant Suppliers,China
8725,15,330,2024-05-14,City Medical Center,Lagos,MRI Machine,TechHealth Inc.,Canada
8726,10,450,2024-05-19,Central Hospital,Rivers,Ultrasound,HealthEquip Ltd.,UK
8727,7,200,2024-05-24,Metro Hospital,Abuja,X-Ray Machine,Radiant Suppliers,China
8728,25,280,2024-05-29,Hope Clinic,Kano,CT Scanner,TechHealth Inc.,Canada
8729,30,400,2024-06-03,Sunshine Hospital,Lagos,MRI Machine,MedTech Co.,USA
8730,15,170,2024-06-08,General Hospital,Enugu,Ultrasound,HealthEquip Ltd.,UK
8731,12,300,2024-06-13,State Medical Center,Oyo,CT Scanner,MedTech Co.,USA
8732,6,400,2024-06-18,Healing Hands Hospital,Rivers,MRI Machine,HealthEquip Ltd.,Canada
8733,8,250,2024-06-23,Metro Medical Center,Abuja,X-Ray Machine,TechHealth Inc.,UK
8734,14,150,2024-06-28,Central Clinic,Kaduna,Ultrasound,MedTech Co.,China
8735,25,220,2024-07-03,Community Hospital,Lagos,MRI Machine,MedTech Co.,USA
8736,18,600,2024-07-08,Sunshine Medical,Kano,CT Scanner,HealthEquip Ltd.,UK
8737,10,150,2024-07-13,Hope Hospital,Enugu,Ultrasound,Radiant Suppliers,China
8738,11,300,2024-07-18,City Medical Center,Oyo,X-Ray Machine,HealthEquip Ltd.,UK
8739,25,320,2024-07-23,State Hospital,Lagos,MRI Machine,Radiant Suppliers,China
8740,12,400,2024-07-28,General Hospital,Kaduna,CT Scanner,HealthEquip Ltd.,UK
8741,30,200,2024-08-02,Healing Touch Hospital,Rivers,X-Ray Machine,Radiant Suppliers,China
8742,15,150,2024-08-07,Metro Hospital,Abuja,Ultrasound,TechHealth Inc.,Canada
8743,20,350,2024-08-12,Central Hospital,Enugu,MRI Machine,MedTech Co.,USA
8744,5,450,2024-08-17,Sunshine Hospital,Lagos,CT Scanner,HealthEquip Ltd.,UK
8745,10,250,2024-08-22,Community Hospital,Abuja,Ultrasound,Radiant Suppliers,China
8746,14,150,2024-08-27,Hope Clinic,Kano,MRI Machine,TechHealth Inc.,Canada
8747,20,300,2024-09-01,Healing Hands Hospital,Lagos,Defibrillator,SoloSupplier Inc.,UK
8748,5,750,2024-09-06,City Hospital,Rivers,Ventilator,ExclusiveTech Ltd.,Germany
8749,10,400,2024-09-11,Metro Medical Center,Abuja,Surgical Table,HealthEquip Ltd.,UK
8750,12,200,2024-09-16,State Hospital,Oyo,MRI Machine,MedTech Co.,USA
8751,10,250,2024-01-15,General Hospital,Lagos,MRI Machine,MedTech Co.,USA
8752,5,200,2024-01-20,City Hospital,Abuja,MRI Machine,HealthEquip Ltd.,UK
8753,20,150,2024-01-25,Central Hospital,Rivers,X-Ray Machine,Radiant Suppliers,China
8754,15,300,2024-01-30,Sunshine Hospital,Lagos,CT Scanner,TechHealth Inc.,Canada
8755,8,500,2024-02-04,Community Hospital,Kaduna,Ultrasound,HealthEquip Ltd.,UK
8756,12,180,2024-02-09,Healing Hands Hospital,Enugu,X-Ray Machine,Radiant Suppliers,China
8757,25,220,2024-02-14,Hope Hospital,Kano,MRI Machine,MedTech Co.,USA
8758,30,320,2024-02-19,Unity Hospital,Lagos,CT Scanner,TechHealth Inc.,Canada
8759,10,550,2024-02-24,Metro Hospital,Abuja,Ultrasound,HealthEquip Ltd.,UK
8760,50,130,2024-02-29,State Hospital,Oyo,X-Ray Machine,Radiant Suppliers,China
8761,20,270,2024-03-05,City Medical Center,Lagos,MRI Machine,MedTech Co.,USA
8762,6,300,2024-03-10,General Hospital,Rivers,CT Scanner,TechHealth Inc.,Canada
8763,15,250,2024-03-15,Central Clinic,Ogun,Ultrasound,HealthEquip Ltd.,UK
8764,4,450,2024-03-20,Healing Touch Hospital,Enugu,MRI Machine,Radiant Suppliers,China
8765,25,180,2024-03-25,Sunshine Medical,Lagos,X-Ray Machine,MedTech Co.,USA
8766,18,600,2024-03-30,Hope Clinic,Kano,CT Scanner,HealthEquip Ltd.,UK
8767,14,150,2024-04-04,Metro Medical Center,Abuja,Ultrasound,TechHealth Inc.,Canada
8768,11,200,2024-04-09,State Medical Center,Oyo,MRI Machine,MedTech Co.,USA
8769,30,400,2024-04-14,General Clinic,Lagos,CT Scanner,HealthEquip Ltd.,UK
8770,10,150,2024-04-19,City Hospital,Rivers,Ultrasound,TechHealth Inc.,Canada
8771,12,350,2024-04-24,Hope Hospital,Abuja,MRI Machine,Radiant Suppliers,China
8772,10,450,2024-04-29,Healing Hands Hospital,Enugu,X-Ray Machine,HealthEquip Ltd.,UK
8773,5,600,2024-05-04,Central Hospital,Kaduna,Ultrasound,MedTech Co.,USA
8774,20,120,2024-05-09,State Hospital,Oyo,X-Ray Machine,Radiant Suppliers,China
8775,15,330,2024-05-14,City Medical Center,Lagos,MRI Machine,TechHealth Inc.,Canada
8776,10,450,2024-05-19,Central Hospital,Rivers,Ultrasound,HealthEquip Ltd.,UK
8777,7,200,2024-05-24,Metro Hospital,Abuja,X-Ray Machine,Radiant Suppliers,China
8778,25,280,2024-05-29,Hope Clinic,Kano,CT Scanner,TechHealth Inc.,Canada
8779,30,400,2024-06-03,Sunshine Hospital,Lagos,MRI Machine,MedTech Co.,USA
8780,15,170,2024-06-08,General Hospital,Enugu,Ultrasound,HealthEquip Ltd.,UK
8781,12,300,2024-06-13,State Medical Center,Oyo,CT Scanner,MedTech Co.,USA
8782,6,400,2024-06-18,Healing Hands Hospital,Rivers,MRI Machine,HealthEquip Ltd.,Canada
8783,8,250,2024-06-23,Metro Medical Center,Abuja,X-Ray Machine,TechHealth Inc.,UK
8784,14,150,2024-06-28,Central Clinic,Kaduna,Ultrasound,MedTech Co.,China
8785,25,220,2024-07-03,Community Hospital,Lagos,MRI Machine,MedTech Co.,USA
8786,18,600,2024-07-08,Sunshine Medical,Kano,CT Scanner,HealthEquip Ltd.,UK
8787,10,150,2024-07-13,Hope Hospital,Enugu,Ultrasound,Radiant Suppliers,China
8788,11,300,2024-07-18,City Medical Center,Oyo,X-Ray Machine,HealthEquip Ltd.,UK
8789,25,320,2024-07-23,State Hospital,Lagos,MRI Machine,Radiant Suppliers,China
8790,12,400,2024-07-28,General Hospital,Kaduna,CT Scanner,HealthEquip Ltd.,UK
8791,30,200,2024-08-02,Healing Touch Hospital,Rivers,X-Ray Machine,Radiant Suppliers,China
8792,15,150,2024-08-07,Metro Hospital,Abuja,Ultrasound,TechHealth Inc.,Canada
8793,20,350,2024-08-12,Central Hospital,Enugu,MRI Machine,MedTech Co.,USA
8794,5,450,2024-08-17,Sunshine Hospital,Lagos,CT Scanner,HealthEquip Ltd.,UK
8795,10,250,2024-08-22,Community Hospital,Abuja,Ultrasound,Radiant Suppliers,China
8796,14,150,2024-08-27,Hope Clinic,Kano,MRI Machine,TechHealth Inc.,Canada
8797,20,300,2024-09-01,Healing Hands Hospital,Lagos,Defibrillator,SoloSupplier Inc.,UK
8798,5,750,2024-09-06,City Hospital,Rivers,Ventilator,ExclusiveTech Ltd.,Germany
8799,10,400,2024-09-11,Metro Medical Center,Abuja,Surgical Table,HealthEquip Ltd.,UK
8800,12,200,2024-09-16,State Hospital,Oyo,MRI Machine,MedTech Co.,USA
8801,10,250,2024-01-15,General Hospital,Lagos,MRI Machine,MedTech Co.,USA
8802,5,200,2024-01-20,City Hospital,Abuja,MRI Machine,HealthEquip Ltd.,UK
8803,20,150,2024-01-25,Central Hospital,Rivers,X-Ray Machine,Radiant Suppliers,China
8804,15,300,2024-01-30,Sunshine Hospital,Lagos,CT Scanner,TechHealth Inc.,Canada
8805,8,500,2024-02-04,Community Hospital,Kaduna,Ultrasound,HealthEquip Ltd.,UK
8806,12,180,2024-02-09,Healing Hands Hospital,Enugu,X-Ray Machine,Radiant Suppliers,China
8807,25,220,2024-02-14,Hope Hospital,Kano,MRI Machine,MedTech Co.,USA
8808,30,320,2024-02-19,Unity Hospital,Lagos,CT Scanner,TechHealth Inc.,Canada
8809,10,550,2024-02-24,Metro Hospital,Abuja,Ultrasound,HealthEquip Ltd.,UK
8810,50,130,2024-02-29,State Hospital,Oyo,X-Ray Machine,Radiant Suppliers,China
8811,20,270,2024-03-05,City Medical Center,Lagos,MRI Machine,MedTech Co.,USA
8812,6,300,2024-03-10,General Hospital,Rivers,CT Scanner,TechHealth Inc.,Canada
8813,15,250,2024-03-15,Central Clinic,Ogun,Ultrasound,HealthEquip Ltd.,UK
8814,4,450,2024-03-20,Healing Touch Hospital,Enugu,MRI Machine,Radiant Suppliers,China
8815,25,180,2024-03-25,Sunshine Medical,Lagos,X-Ray Machine,MedTech Co.,USA
8816,18,600,2024-03-30,Hope Clinic,Kano,CT Scanner,HealthEquip Ltd.,UK
8817,14,150,2024-04-04,Metro Medical Center,Abuja,Ultrasound,TechHealth Inc.,Canada
8818,11,200,2024-04-09,State Medical Center,Oyo,MRI Machine,MedTech Co.,USA
8819,30,400,2024-04-14,General Clinic,Lagos,CT Scanner,HealthEquip Ltd.,UK
8820,10,150,2024-04-19,City Hospital,Rivers,Ultrasound,TechHealth Inc.,Canada
8821,12,350,2024-04-24,Hope Hospital,Abuja,MRI Machine,Radiant Suppliers,China
8822,10,450,2024-04-29,Healing Hands Hospital,Enugu,X-Ray Machine,HealthEquip Ltd.,UK
8823,5,600,2024-05-04,Central Hospital,Kaduna,Ultrasound,MedTech Co.,USA
8824,20,120,2024-05-09,State Hospital,Oyo,X-Ray Machine,Radiant Suppliers,China
8825,15,330,2024-05-14,City Medical Center,Lagos,MRI Machine,TechHealth Inc.,Canada
8826,10,450,2024-05-19,Central Hospital,Rivers,Ultrasound,HealthEquip Ltd.,UK
8827,7,200,2024-05-24,Metro Hospital,Abuja,X-Ray Machine,Radiant Suppliers,China
8828,25,280,2024-05-29,Hope Clinic,Kano,CT Scanner,TechHealth Inc.,Canada
8829,30,400,2024-06-03,Sunshine Hospital,Lagos,MRI Machine,MedTech Co.,USA
8830,15,170,2024-06-08,General Hospital,Enugu,Ultrasound,HealthEquip Ltd.,UK
8831,12,300,2024-06-13,State Medical Center,Oyo,CT Scanner,MedTech Co.,USA
8832,6,400,2024-06-18,Healing Hands Hospital,Rivers,MRI Machine,HealthEquip Ltd.,Canada
8833,8,250,2024-06-23,Metro Medical Center,Abuja,X-Ray Machine,TechHealth Inc.,UK
8834,14,150,2024-06-28,Central Clinic,Kaduna,Ultrasound,MedTech Co.,China
8835,25,220,2024-07-03,Community Hospital,Lagos,MRI Machine,MedTech Co.,USA
8836,18,600,2024-07-08,Sunshine Medical,Kano,CT Scanner,HealthEquip Ltd.,UK
8837,10,150,2024-07-13,Hope Hospital,Enugu,Ultrasound,Radiant Suppliers,China
8838,11,300,2024-07-18,City Medical Center,Oyo,X-Ray Machine,HealthEquip Ltd.,UK
8839,25,320,2024-07-23,State Hospital,Lagos,MRI Machine,Radiant Suppliers,China
8840,12,400,2024-07-28,General Hospital,Kaduna,CT Scanner,HealthEquip Ltd.,UK
8841,30,200,2024-08-02,Healing Touch Hospital,Rivers,X-Ray Machine,Radiant Suppliers,China
8842,15,150,2024-08-07,Metro Hospital,Abuja,Ultrasound,TechHealth Inc.,Canada
8843,20,350,2024-08-12,Central Hospital,Enugu,MRI Machine,MedTech Co.,USA
8844,5,450,2024-08-17,Sunshine Hospital,Lagos,CT Scanner,HealthEquip Ltd.,UK
8845,10,250,2024-08-22,Community Hospital,Abuja,Ultrasound,Radiant Suppliers,China
8846,14,150,2024-08-27,Hope Clinic,Kano,MRI Machine,TechHealth Inc.,Canada
8847,20,300,2024-09-01,Healing Hands Hospital,Lagos,Defibrillator,SoloSupplier Inc.,UK
8848,5,750,2024-09-06,City Hospital,Rivers,Ventilator,ExclusiveTech Ltd.,Germany
8849,10,400,2024-09-11,Metro Medical Center,Abuja,Surgical Table,HealthEquip Ltd.,UK
8850,12,200,2024-09-16,State Hospital,Oyo,MRI Machine,MedTech Co.,USA
8851,10,250,2024-01-15,General Hospital,Lagos,MRI Machine,MedTech Co.,USA
8852,5,200,2024-01-20,City Hospital,Abuja,MRI Machine,HealthEquip Ltd.,UK
8853,20,150,2024-01-25,Central Hospital,Rivers,X-Ray Machine,Radiant Suppliers,China
8854,15,300,2024-01-30,Sunshine Hospital,Lagos,CT Scanner,TechHealth Inc.,Canada
8855,8,500,2024-02-04,Community Hospital,Kaduna,Ultrasound,HealthEquip Ltd.,UK
8856,12,180,2024-02-09,Healing Hands Hospital,Enugu,X-Ray Machine,Radiant Suppliers,China
8857,25,220,2024-02-14,Hope Hospital,Kano,MRI Machine,MedTech Co.,USA
8858,30,320,2024-02-19,Unity Hospital,Lagos,CT Scanner,TechHealth Inc.,Canada
8859,10,550,2024-02-24,Metro Hospital,Abuja,Ultrasound,HealthEquip Ltd.,UK
8860,50,130,2024-02-29,State Hospital,Oyo,X-Ray Machine,Radiant Suppliers,China
8861,20,270,2024-03-05,City Medical Center,Lagos,MRI Machine,MedTech Co.,USA
8862,6,300,2024-03-10,General Hospital,Rivers,CT Scanner,TechHealth Inc.,Canada
8863,15,250,2024-03-15,Central Clinic,Ogun,Ultrasound,HealthEquip Ltd.,UK
8864,4,450,2024-03-20,Healing Touch Hospital,Enugu,MRI Machine,Radiant Suppliers,China
8865,25,180,2024-03-25,Sunshine Medical,Lagos,X-Ray Machine,MedTech Co.,USA
8866,18,600,2024-03-30,Hope Clinic,Kano,CT Scanner,HealthEquip Ltd.,UK
8867,14,150,2024-04-04,Metro Medical Center,Abuja,Ultrasound,TechHealth Inc.,Canada
8868,11,200,2024-04-09,State Medical Center,Oyo,MRI Machine,MedTech Co.,USA
8869,30,400,2024-04-14,General Clinic,Lagos,CT Scanner,HealthEquip Ltd.,UK
8870,10,150,2024-04-19,City Hospital,Rivers,Ultrasound,TechHealth Inc.,Canada
8871,12,350,2024-04-24,Hope Hospital,Abuja,MRI Machine,Radiant Suppliers,China
8872,10,450,2024-04-29,Healing Hands Hospital,Enugu,X-Ray Machine,HealthEquip Ltd.,UK
8873,5,600,2024-05-04,Central Hospital,Kaduna,Ultrasound,MedTech Co.,USA
8874,20,120,2024-05-09,State Hospital,Oyo,X-Ray Machine,Radiant Suppliers,China
8875,15,330,2024-05-14,City Medical Center,Lagos,MRI Machine,TechHealth Inc.,Canada
8876,10,450,2024-05-19,Central Hospital,Rivers,Ultrasound,HealthEquip Ltd.,UK
8877,7,200,2024-05-24,Metro Hospital,Abuja,X-Ray Machine,Radiant Suppliers,China
8878,25,280,2024-05-29,Hope Clinic,Kano,CT Scanner,TechHealth Inc.,Canada
8879,30,400,2024-06-03,Sunshine Hospital,Lagos,MRI Machine,MedTech Co.,USA
8880,15,170,2024-06-08,General Hospital,Enugu,Ultrasound,HealthEquip Ltd.,UK
8881,12,300,2024-06-13,State Medical Center,Oyo,CT Scanner,MedTech Co.,USA
8882,6,400,2024-06-18,Healing Hands Hospital,Rivers,MRI Machine,HealthEquip Ltd.,Canada
8883,8,250,2024-06-23,Metro Medical Center,Abuja,X-Ray Machine,TechHealth Inc.,UK
8884,14,150,2024-06-28,Central Clinic,Kaduna,Ultrasound,MedTech Co.,China
8885,25,220,2024-07-03,Community Hospital,Lagos,MRI Machine,MedTech Co.,USA
8886,18,600,2024-07-08,Sunshine Medical,Kano,CT Scanner,HealthEquip Ltd.,UK
8887,10,150,2024-07-13,Hope Hospital,Enugu,Ultrasound,Radiant Suppliers,China
8888,11,300,2024-07-18,City Medical Center,Oyo,X-Ray Machine,HealthEquip Ltd.,UK
8889,25,320,2024-07-23,State Hospital,Lagos,MRI Machine,Radiant Suppliers,China
8890,12,400,2024-07-28,General Hospital,Kaduna,CT Scanner,HealthEquip Ltd.,UK
8891,30,200,2024-08-02,Healing Touch Hospital,Rivers,X-Ray Machine,Radiant Suppliers,China
8892,15,150,2024-08-07,Metro Hospital,Abuja,Ultrasound,TechHealth Inc.,Canada
8893,20,350,2024-08-12,Central Hospital,Enugu,MRI Machine,MedTech Co.,USA
8894,5,450,2024-08-17,Sunshine Hospital,Lagos,CT Scanner,HealthEquip Ltd.,UK
8895,10,250,2024-08-22,Community Hospital,Abuja,Ultrasound,Radiant Suppliers,China
8896,14,150,2024-08-27,Hope Clinic,Kano,MRI Machine,TechHealth Inc.,Canada
8897,20,300,2024-09-01,Healing Hands Hospital,Lagos,Defibrillator,SoloSupplier Inc.,UK
8898,5,750,2024-09-06,City Hospital,Rivers,Ventilator,ExclusiveTech Ltd.,Germany
8899,10,400,2024-09-11,Metro Medical Center,Abuja,Surgical Table,HealthEquip Ltd.,UK
8900,12,200,2024-09-16,State Hospital,Oyo,MRI Machine,MedTech Co.,USA
8901,10,250,2024-01-15,General Hospital,Lagos,MRI Machine,MedTech Co.,USA
8902,5,200,2024-01-20,City Hospital,Abuja,MRI Machine,HealthEquip Ltd.,UK
8903,20,150,2024-01-25,Central Hospital,Rivers,X-Ray Machine,Radiant Suppliers,China
8904,15,300,2024-01-30,Sunshine Hospital,Lagos,CT Scanner,TechHealth Inc.,Canada
8905,8,500,2024-02-04,Community Hospital,Kaduna,Ultrasound,HealthEquip Ltd.,UK
8906,12,180,2024-02-09,Healing Hands Hospital,Enugu,X-Ray Machine,Radiant Suppliers,China
8907,25,220,2024-02-14,Hope Hospital,Kano,MRI Machine,MedTech Co.,USA
8908,30,320,2024-02-19,Unity Hospital,Lagos,CT Scanner,TechHealth Inc.,Canada
8909,10,550,2024-02-24,Metro Hospital,Abuja,Ultrasound,HealthEquip Ltd.,UK
8910,50,130,2024-02-29,State Hospital,Oyo,X-Ray Machine,Radiant Suppliers,China
8911,20,270,2024-03-05,City Medical Center,Lagos,MRI Machine,MedTech Co.,USA
8912,6,300,2024-03-10,General Hospital,Rivers,CT Scanner,TechHealth Inc.,Canada
8913,15,250,2024-03-15,Central Clinic,Ogun,Ultrasound,HealthEquip Ltd.,UK
8914,4,450,2024-03-20,Healing Touch Hospital,Enugu,MRI Machine,Radiant Suppliers,China
8915,25,180,2024-03-25,Sunshine Medical,Lagos,X-Ray Machine,MedTech Co.,USA
8916,18,600,2024-03-30,Hope Clinic,Kano,CT Scanner,HealthEquip Ltd.,UK
8917,14,150,2024-04-04,Metro Medical Center,Abuja,Ultrasound,TechHealth Inc.,Canada
8918,11,200,2024-04-09,State Medical Center,Oyo,MRI Machine,MedTech Co.,USA
8919,30,400,2024-04-14,General Clinic,Lagos,CT Scanner,HealthEquip Ltd.,UK
8920,10,150,2024-04-19,City Hospital,Rivers,Ultrasound,TechHealth Inc.,Canada
8921,12,350,2024-04-24,Hope Hospital,Abuja,MRI Machine,Radiant Suppliers,China
8922,10,450,2024-04-29,Healing Hands Hospital,Enugu,X-Ray Machine,HealthEquip Ltd.,UK
8923,5,600,2024-05-04,Central Hospital,Kaduna,Ultrasound,MedTech Co.,USA
8924,20,120,2024-05-09,State Hospital,Oyo,X-Ray Machine,Radiant Suppliers,China
8925,15,330,2024-05-14,City Medical Center,Lagos,MRI Machine,TechHealth Inc.,Canada
8926,10,450,2024-05-19,Central Hospital,Rivers,Ultrasound,HealthEquip Ltd.,UK
8927,7,200,2024-05-24,Metro Hospital,Abuja,X-Ray Machine,Radiant Suppliers,China
8928,25,280,2024-05-29,Hope Clinic,Kano,CT Scanner,TechHealth Inc.,Canada
8929,30,400,2024-06-03,Sunshine Hospital,Lagos,MRI Machine,MedTech Co.,USA
8930,15,170,2024-06-08,General Hospital,Enugu,Ultrasound,HealthEquip Ltd.,UK
8931,12,300,2024-06-13,State Medical Center,Oyo,CT Scanner,MedTech Co.,USA
8932,6,400,2024-06-18,Healing Hands Hospital,Rivers,MRI Machine,HealthEquip Ltd.,Canada
8933,8,250,2024-06-23,Metro Medical Center,Abuja,X-Ray Machine,TechHealth Inc.,UK
8934,14,150,2024-06-28,Central Clinic,Kaduna,Ultrasound,MedTech Co.,China
8935,25,220,2024-07-03,Community Hospital,Lagos,MRI Machine,MedTech Co.,USA
8936,18,600,2024-07-08,Sunshine Medical,Kano,CT Scanner,HealthEquip Ltd.,UK
8937,10,150,2024-07-13,Hope Hospital,Enugu,Ultrasound,Radiant Suppliers,China
8938,11,300,2024-07-18,City Medical Center,Oyo,X-Ray Machine,HealthEquip Ltd.,UK
8939,25,320,2024-07-23,State Hospital,Lagos,MRI Machine,Radiant Suppliers,China
8940,12,400,2024-07-28,General Hospital,Kaduna,CT Scanner,HealthEquip Ltd.,UK
8941,30,200,2024-08-02,Healing Touch Hospital,Rivers,X-Ray Machine,Radiant Suppliers,China
8942,15,150,2024-08-07,Metro Hospital,Abuja,Ultrasound,TechHealth Inc.,Canada
8943,20,350,2024-08-12,Central Hospital,Enugu,MRI Machine,MedTech Co.,USA
8944,5,450,2024-08-17,Sunshine Hospital,Lagos,CT Scanner,HealthEquip Ltd.,UK
8945,10,250,2024-08-22,Community Hospital,Abuja,Ultrasound,Radiant Suppliers,China
8946,14,150,2024-08-27,Hope Clinic,Kano,MRI Machine,TechHealth Inc.,Canada
8947,20,300,2024-09-01,Healing Hands Hospital,Lagos,Defibrillator,SoloSupplier Inc.,UK
8948,5,750,2024-09-06,City Hospital,Rivers,Ventilator,ExclusiveTech Ltd.,Germany
8949,10,400,2024-09-11,Metro Medical Center,Abuja,Surgical Table,HealthEquip Ltd.,UK
8950,12,200,2024-09-16,State Hospital,Oyo,MRI Machine,MedTech Co.,USA
8951,10,250,2024-01-15,General Hospital,Lagos,MRI Machine,MedTech Co.,USA
8952,5,200,2024-01-20,City Hospital,Abuja,MRI Machine,HealthEquip Ltd.,UK
8953,20,150,2024-01-25,Central Hospital,Rivers,X-Ray Machine,Radiant Suppliers,China
8954,15,300,2024-01-30,Sunshine Hospital,Lagos,CT Scanner,TechHealth Inc.,Canada
8955,8,500,2024-02-04,Community Hospital,Kaduna,Ultrasound,HealthEquip Ltd.,UK
8956,12,180,2024-02-09,Healing Hands Hospital,Enugu,X-Ray Machine,Radiant Suppliers,China
8957,25,220,2024-02-14,Hope Hospital,Kano,MRI Machine,MedTech Co.,USA
8958,30,320,2024-02-19,Unity Hospital,Lagos,CT Scanner,TechHealth Inc.,Canada
8959,10,550,2024-02-24,Metro Hospital,Abuja,Ultrasound,HealthEquip Ltd.,UK
8960,50,130,2024-02-29,State Hospital,Oyo,X-Ray Machine,Radiant Suppliers,China
8961,20,270,2024-03-05,City Medical Center,Lagos,MRI Machine,MedTech Co.,USA
8962,6,300,2024-03-10,General Hospital,Rivers,CT Scanner,TechHealth Inc.,Canada
8963,15,250,2024-03-15,Central Clinic,Ogun,Ultrasound,HealthEquip Ltd.,UK
8964,4,450,2024-03-20,Healing Touch Hospital,Enugu,MRI Machine,Radiant Suppliers,China
8965,25,180,2024-03-25,Sunshine Medical,Lagos,X-Ray Machine,MedTech Co.,USA
8966,18,600,2024-03-30,Hope Clinic,Kano,CT Scanner,HealthEquip Ltd.,UK
8967,14,150,2024-04-04,Metro Medical Center,Abuja,Ultrasound,TechHealth Inc.,Canada
8968,11,200,2024-04-09,State Medical Center,Oyo,MRI Machine,MedTech Co.,USA
8969,30,400,2024-04-14,General Clinic,Lagos,CT Scanner,HealthEquip Ltd.,UK
8970,10,150,2024-04-19,City Hospital,Rivers,Ultrasound,TechHealth Inc.,Canada
8971,12,350,2024-04-24,Hope Hospital,Abuja,MRI Machine,Radiant Suppliers,China
8972,10,450,2024-04-29,Healing Hands Hospital,Enugu,X-Ray Machine,HealthEquip Ltd.,UK
8973,5,600,2024-05-04,Central Hospital,Kaduna,Ultrasound,MedTech Co.,USA
8974,20,120,2024-05-09,State Hospital,Oyo,X-Ray Machine,Radiant Suppliers,China
8975,15,330,2024-05-14,City Medical Center,Lagos,MRI Machine,TechHealth Inc.,Canada
8976,10,450,2024-05-19,Central Hospital,Rivers,Ultrasound,HealthEquip Ltd.,UK
8977,7,200,2024-05-24,Metro Hospital,Abuja,X-Ray Machine,Radiant Suppliers,China
8978,25,280,2024-05-29,Hope Clinic,Kano,CT Scanner,TechHealth Inc.,Canada
8979,30,400,2024-06-03,Sunshine Hospital,Lagos,MRI Machine,MedTech Co.,USA
8980,15,170,2024-06-08,General Hospital,Enugu,Ultrasound,HealthEquip Ltd.,UK
8981,12,300,2024-06-13,State Medical Center,Oyo,CT Scanner,MedTech Co.,USA
8982,6,400,2024-06-18,Healing Hands Hospital,Rivers,MRI Machine,HealthEquip Ltd.,Canada
8983,8,250,2024-06-23,Metro Medical Center,Abuja,X-Ray Machine,TechHealth Inc.,UK
8984,14,150,2024-06-28,Central Clinic,Kaduna,Ultrasound,MedTech Co.,China
8985,25,220,2024-07-03,Community Hospital,Lagos,MRI Machine,MedTech Co.,USA
8986,18,600,2024-07-08,Sunshine Medical,Kano,CT Scanner,HealthEquip Ltd.,UK
8987,10,150,2024-07-13,Hope Hospital,Enugu,Ultrasound,Radiant Suppliers,China
8988,11,300,2024-07-18,City Medical Center,Oyo,X-Ray Machine,HealthEquip Ltd.,UK
8989,25,320,2024-07-23,State Hospital,Lagos,MRI Machine,Radiant Suppliers,China
8990,12,400,2024-07-28,General Hospital,Kaduna,CT Scanner,HealthEquip Ltd.,UK
8991,30,200,2024-08-02,Healing Touch Hospital,Rivers,X-Ray Machine,Radiant Suppliers,China
8992,15,150,2024-08-07,Metro Hospital,Abuja,Ultrasound,TechHealth Inc.,Canada
8993,20,350,2024-08-12,Central Hospital,Enugu,MRI Machine,MedTech Co.,USA
8994,5,450,2024-08-17,Sunshine Hospital,Lagos,CT Scanner,HealthEquip Ltd.,UK
8995,10,250,2024-08-22,Community Hospital,Abuja,Ultrasound,Radiant Suppliers,China
8996,14,150,2024-08-27,Hope Clinic,Kano,MRI Machine,TechHealth Inc.,Canada
8997,20,300,2024-09-01,Healing Hands Hospital,Lagos,Defibrillator,SoloSupplier Inc.,UK
8998,5,750,2024-09-06,City Hospital,Rivers,Ventilator,ExclusiveTech Ltd.,Germany
8999,10,400,2024-09-11,Metro Medical Center,Abuja,Surgical Table,HealthEquip Ltd.,UK
9000,12,200,2024-09-16,State Hospital,Oyo,MRI Machine,MedTech Co.,USA
9001,10,250,2024-01-15,General Hospital,Lagos,MRI Machine,MedTech Co.,USA
9002,5,200,2024-01-20,City Hospital,Abuja,MRI Machine,HealthEquip Ltd.,UK
9003,20,150,2024-01-25,Central Hospital,Rivers,X-Ray Machine,Radiant Suppliers,China
9004,15,300,2024-01-30,Sunshine Hospital,Lagos,CT Scanner,TechHealth Inc.,Canada
9005,8,500,2024-02-04,Community Hospital,Kaduna,Ultrasound,HealthEquip Ltd.,UK
9006,12,180,2024-02-09,Healing Hands Hospital,Enugu,X-Ray Machine,Radiant Suppliers,China
9007,25,220,2024-02-14,Hope Hospital,Kano,MRI Machine,MedTech Co.,USA
9008,30,320,2024-02-19,Unity Hospital,Lagos,CT Scanner,TechHealth Inc.,Canada
9009,10,550,2024-02-24,Metro Hospital,Abuja,Ultrasound,HealthEquip Ltd.,UK
9010,50,130,2024-02-29,State Hospital,Oyo,X-Ray Machine,Radiant Suppliers,China
9011,20,270,2024-03-05,City Medical Center,Lagos,MRI Machine,MedTech Co.,USA
9012,6,300,2024-03-10,General Hospital,Rivers,CT Scanner,TechHealth Inc.,Canada
9013,15,250,2024-03-15,Central Clinic,Ogun,Ultrasound,HealthEquip Ltd.,UK
9014,4,450,2024-03-20,Healing Touch Hospital,Enugu,MRI Machine,Radiant Suppliers,China
9015,25,180,2024-03-25,Sunshine Medical,Lagos,X-Ray Machine,MedTech Co.,USA
9016,18,600,2024-03-30,Hope Clinic,Kano,CT Scanner,HealthEquip Ltd.,UK
9017,14,150,2024-04-04,Metro Medical Center,Abuja,Ultrasound,TechHealth Inc.,Canada
9018,11,200,2024-04-09,State Medical Center,Oyo,MRI Machine,MedTech Co.,USA
9019,30,400,2024-04-14,General Clinic,Lagos,CT Scanner,HealthEquip Ltd.,UK
9020,10,150,2024-04-19,City Hospital,Rivers,Ultrasound,TechHealth Inc.,Canada
9021,12,350,2024-04-24,Hope Hospital,Abuja,MRI Machine,Radiant Suppliers,China
9022,10,450,2024-04-29,Healing Hands Hospital,Enugu,X-Ray Machine,HealthEquip Ltd.,UK
9023,5,600,2024-05-04,Central Hospital,Kaduna,Ultrasound,MedTech Co.,USA
9024,20,120,2024-05-09,State Hospital,Oyo,X-Ray Machine,Radiant Suppliers,China
9025,15,330,2024-05-14,City Medical Center,Lagos,MRI Machine,TechHealth Inc.,Canada
9026,10,450,2024-05-19,Central Hospital,Rivers,Ultrasound,HealthEquip Ltd.,UK
9027,7,200,2024-05-24,Metro Hospital,Abuja,X-Ray Machine,Radiant Suppliers,China
9028,25,280,2024-05-29,Hope Clinic,Kano,CT Scanner,TechHealth Inc.,Canada
9029,30,400,2024-06-03,Sunshine Hospital,Lagos,MRI Machine,MedTech Co.,USA
9030,15,170,2024-06-08,General Hospital,Enugu,Ultrasound,HealthEquip Ltd.,UK
9031,12,300,2024-06-13,State Medical Center,Oyo,CT Scanner,MedTech Co.,USA
9032,6,400,2024-06-18,Healing Hands Hospital,Rivers,MRI Machine,HealthEquip Ltd.,Canada
9033,8,250,2024-06-23,Metro Medical Center,Abuja,X-Ray Machine,TechHealth Inc.,UK
9034,14,150,2024-06-28,Central Clinic,Kaduna,Ultrasound,MedTech Co.,China
9035,25,220,2024-07-03,Community Hospital,Lagos,MRI Machine,MedTech Co.,USA
9036,18,600,2024-07-08,Sunshine Medical,Kano,CT Scanner,HealthEquip Ltd.,UK
9037,10,150,2024-07-13,Hope Hospital,Enugu,Ultrasound,Radiant Suppliers,China
9038,11,300,2024-07-18,City Medical Center,Oyo,X-Ray Machine,HealthEquip Ltd.,UK
9039,25,320,2024-07-23,State Hospital,Lagos,MRI Machine,Radiant Suppliers,China
9040,12,400,2024-07-28,General Hospital,Kaduna,CT Scanner,HealthEquip Ltd.,UK
9041,30,200,2024-08-02,Healing Touch Hospital,Rivers,X-Ray Machine,Radiant Suppliers,China
9042,15,150,2024-08-07,Metro Hospital,Abuja,Ultrasound,TechHealth Inc.,Canada
9043,20,350,2024-08-12,Central Hospital,Enugu,MRI Machine,MedTech Co.,USA
9044,5,450,2024-08-17,Sunshine Hospital,Lagos,CT Scanner,HealthEquip Ltd.,UK
9045,10,250,2024-08-22,Community Hospital,Abuja,Ultrasound,Radiant Suppliers,China
9046,14,150,2024-08-27,Hope Clinic,Kano,MRI Machine,TechHealth Inc.,Canada
9047,20,300,2024-09-01,Healing Hands Hospital,Lagos,Defibrillator,SoloSupplier Inc.,UK
9048,5,750,2024-09-06,City Hospital,Rivers,Ventilator,ExclusiveTech Ltd.,Germany
9049,10,400,2024-09-11,Metro Medical Center,Abuja,Surgical Table,HealthEquip Ltd.,UK
9050,12,200,2024-09-16,State Hospital,Oyo,MRI Machine,MedTech Co.,USA
9051,10,250,2024-01-15,General Hospital,Lagos,MRI Machine,MedTech Co.,USA
9052,5,200,2024-01-20,City Hospital,Abuja,MRI Machine,HealthEquip Ltd.,UK
9053,20,150,2024-01-25,Central Hospital,Rivers,X-Ray Machine,Radiant Suppliers,China
9054,15,300,2024-01-30,Sunshine Hospital,Lagos,CT Scanner,TechHealth Inc.,Canada
9055,8,500,2024-02-04,Community Hospital,Kaduna,Ultrasound,HealthEquip Ltd.,UK
9056,12,180,2024-02-09,Healing Hands Hospital,Enugu,X-Ray Machine,Radiant Suppliers,China
9057,25,220,2024-02-14,Hope Hospital,Kano,MRI Machine,MedTech Co.,USA
9058,30,320,2024-02-19,Unity Hospital,Lagos,CT Scanner,TechHealth Inc.,Canada
9059,10,550,2024-02-24,Metro Hospital,Abuja,Ultrasound,HealthEquip Ltd.,UK
9060,50,130,2024-02-29,State Hospital,Oyo,X-Ray Machine,Radiant Suppliers,China
9061,20,270,2024-03-05,City Medical Center,Lagos,MRI Machine,MedTech Co.,USA
9062,6,300,2024-03-10,General Hospital,Rivers,CT Scanner,TechHealth Inc.,Canada
9063,15,250,2024-03-15,Central Clinic,Ogun,Ultrasound,HealthEquip Ltd.,UK
9064,4,450,2024-03-20,Healing Touch Hospital,Enugu,MRI Machine,Radiant Suppliers,China
9065,25,180,2024-03-25,Sunshine Medical,Lagos,X-Ray Machine,MedTech Co.,USA
9066,18,600,2024-03-30,Hope Clinic,Kano,CT Scanner,HealthEquip Ltd.,UK
9067,14,150,2024-04-04,Metro Medical Center,Abuja,Ultrasound,TechHealth Inc.,Canada
9068,11,200,2024-04-09,State Medical Center,Oyo,MRI Machine,MedTech Co.,USA
9069,30,400,2024-04-14,General Clinic,Lagos,CT Scanner,HealthEquip Ltd.,UK
9070,10,150,2024-04-19,City Hospital,Rivers,Ultrasound,TechHealth Inc.,Canada
9071,12,350,2024-04-24,Hope Hospital,Abuja,MRI Machine,Radiant Suppliers,China
9072,10,450,2024-04-29,Healing Hands Hospital,Enugu,X-Ray Machine,HealthEquip Ltd.,UK
9073,5,600,2024-05-04,Central Hospital,Kaduna,Ultrasound,MedTech Co.,USA
9074,20,120,2024-05-09,State Hospital,Oyo,X-Ray Machine,Radiant Suppliers,China
9075,15,330,2024-05-14,City Medical Center,Lagos,MRI Machine,TechHealth Inc.,Canada
9076,10,450,2024-05-19,Central Hospital,Rivers,Ultrasound,HealthEquip Ltd.,UK
9077,7,200,2024-05-24,Metro Hospital,Abuja,X-Ray Machine,Radiant Suppliers,China
9078,25,280,2024-05-29,Hope Clinic,Kano,CT Scanner,TechHealth Inc.,Canada
9079,30,400,2024-06-03,Sunshine Hospital,Lagos,MRI Machine,MedTech Co.,USA
9080,15,170,2024-06-08,General Hospital,Enugu,Ultrasound,HealthEquip Ltd.,UK
9081,12,300,2024-06-13,State Medical Center,Oyo,CT Scanner,MedTech Co.,USA
9082,6,400,2024-06-18,Healing Hands Hospital,Rivers,MRI Machine,HealthEquip Ltd.,Canada
9083,8,250,2024-06-23,Metro Medical Center,Abuja,X-Ray Machine,TechHealth Inc.,UK
9084,14,150,2024-06-28,Central Clinic,Kaduna,Ultrasound,MedTech Co.,China
9085,25,220,2024-07-03,Community Hospital,Lagos,MRI Machine,MedTech Co.,USA
9086,18,600,2024-07-08,Sunshine Medical,Kano,CT Scanner,HealthEquip Ltd.,UK
9087,10,150,2024-07-13,Hope Hospital,Enugu,Ultrasound,Radiant Suppliers,China
9088,11,300,2024-07-18,City Medical Center,Oyo,X-Ray Machine,HealthEquip Ltd.,UK
9089,25,320,2024-07-23,State Hospital,Lagos,MRI Machine,Radiant Suppliers,China
9090,12,400,2024-07-28,General Hospital,Kaduna,CT Scanner,HealthEquip Ltd.,UK
9091,30,200,2024-08-02,Healing Touch Hospital,Rivers,X-Ray Machine,Radiant Suppliers,China
9092,15,150,2024-08-07,Metro Hospital,Abuja,Ultrasound,TechHealth Inc.,Canada
9093,20,350,2024-08-12,Central Hospital,Enugu,MRI Machine,MedTech Co.,USA
9094,5,450,2024-08-17,Sunshine Hospital,Lagos,CT Scanner,HealthEquip Ltd.,UK
9095,10,250,2024-08-22,Community Hospital,Abuja,Ultrasound,Radiant Suppliers,China
9096,14,150,2024-08-27,Hope Clinic,Kano,MRI Machine,TechHealth Inc.,Canada
9097,20,300,2024-09-01,Healing Hands Hospital,Lagos,Defibrillator,SoloSupplier Inc.,UK
9098,5,750,2024-09-06,City Hospital,Rivers,Ventilator,ExclusiveTech Ltd.,Germany
9099,10,400,2024-09-11,Metro Medical Center,Abuja,Surgical Table,HealthEquip Ltd.,UK
9100,12,200,2024-09-16,State Hospital,Oyo,MRI Machine,MedTech Co.,USA
9101,10,250,2024-01-15,General Hospital,Lagos,MRI Machine,MedTech Co.,USA
9102,5,200,2024-01-20,City Hospital,Abuja,MRI Machine,HealthEquip Ltd.,UK
9103,20,150,2024-01-25,Central Hospital,Rivers,X-Ray Machine,Radiant Suppliers,China
9104,15,300,2024-01-30,Sunshine Hospital,Lagos,CT Scanner,TechHealth Inc.,Canada
9105,8,500,2024-02-04,Community Hospital,Kaduna,Ultrasound,HealthEquip Ltd.,UK
9106,12,180,2024-02-09,Healing Hands Hospital,Enugu,X-Ray Machine,Radiant Suppliers,China
9107,25,220,2024-02-14,Hope Hospital,Kano,MRI Machine,MedTech Co.,USA
9108,30,320,2024-02-19,Unity Hospital,Lagos,CT Scanner,TechHealth Inc.,Canada
9109,10,550,2024-02-24,Metro Hospital,Abuja,Ultrasound,HealthEquip Ltd.,UK
9110,50,130,2024-02-29,State Hospital,Oyo,X-Ray Machine,Radiant Suppliers,China
9111,20,270,2024-03-05,City Medical Center,Lagos,MRI Machine,MedTech Co.,USA
9112,6,300,2024-03-10,General Hospital,Rivers,CT Scanner,TechHealth Inc.,Canada
9113,15,250,2024-03-15,Central Clinic,Ogun,Ultrasound,HealthEquip Ltd.,UK
9114,4,450,2024-03-20,Healing Touch Hospital,Enugu,MRI Machine,Radiant Suppliers,China
9115,25,180,2024-03-25,Sunshine Medical,Lagos,X-Ray Machine,MedTech Co.,USA
9116,18,600,2024-03-30,Hope Clinic,Kano,CT Scanner,HealthEquip Ltd.,UK
9117,14,150,2024-04-04,Metro Medical Center,Abuja,Ultrasound,TechHealth Inc.,Canada
9118,11,200,2024-04-09,State Medical Center,Oyo,MRI Machine,MedTech Co.,USA
9119,30,400,2024-04-14,General Clinic,Lagos,CT Scanner,HealthEquip Ltd.,UK
9120,10,150,2024-04-19,City Hospital,Rivers,Ultrasound,TechHealth Inc.,Canada
9121,12,350,2024-04-24,Hope Hospital,Abuja,MRI Machine,Radiant Suppliers,China
9122,10,450,2024-04-29,Healing Hands Hospital,Enugu,X-Ray Machine,HealthEquip Ltd.,UK
9123,5,600,2024-05-04,Central Hospital,Kaduna,Ultrasound,MedTech Co.,USA
9124,20,120,2024-05-09,State Hospital,Oyo,X-Ray Machine,Radiant Suppliers,China
9125,15,330,2024-05-14,City Medical Center,Lagos,MRI Machine,TechHealth Inc.,Canada
9126,10,450,2024-05-19,Central Hospital,Rivers,Ultrasound,HealthEquip Ltd.,UK
9127,7,200,2024-05-24,Metro Hospital,Abuja,X-Ray Machine,Radiant Suppliers,China
9128,25,280,2024-05-29,Hope Clinic,Kano,CT Scanner,TechHealth Inc.,Canada
9129,30,400,2024-06-03,Sunshine Hospital,Lagos,MRI Machine,MedTech Co.,USA
9130,15,170,2024-06-08,General Hospital,Enugu,Ultrasound,HealthEquip Ltd.,UK
9131,12,300,2024-06-13,State Medical Center,Oyo,CT Scanner,MedTech Co.,USA
9132,6,400,2024-06-18,Healing Hands Hospital,Rivers,MRI Machine,HealthEquip Ltd.,Canada
9133,8,250,2024-06-23,Metro Medical Center,Abuja,X-Ray Machine,TechHealth Inc.,UK
9134,14,150,2024-06-28,Central Clinic,Kaduna,Ultrasound,MedTech Co.,China
9135,25,220,2024-07-03,Community Hospital,Lagos,MRI Machine,MedTech Co.,USA
9136,18,600,2024-07-08,Sunshine Medical,Kano,CT Scanner,HealthEquip Ltd.,UK
9137,10,150,2024-07-13,Hope Hospital,Enugu,Ultrasound,Radiant Suppliers,China
9138,11,300,2024-07-18,City Medical Center,Oyo,X-Ray Machine,HealthEquip Ltd.,UK
9139,25,320,2024-07-23,State Hospital,Lagos,MRI Machine,Radiant Suppliers,China
9140,12,400,2024-07-28,General Hospital,Kaduna,CT Scanner,HealthEquip Ltd.,UK
9141,30,200,2024-08-02,Healing Touch Hospital,Rivers,X-Ray Machine,Radiant Suppliers,China
9142,15,150,2024-08-07,Metro Hospital,Abuja,Ultrasound,TechHealth Inc.,Canada
9143,20,350,2024-08-12,Central Hospital,Enugu,MRI Machine,MedTech Co.,USA
9144,5,450,2024-08-17,Sunshine Hospital,Lagos,CT Scanner,HealthEquip Ltd.,UK
9145,10,250,2024-08-22,Community Hospital,Abuja,Ultrasound,Radiant Suppliers,China
9146,14,150,2024-08-27,Hope Clinic,Kano,MRI Machine,TechHealth Inc.,Canada
9147,20,300,2024-09-01,Healing Hands Hospital,Lagos,Defibrillator,SoloSupplier Inc.,UK
9148,5,750,2024-09-06,City Hospital,Rivers,Ventilator,ExclusiveTech Ltd.,Germany
9149,10,400,2024-09-11,Metro Medical Center,Abuja,Surgical Table,HealthEquip Ltd.,UK
9150,12,200,2024-09-16,State Hospital,Oyo,MRI Machine,MedTech Co.,USA
9151,10,250,2024-01-15,General Hospital,Lagos,MRI Machine,MedTech Co.,USA
9152,5,200,2024-01-20,City Hospital,Abuja,MRI Machine,HealthEquip Ltd.,UK
9153,20,150,2024-01-25,Central Hospital,Rivers,X-Ray Machine,Radiant Suppliers,China
9154,15,300,2024-01-30,Sunshine Hospital,Lagos,CT Scanner,TechHealth Inc.,Canada
9155,8,500,2024-02-04,Community Hospital,Kaduna,Ultrasound,HealthEquip Ltd.,UK
9156,12,180,2024-02-09,Healing Hands Hospital,Enugu,X-Ray Machine,Radiant Suppliers,China
9157,25,220,2024-02-14,Hope Hospital,Kano,MRI Machine,MedTech Co.,USA
9158,30,320,2024-02-19,Unity Hospital,Lagos,CT Scanner,TechHealth Inc.,Canada
9159,10,550,2024-02-24,Metro Hospital,Abuja,Ultrasound,HealthEquip Ltd.,UK
9160,50,130,2024-02-29,State Hospital,Oyo,X-Ray Machine,Radiant Suppliers,China
9161,20,270,2024-03-05,City Medical Center,Lagos,MRI Machine,MedTech Co.,USA
9162,6,300,2024-03-10,General Hospital,Rivers,CT Scanner,TechHealth Inc.,Canada
9163,15,250,2024-03-15,Central Clinic,Ogun,Ultrasound,HealthEquip Ltd.,UK
9164,4,450,2024-03-20,Healing Touch Hospital,Enugu,MRI Machine,Radiant Suppliers,China
9165,25,180,2024-03-25,Sunshine Medical,Lagos,X-Ray Machine,MedTech Co.,USA
9166,18,600,2024-03-30,Hope Clinic,Kano,CT Scanner,HealthEquip Ltd.,UK
9167,14,150,2024-04-04,Metro Medical Center,Abuja,Ultrasound,TechHealth Inc.,Canada
9168,11,200,2024-04-09,State Medical Center,Oyo,MRI Machine,MedTech Co.,USA
9169,30,400,2024-04-14,General Clinic,Lagos,CT Scanner,HealthEquip Ltd.,UK
9170,10,150,2024-04-19,City Hospital,Rivers,Ultrasound,TechHealth Inc.,Canada
9171,12,350,2024-04-24,Hope Hospital,Abuja,MRI Machine,Radiant Suppliers,China
9172,10,450,2024-04-29,Healing Hands Hospital,Enugu,X-Ray Machine,HealthEquip Ltd.,UK
9173,5,600,2024-05-04,Central Hospital,Kaduna,Ultrasound,MedTech Co.,USA
9174,20,120,2024-05-09,State Hospital,Oyo,X-Ray Machine,Radiant Suppliers,China
9175,15,330,2024-05-14,City Medical Center,Lagos,MRI Machine,TechHealth Inc.,Canada
9176,10,450,2024-05-19,Central Hospital,Rivers,Ultrasound,HealthEquip Ltd.,UK
9177,7,200,2024-05-24,Metro Hospital,Abuja,X-Ray Machine,Radiant Suppliers,China
9178,25,280,2024-05-29,Hope Clinic,Kano,CT Scanner,TechHealth Inc.,Canada
9179,30,400,2024-06-03,Sunshine Hospital,Lagos,MRI Machine,MedTech Co.,USA
9180,15,170,2024-06-08,General Hospital,Enugu,Ultrasound,HealthEquip Ltd.,UK
9181,12,300,2024-06-13,State Medical Center,Oyo,CT Scanner,MedTech Co.,USA
9182,6,400,2024-06-18,Healing Hands Hospital,Rivers,MRI Machine,HealthEquip Ltd.,Canada
9183,8,250,2024-06-23,Metro Medical Center,Abuja,X-Ray Machine,TechHealth Inc.,UK
9184,14,150,2024-06-28,Central Clinic,Kaduna,Ultrasound,MedTech Co.,China
9185,25,220,2024-07-03,Community Hospital,Lagos,MRI Machine,MedTech Co.,USA
9186,18,600,2024-07-08,Sunshine Medical,Kano,CT Scanner,HealthEquip Ltd.,UK
9187,10,150,2024-07-13,Hope Hospital,Enugu,Ultrasound,Radiant Suppliers,China
9188,11,300,2024-07-18,City Medical Center,Oyo,X-Ray Machine,HealthEquip Ltd.,UK
9189,25,320,2024-07-23,State Hospital,Lagos,MRI Machine,Radiant Suppliers,China
9190,12,400,2024-07-28,General Hospital,Kaduna,CT Scanner,HealthEquip Ltd.,UK
9191,30,200,2024-08-02,Healing Touch Hospital,Rivers,X-Ray Machine,Radiant Suppliers,China
9192,15,150,2024-08-07,Metro Hospital,Abuja,Ultrasound,TechHealth Inc.,Canada
9193,20,350,2024-08-12,Central Hospital,Enugu,MRI Machine,MedTech Co.,USA
9194,5,450,2024-08-17,Sunshine Hospital,Lagos,CT Scanner,HealthEquip Ltd.,UK
9195,10,250,2024-08-22,Community Hospital,Abuja,Ultrasound,Radiant Suppliers,China
9196,14,150,2024-08-27,Hope Clinic,Kano,MRI Machine,TechHealth Inc.,Canada
9197,20,300,2024-09-01,Healing Hands Hospital,Lagos,Defibrillator,SoloSupplier Inc.,UK
9198,5,750,2024-09-06,City Hospital,Rivers,Ventilator,ExclusiveTech Ltd.,Germany
9199,10,400,2024-09-11,Metro Medical Center,Abuja,Surgical Table,HealthEquip Ltd.,UK
9200,12,200,2024-09-16,State Hospital,Oyo,MRI Machine,MedTech Co.,USA
9201,10,250,2024-01-15,General Hospital,Lagos,MRI Machine,MedTech Co.,USA
9202,5,200,2024-01-20,City Hospital,Abuja,MRI Machine,HealthEquip Ltd.,UK
9203,20,150,2024-01-25,Central Hospital,Rivers,X-Ray Machine,Radiant Suppliers,China
9204,15,300,2024-01-30,Sunshine Hospital,Lagos,CT Scanner,TechHealth Inc.,Canada
9205,8,500,2024-02-04,Community Hospital,Kaduna,Ultrasound,HealthEquip Ltd.,UK
9206,12,180,2024-02-09,Healing Hands Hospital,Enugu,X-Ray Machine,Radiant Suppliers,China
9207,25,220,2024-02-14,Hope Hospital,Kano,MRI Machine,MedTech Co.,USA
9208,30,320,2024-02-19,Unity Hospital,Lagos,CT Scanner,TechHealth Inc.,Canada
9209,10,550,2024-02-24,Metro Hospital,Abuja,Ultrasound,HealthEquip Ltd.,UK
9210,50,130,2024-02-29,State Hospital,Oyo,X-Ray Machine,Radiant Suppliers,China
9211,20,270,2024-03-05,City Medical Center,Lagos,MRI Machine,MedTech Co.,USA
9212,6,300,2024-03-10,General Hospital,Rivers,CT Scanner,TechHealth Inc.,Canada
9213,15,250,2024-03-15,Central Clinic,Ogun,Ultrasound,HealthEquip Ltd.,UK
9214,4,450,2024-03-20,Healing Touch Hospital,Enugu,MRI Machine,Radiant Suppliers,China
9215,25,180,2024-03-25,Sunshine Medical,Lagos,X-Ray Machine,MedTech Co.,USA
9216,18,600,2024-03-30,Hope Clinic,Kano,CT Scanner,HealthEquip Ltd.,UK
9217,14,150,2024-04-04,Metro Medical Center,Abuja,Ultrasound,TechHealth Inc.,Canada
9218,11,200,2024-04-09,State Medical Center,Oyo,MRI Machine,MedTech Co.,USA
9219,30,400,2024-04-14,General Clinic,Lagos,CT Scanner,HealthEquip Ltd.,UK
9220,10,150,2024-04-19,City Hospital,Rivers,Ultrasound,TechHealth Inc.,Canada
9221,12,350,2024-04-24,Hope Hospital,Abuja,MRI Machine,Radiant Suppliers,China
9222,10,450,2024-04-29,Healing Hands Hospital,Enugu,X-Ray Machine,HealthEquip Ltd.,UK
9223,5,600,2024-05-04,Central Hospital,Kaduna,Ultrasound,MedTech Co.,USA
9224,20,120,2024-05-09,State Hospital,Oyo,X-Ray Machine,Radiant Suppliers,China
9225,15,330,2024-05-14,City Medical Center,Lagos,MRI Machine,TechHealth Inc.,Canada
9226,10,450,2024-05-19,Central Hospital,Rivers,Ultrasound,HealthEquip Ltd.,UK
9227,7,200,2024-05-24,Metro Hospital,Abuja,X-Ray Machine,Radiant Suppliers,China
9228,25,280,2024-05-29,Hope Clinic,Kano,CT Scanner,TechHealth Inc.,Canada
9229,30,400,2024-06-03,Sunshine Hospital,Lagos,MRI Machine,MedTech Co.,USA
9230,15,170,2024-06-08,General Hospital,Enugu,Ultrasound,HealthEquip Ltd.,UK
9231,12,300,2024-06-13,State Medical Center,Oyo,CT Scanner,MedTech Co.,USA
9232,6,400,2024-06-18,Healing Hands Hospital,Rivers,MRI Machine,HealthEquip Ltd.,Canada
9233,8,250,2024-06-23,Metro Medical Center,Abuja,X-Ray Machine,TechHealth Inc.,UK
9234,14,150,2024-06-28,Central Clinic,Kaduna,Ultrasound,MedTech Co.,China
9235,25,220,2024-07-03,Community Hospital,Lagos,MRI Machine,MedTech Co.,USA
9236,18,600,2024-07-08,Sunshine Medical,Kano,CT Scanner,HealthEquip Ltd.,UK
9237,10,150,2024-07-13,Hope Hospital,Enugu,Ultrasound,Radiant Suppliers,China
9238,11,300,2024-07-18,City Medical Center,Oyo,X-Ray Machine,HealthEquip Ltd.,UK
9239,25,320,2024-07-23,State Hospital,Lagos,MRI Machine,Radiant Suppliers,China
9240,12,400,2024-07-28,General Hospital,Kaduna,CT Scanner,HealthEquip Ltd.,UK
9241,30,200,2024-08-02,Healing Touch Hospital,Rivers,X-Ray Machine,Radiant Suppliers,China
9242,15,150,2024-08-07,Metro Hospital,Abuja,Ultrasound,TechHealth Inc.,Canada
9243,20,350,2024-08-12,Central Hospital,Enugu,MRI Machine,MedTech Co.,USA
9244,5,450,2024-08-17,Sunshine Hospital,Lagos,CT Scanner,HealthEquip Ltd.,UK
9245,10,250,2024-08-22,Community Hospital,Abuja,Ultrasound,Radiant Suppliers,China
9246,14,150,2024-08-27,Hope Clinic,Kano,MRI Machine,TechHealth Inc.,Canada
9247,20,300,2024-09-01,Healing Hands Hospital,Lagos,Defibrillator,SoloSupplier Inc.,UK
9248,5,750,2024-09-06,City Hospital,Rivers,Ventilator,ExclusiveTech Ltd.,Germany
9249,10,400,2024-09-11,Metro Medical Center,Abuja,Surgical Table,HealthEquip Ltd.,UK
9250,12,200,2024-09-16,State Hospital,Oyo,MRI Machine,MedTech Co.,USA
9251,10,250,2024-01-15,General Hospital,Lagos,MRI Machine,MedTech Co.,USA
9252,5,200,2024-01-20,City Hospital,Abuja,MRI Machine,HealthEquip Ltd.,UK
9253,20,150,2024-01-25,Central Hospital,Rivers,X-Ray Machine,Radiant Suppliers,China
9254,15,300,2024-01-30,Sunshine Hospital,Lagos,CT Scanner,TechHealth Inc.,Canada
9255,8,500,2024-02-04,Community Hospital,Kaduna,Ultrasound,HealthEquip Ltd.,UK
9256,12,180,2024-02-09,Healing Hands Hospital,Enugu,X-Ray Machine,Radiant Suppliers,China
9257,25,220,2024-02-14,Hope Hospital,Kano,MRI Machine,MedTech Co.,USA
9258,30,320,2024-02-19,Unity Hospital,Lagos,CT Scanner,TechHealth Inc.,Canada
9259,10,550,2024-02-24,Metro Hospital,Abuja,Ultrasound,HealthEquip Ltd.,UK
9260,50,130,2024-02-29,State Hospital,Oyo,X-Ray Machine,Radiant Suppliers,China
9261,20,270,2024-03-05,City Medical Center,Lagos,MRI Machine,MedTech Co.,USA
9262,6,300,2024-03-10,General Hospital,Rivers,CT Scanner,TechHealth Inc.,Canada
9263,15,250,2024-03-15,Central Clinic,Ogun,Ultrasound,HealthEquip Ltd.,UK
9264,4,450,2024-03-20,Healing Touch Hospital,Enugu,MRI Machine,Radiant Suppliers,China
9265,25,180,2024-03-25,Sunshine Medical,Lagos,X-Ray Machine,MedTech Co.,USA
9266,18,600,2024-03-30,Hope Clinic,Kano,CT Scanner,HealthEquip Ltd.,UK
9267,14,150,2024-04-04,Metro Medical Center,Abuja,Ultrasound,TechHealth Inc.,Canada
9268,11,200,2024-04-09,State Medical Center,Oyo,MRI Machine,MedTech Co.,USA
9269,30,400,2024-04-14,General Clinic,Lagos,CT Scanner,HealthEquip Ltd.,UK
9270,10,150,2024-04-19,City Hospital,Rivers,Ultrasound,TechHealth Inc.,Canada
9271,12,350,2024-04-24,Hope Hospital,Abuja,MRI Machine,Radiant Suppliers,China
9272,10,450,2024-04-29,Healing Hands Hospital,Enugu,X-Ray Machine,HealthEquip Ltd.,UK
9273,5,600,2024-05-04,Central Hospital,Kaduna,Ultrasound,MedTech Co.,USA
9274,20,120,2024-05-09,State Hospital,Oyo,X-Ray Machine,Radiant Suppliers,China
9275,15,330,2024-05-14,City Medical Center,Lagos,MRI Machine,TechHealth Inc.,Canada
9276,10,450,2024-05-19,Central Hospital,Rivers,Ultrasound,HealthEquip Ltd.,UK
9277,7,200,2024-05-24,Metro Hospital,Abuja,X-Ray Machine,Radiant Suppliers,China
9278,25,280,2024-05-29,Hope Clinic,Kano,CT Scanner,TechHealth Inc.,Canada
9279,30,400,2024-06-03,Sunshine Hospital,Lagos,MRI Machine,MedTech Co.,USA
9280,15,170,2024-06-08,General Hospital,Enugu,Ultrasound,HealthEquip Ltd.,UK
9281,12,300,2024-06-13,State Medical Center,Oyo,CT Scanner,MedTech Co.,USA
9282,6,400,2024-06-18,Healing Hands Hospital,Rivers,MRI Machine,HealthEquip Ltd.,Canada
9283,8,250,2024-06-23,Metro Medical Center,Abuja,X-Ray Machine,TechHealth Inc.,UK
9284,14,150,2024-06-28,Central Clinic,Kaduna,Ultrasound,MedTech Co.,China
9285,25,220,2024-07-03,Community Hospital,Lagos,MRI Machine,MedTech Co.,USA
9286,18,600,2024-07-08,Sunshine Medical,Kano,CT Scanner,HealthEquip Ltd.,UK
9287,10,150,2024-07-13,Hope Hospital,Enugu,Ultrasound,Radiant Suppliers,China
9288,11,300,2024-07-18,City Medical Center,Oyo,X-Ray Machine,HealthEquip Ltd.,UK
9289,25,320,2024-07-23,State Hospital,Lagos,MRI Machine,Radiant Suppliers,China
9290,12,400,2024-07-28,General Hospital,Kaduna,CT Scanner,HealthEquip Ltd.,UK
9291,30,200,2024-08-02,Healing Touch Hospital,Rivers,X-Ray Machine,Radiant Suppliers,China
9292,15,150,2024-08-07,Metro Hospital,Abuja,Ultrasound,TechHealth Inc.,Canada
9293,20,350,2024-08-12,Central Hospital,Enugu,MRI Machine,MedTech Co.,USA
9294,5,450,2024-08-17,Sunshine Hospital,Lagos,CT Scanner,HealthEquip Ltd.,UK
9295,10,250,2024-08-22,Community Hospital,Abuja,Ultrasound,Radiant Suppliers,China
9296,14,150,2024-08-27,Hope Clinic,Kano,MRI Machine,TechHealth Inc.,Canada
9297,20,300,2024-09-01,Healing Hands Hospital,Lagos,Defibrillator,SoloSupplier Inc.,UK
9298,5,750,2024-09-06,City Hospital,Rivers,Ventilator,ExclusiveTech Ltd.,Germany
9299,10,400,2024-09-11,Metro Medical Center,Abuja,Surgical Table,HealthEquip Ltd.,UK
9300,12,200,2024-09-16,State Hospital,Oyo,MRI Machine,MedTech Co.,USA
9301,10,250,2024-01-15,General Hospital,Lagos,MRI Machine,MedTech Co.,USA
9302,5,200,2024-01-20,City Hospital,Abuja,MRI Machine,HealthEquip Ltd.,UK
9303,20,150,2024-01-25,Central Hospital,Rivers,X-Ray Machine,Radiant Suppliers,China
9304,15,300,2024-01-30,Sunshine Hospital,Lagos,CT Scanner,TechHealth Inc.,Canada
9305,8,500,2024-02-04,Community Hospital,Kaduna,Ultrasound,HealthEquip Ltd.,UK
9306,12,180,2024-02-09,Healing Hands Hospital,Enugu,X-Ray Machine,Radiant Suppliers,China
9307,25,220,2024-02-14,Hope Hospital,Kano,MRI Machine,MedTech Co.,USA
9308,30,320,2024-02-19,Unity Hospital,Lagos,CT Scanner,TechHealth Inc.,Canada
9309,10,550,2024-02-24,Metro Hospital,Abuja,Ultrasound,HealthEquip Ltd.,UK
9310,50,130,2024-02-29,State Hospital,Oyo,X-Ray Machine,Radiant Suppliers,China
9311,20,270,2024-03-05,City Medical Center,Lagos,MRI Machine,MedTech Co.,USA
9312,6,300,2024-03-10,General Hospital,Rivers,CT Scanner,TechHealth Inc.,Canada
9313,15,250,2024-03-15,Central Clinic,Ogun,Ultrasound,HealthEquip Ltd.,UK
9314,4,450,2024-03-20,Healing Touch Hospital,Enugu,MRI Machine,Radiant Suppliers,China
9315,25,180,2024-03-25,Sunshine Medical,Lagos,X-Ray Machine,MedTech Co.,USA
9316,18,600,2024-03-30,Hope Clinic,Kano,CT Scanner,HealthEquip Ltd.,UK
9317,14,150,2024-04-04,Metro Medical Center,Abuja,Ultrasound,TechHealth Inc.,Canada
9318,11,200,2024-04-09,State Medical Center,Oyo,MRI Machine,MedTech Co.,USA
9319,30,400,2024-04-14,General Clinic,Lagos,CT Scanner,HealthEquip Ltd.,UK
9320,10,150,2024-04-19,City Hospital,Rivers,Ultrasound,TechHealth Inc.,Canada
9321,12,350,2024-04-24,Hope Hospital,Abuja,MRI Machine,Radiant Suppliers,China
9322,10,450,2024-04-29,Healing Hands Hospital,Enugu,X-Ray Machine,HealthEquip Ltd.,UK
9323,5,600,2024-05-04,Central Hospital,Kaduna,Ultrasound,MedTech Co.,USA
9324,20,120,2024-05-09,State Hospital,Oyo,X-Ray Machine,Radiant Suppliers,China
9325,15,330,2024-05-14,City Medical Center,Lagos,MRI Machine,TechHealth Inc.,Canada
9326,10,450,2024-05-19,Central Hospital,Rivers,Ultrasound,HealthEquip Ltd.,UK
9327,7,200,2024-05-24,Metro Hospital,Abuja,X-Ray Machine,Radiant Suppliers,China
9328,25,280,2024-05-29,Hope Clinic,Kano,CT Scanner,TechHealth Inc.,Canada
9329,30,400,2024-06-03,Sunshine Hospital,Lagos,MRI Machine,MedTech Co.,USA
9330,15,170,2024-06-08,General Hospital,Enugu,Ultrasound,HealthEquip Ltd.,UK
9331,12,300,2024-06-13,State Medical Center,Oyo,CT Scanner,MedTech Co.,USA
9332,6,400,2024-06-18,Healing Hands Hospital,Rivers,MRI Machine,HealthEquip Ltd.,Canada
9333,8,250,2024-06-23,Metro Medical Center,Abuja,X-Ray Machine,TechHealth Inc.,UK
9334,14,150,2024-06-28,Central Clinic,Kaduna,Ultrasound,MedTech Co.,China
9335,25,220,2024-07-03,Community Hospital,Lagos,MRI Machine,MedTech Co.,USA
9336,18,600,2024-07-08,Sunshine Medical,Kano,CT Scanner,HealthEquip Ltd.,UK
9337,10,150,2024-07-13,Hope Hospital,Enugu,Ultrasound,Radiant Suppliers,China
9338,11,300,2024-07-18,City Medical Center,Oyo,X-Ray Machine,HealthEquip Ltd.,UK
9339,25,320,2024-07-23,State Hospital,Lagos,MRI Machine,Radiant Suppliers,China
9340,12,400,2024-07-28,General Hospital,Kaduna,CT Scanner,HealthEquip Ltd.,UK
9341,30,200,2024-08-02,Healing Touch Hospital,Rivers,X-Ray Machine,Radiant Suppliers,China
9342,15,150,2024-08-07,Metro Hospital,Abuja,Ultrasound,TechHealth Inc.,Canada
9343,20,350,2024-08-12,Central Hospital,Enugu,MRI Machine,MedTech Co.,USA
9344,5,450,2024-08-17,Sunshine Hospital,Lagos,CT Scanner,HealthEquip Ltd.,UK
9345,10,250,2024-08-22,Community Hospital,Abuja,Ultrasound,Radiant Suppliers,China
9346,14,150,2024-08-27,Hope Clinic,Kano,MRI Machine,TechHealth Inc.,Canada
9347,20,300,2024-09-01,Healing Hands Hospital,Lagos,Defibrillator,SoloSupplier Inc.,UK
9348,5,750,2024-09-06,City Hospital,Rivers,Ventilator,ExclusiveTech Ltd.,Germany
9349,10,400,2024-09-11,Metro Medical Center,Abuja,Surgical Table,HealthEquip Ltd.,UK
9350,12,200,2024-09-16,State Hospital,Oyo,MRI Machine,MedTech Co.,USA
9351,10,250,2024-01-15,General Hospital,Lagos,MRI Machine,MedTech Co.,USA
9352,5,200,2024-01-20,City Hospital,Abuja,MRI Machine,HealthEquip Ltd.,UK
9353,20,150,2024-01-25,Central Hospital,Rivers,X-Ray Machine,Radiant Suppliers,China
9354,15,300,2024-01-30,Sunshine Hospital,Lagos,CT Scanner,TechHealth Inc.,Canada
9355,8,500,2024-02-04,Community Hospital,Kaduna,Ultrasound,HealthEquip Ltd.,UK
9356,12,180,2024-02-09,Healing Hands Hospital,Enugu,X-Ray Machine,Radiant Suppliers,China
9357,25,220,2024-02-14,Hope Hospital,Kano,MRI Machine,MedTech Co.,USA
9358,30,320,2024-02-19,Unity Hospital,Lagos,CT Scanner,TechHealth Inc.,Canada
9359,10,550,2024-02-24,Metro Hospital,Abuja,Ultrasound,HealthEquip Ltd.,UK
9360,50,130,2024-02-29,State Hospital,Oyo,X-Ray Machine,Radiant Suppliers,China
9361,20,270,2024-03-05,City Medical Center,Lagos,MRI Machine,MedTech Co.,USA
9362,6,300,2024-03-10,General Hospital,Rivers,CT Scanner,TechHealth Inc.,Canada
9363,15,250,2024-03-15,Central Clinic,Ogun,Ultrasound,HealthEquip Ltd.,UK
9364,4,450,2024-03-20,Healing Touch Hospital,Enugu,MRI Machine,Radiant Suppliers,China
9365,25,180,2024-03-25,Sunshine Medical,Lagos,X-Ray Machine,MedTech Co.,USA
9366,18,600,2024-03-30,Hope Clinic,Kano,CT Scanner,HealthEquip Ltd.,UK
9367,14,150,2024-04-04,Metro Medical Center,Abuja,Ultrasound,TechHealth Inc.,Canada
9368,11,200,2024-04-09,State Medical Center,Oyo,MRI Machine,MedTech Co.,USA
9369,30,400,2024-04-14,General Clinic,Lagos,CT Scanner,HealthEquip Ltd.,UK
9370,10,150,2024-04-19,City Hospital,Rivers,Ultrasound,TechHealth Inc.,Canada
9371,12,350,2024-04-24,Hope Hospital,Abuja,MRI Machine,Radiant Suppliers,China
9372,10,450,2024-04-29,Healing Hands Hospital,Enugu,X-Ray Machine,HealthEquip Ltd.,UK
9373,5,600,2024-05-04,Central Hospital,Kaduna,Ultrasound,MedTech Co.,USA
9374,20,120,2024-05-09,State Hospital,Oyo,X-Ray Machine,Radiant Suppliers,China
9375,15,330,2024-05-14,City Medical Center,Lagos,MRI Machine,TechHealth Inc.,Canada
9376,10,450,2024-05-19,Central Hospital,Rivers,Ultrasound,HealthEquip Ltd.,UK
9377,7,200,2024-05-24,Metro Hospital,Abuja,X-Ray Machine,Radiant Suppliers,China
9378,25,280,2024-05-29,Hope Clinic,Kano,CT Scanner,TechHealth Inc.,Canada
9379,30,400,2024-06-03,Sunshine Hospital,Lagos,MRI Machine,MedTech Co.,USA
9380,15,170,2024-06-08,General Hospital,Enugu,Ultrasound,HealthEquip Ltd.,UK
9381,12,300,2024-06-13,State Medical Center,Oyo,CT Scanner,MedTech Co.,USA
9382,6,400,2024-06-18,Healing Hands Hospital,Rivers,MRI Machine,HealthEquip Ltd.,Canada
9383,8,250,2024-06-23,Metro Medical Center,Abuja,X-Ray Machine,TechHealth Inc.,UK
9384,14,150,2024-06-28,Central Clinic,Kaduna,Ultrasound,MedTech Co.,China
9385,25,220,2024-07-03,Community Hospital,Lagos,MRI Machine,MedTech Co.,USA
9386,18,600,2024-07-08,Sunshine Medical,Kano,CT Scanner,HealthEquip Ltd.,UK
9387,10,150,2024-07-13,Hope Hospital,Enugu,Ultrasound,Radiant Suppliers,China
9388,11,300,2024-07-18,City Medical Center,Oyo,X-Ray Machine,HealthEquip Ltd.,UK
9389,25,320,2024-07-23,State Hospital,Lagos,MRI Machine,Radiant Suppliers,China
9390,12,400,2024-07-28,General Hospital,Kaduna,CT Scanner,HealthEquip Ltd.,UK
9391,30,200,2024-08-02,Healing Touch Hospital,Rivers,X-Ray Machine,Radiant Suppliers,China
9392,15,150,2024-08-07,Metro Hospital,Abuja,Ultrasound,TechHealth Inc.,Canada
9393,20,350,2024-08-12,Central Hospital,Enugu,MRI Machine,MedTech Co.,USA
9394,5,450,2024-08-17,Sunshine Hospital,Lagos,CT Scanner,HealthEquip Ltd.,UK
9395,10,250,2024-08-22,Community Hospital,Abuja,Ultrasound,Radiant Suppliers,China
9396,14,150,2024-08-27,Hope Clinic,Kano,MRI Machine,TechHealth Inc.,Canada
9397,20,300,2024-09-01,Healing Hands Hospital,Lagos,Defibrillator,SoloSupplier Inc.,UK
9398,5,750,2024-09-06,City Hospital,Rivers,Ventilator,ExclusiveTech Ltd.,Germany
9399,10,400,2024-09-11,Metro Medical Center,Abuja,Surgical Table,HealthEquip Ltd.,UK
9400,12,200,2024-09-16,State Hospital,Oyo,MRI Machine,MedTech Co.,USA
9401,10,250,2024-01-15,General Hospital,Lagos,MRI Machine,MedTech Co.,USA
9402,5,200,2024-01-20,City Hospital,Abuja,MRI Machine,HealthEquip Ltd.,UK
9403,20,150,2024-01-25,Central Hospital,Rivers,X-Ray Machine,Radiant Suppliers,China
9404,15,300,2024-01-30,Sunshine Hospital,Lagos,CT Scanner,TechHealth Inc.,Canada
9405,8,500,2024-02-04,Community Hospital,Kaduna,Ultrasound,HealthEquip Ltd.,UK
9406,12,180,2024-02-09,Healing Hands Hospital,Enugu,X-Ray Machine,Radiant Suppliers,China
9407,25,220,2024-02-14,Hope Hospital,Kano,MRI Machine,MedTech Co.,USA
9408,30,320,2024-02-19,Unity Hospital,Lagos,CT Scanner,TechHealth Inc.,Canada
9409,10,550,2024-02-24,Metro Hospital,Abuja,Ultrasound,HealthEquip Ltd.,UK
9410,50,130,2024-02-29,State Hospital,Oyo,X-Ray Machine,Radiant Suppliers,China
9411,20,270,2024-03-05,City Medical Center,Lagos,MRI Machine,MedTech Co.,USA
9412,6,300,2024-03-10,General Hospital,Rivers,CT Scanner,TechHealth Inc.,Canada
9413,15,250,2024-03-15,Central Clinic,Ogun,Ultrasound,HealthEquip Ltd.,UK
9414,4,450,2024-03-20,Healing Touch Hospital,Enugu,MRI Machine,Radiant Suppliers,China
9415,25,180,2024-03-25,Sunshine Medical,Lagos,X-Ray Machine,MedTech Co.,USA
9416,18,600,2024-03-30,Hope Clinic,Kano,CT Scanner,HealthEquip Ltd.,UK
9417,14,150,2024-04-04,Metro Medical Center,Abuja,Ultrasound,TechHealth Inc.,Canada
9418,11,200,2024-04-09,State Medical Center,Oyo,MRI Machine,MedTech Co.,USA
9419,30,400,2024-04-14,General Clinic,Lagos,CT Scanner,HealthEquip Ltd.,UK
9420,10,150,2024-04-19,City Hospital,Rivers,Ultrasound,TechHealth Inc.,Canada
9421,12,350,2024-04-24,Hope Hospital,Abuja,MRI Machine,Radiant Suppliers,China
9422,10,450,2024-04-29,Healing Hands Hospital,Enugu,X-Ray Machine,HealthEquip Ltd.,UK
9423,5,600,2024-05-04,Central Hospital,Kaduna,Ultrasound,MedTech Co.,USA
9424,20,120,2024-05-09,State Hospital,Oyo,X-Ray Machine,Radiant Suppliers,China
9425,15,330,2024-05-14,City Medical Center,Lagos,MRI Machine,TechHealth Inc.,Canada
9426,10,450,2024-05-19,Central Hospital,Rivers,Ultrasound,HealthEquip Ltd.,UK
9427,7,200,2024-05-24,Metro Hospital,Abuja,X-Ray Machine,Radiant Suppliers,China
9428,25,280,2024-05-29,Hope Clinic,Kano,CT Scanner,TechHealth Inc.,Canada
9429,30,400,2024-06-03,Sunshine Hospital,Lagos,MRI Machine,MedTech Co.,USA
9430,15,170,2024-06-08,General Hospital,Enugu,Ultrasound,HealthEquip Ltd.,UK
9431,12,300,2024-06-13,State Medical Center,Oyo,CT Scanner,MedTech Co.,USA
9432,6,400,2024-06-18,Healing Hands Hospital,Rivers,MRI Machine,HealthEquip Ltd.,Canada
9433,8,250,2024-06-23,Metro Medical Center,Abuja,X-Ray Machine,TechHealth Inc.,UK
9434,14,150,2024-06-28,Central Clinic,Kaduna,Ultrasound,MedTech Co.,China
9435,25,220,2024-07-03,Community Hospital,Lagos,MRI Machine,MedTech Co.,USA
9436,18,600,2024-07-08,Sunshine Medical,Kano,CT Scanner,HealthEquip Ltd.,UK
9437,10,150,2024-07-13,Hope Hospital,Enugu,Ultrasound,Radiant Suppliers,China
9438,11,300,2024-07-18,City Medical Center,Oyo,X-Ray Machine,HealthEquip Ltd.,UK
9439,25,320,2024-07-23,State Hospital,Lagos,MRI Machine,Radiant Suppliers,China
9440,12,400,2024-07-28,General Hospital,Kaduna,CT Scanner,HealthEquip Ltd.,UK
9441,30,200,2024-08-02,Healing Touch Hospital,Rivers,X-Ray Machine,Radiant Suppliers,China
9442,15,150,2024-08-07,Metro Hospital,Abuja,Ultrasound,TechHealth Inc.,Canada
9443,20,350,2024-08-12,Central Hospital,Enugu,MRI Machine,MedTech Co.,USA
9444,5,450,2024-08-17,Sunshine Hospital,Lagos,CT Scanner,HealthEquip Ltd.,UK
9445,10,250,2024-08-22,Community Hospital,Abuja,Ultrasound,Radiant Suppliers,China
9446,14,150,2024-08-27,Hope Clinic,Kano,MRI Machine,TechHealth Inc.,Canada
9447,20,300,2024-09-01,Healing Hands Hospital,Lagos,Defibrillator,SoloSupplier Inc.,UK
9448,5,750,2024-09-06,City Hospital,Rivers,Ventilator,ExclusiveTech Ltd.,Germany
9449,10,400,2024-09-11,Metro Medical Center,Abuja,Surgical Table,HealthEquip Ltd.,UK
9450,12,200,2024-09-16,State Hospital,Oyo,MRI Machine,MedTech Co.,USA
9451,10,250,2024-01-15,General Hospital,Lagos,MRI Machine,MedTech Co.,USA
9452,5,200,2024-01-20,City Hospital,Abuja,MRI Machine,HealthEquip Ltd.,UK
9453,20,150,2024-01-25,Central Hospital,Rivers,X-Ray Machine,Radiant Suppliers,China
9454,15,300,2024-01-30,Sunshine Hospital,Lagos,CT Scanner,TechHealth Inc.,Canada
9455,8,500,2024-02-04,Community Hospital,Kaduna,Ultrasound,HealthEquip Ltd.,UK
9456,12,180,2024-02-09,Healing Hands Hospital,Enugu,X-Ray Machine,Radiant Suppliers,China
9457,25,220,2024-02-14,Hope Hospital,Kano,MRI Machine,MedTech Co.,USA
9458,30,320,2024-02-19,Unity Hospital,Lagos,CT Scanner,TechHealth Inc.,Canada
9459,10,550,2024-02-24,Metro Hospital,Abuja,Ultrasound,HealthEquip Ltd.,UK
9460,50,130,2024-02-29,State Hospital,Oyo,X-Ray Machine,Radiant Suppliers,China
9461,20,270,2024-03-05,City Medical Center,Lagos,MRI Machine,MedTech Co.,USA
9462,6,300,2024-03-10,General Hospital,Rivers,CT Scanner,TechHealth Inc.,Canada
9463,15,250,2024-03-15,Central Clinic,Ogun,Ultrasound,HealthEquip Ltd.,UK
9464,4,450,2024-03-20,Healing Touch Hospital,Enugu,MRI Machine,Radiant Suppliers,China
9465,25,180,2024-03-25,Sunshine Medical,Lagos,X-Ray Machine,MedTech Co.,USA
9466,18,600,2024-03-30,Hope Clinic,Kano,CT Scanner,HealthEquip Ltd.,UK
9467,14,150,2024-04-04,Metro Medical Center,Abuja,Ultrasound,TechHealth Inc.,Canada
9468,11,200,2024-04-09,State Medical Center,Oyo,MRI Machine,MedTech Co.,USA
9469,30,400,2024-04-14,General Clinic,Lagos,CT Scanner,HealthEquip Ltd.,UK
9470,10,150,2024-04-19,City Hospital,Rivers,Ultrasound,TechHealth Inc.,Canada
9471,12,350,2024-04-24,Hope Hospital,Abuja,MRI Machine,Radiant Suppliers,China
9472,10,450,2024-04-29,Healing Hands Hospital,Enugu,X-Ray Machine,HealthEquip Ltd.,UK
9473,5,600,2024-05-04,Central Hospital,Kaduna,Ultrasound,MedTech Co.,USA
9474,20,120,2024-05-09,State Hospital,Oyo,X-Ray Machine,Radiant Suppliers,China
9475,15,330,2024-05-14,City Medical Center,Lagos,MRI Machine,TechHealth Inc.,Canada
9476,10,450,2024-05-19,Central Hospital,Rivers,Ultrasound,HealthEquip Ltd.,UK
9477,7,200,2024-05-24,Metro Hospital,Abuja,X-Ray Machine,Radiant Suppliers,China
9478,25,280,2024-05-29,Hope Clinic,Kano,CT Scanner,TechHealth Inc.,Canada
9479,30,400,2024-06-03,Sunshine Hospital,Lagos,MRI Machine,MedTech Co.,USA
9480,15,170,2024-06-08,General Hospital,Enugu,Ultrasound,HealthEquip Ltd.,UK
9481,12,300,2024-06-13,State Medical Center,Oyo,CT Scanner,MedTech Co.,USA
9482,6,400,2024-06-18,Healing Hands Hospital,Rivers,MRI Machine,HealthEquip Ltd.,Canada
9483,8,250,2024-06-23,Metro Medical Center,Abuja,X-Ray Machine,TechHealth Inc.,UK
9484,14,150,2024-06-28,Central Clinic,Kaduna,Ultrasound,MedTech Co.,China
9485,25,220,2024-07-03,Community Hospital,Lagos,MRI Machine,MedTech Co.,USA
9486,18,600,2024-07-08,Sunshine Medical,Kano,CT Scanner,HealthEquip Ltd.,UK
9487,10,150,2024-07-13,Hope Hospital,Enugu,Ultrasound,Radiant Suppliers,China
9488,11,300,2024-07-18,City Medical Center,Oyo,X-Ray Machine,HealthEquip Ltd.,UK
9489,25,320,2024-07-23,State Hospital,Lagos,MRI Machine,Radiant Suppliers,China
9490,12,400,2024-07-28,General Hospital,Kaduna,CT Scanner,HealthEquip Ltd.,UK
9491,30,200,2024-08-02,Healing Touch Hospital,Rivers,X-Ray Machine,Radiant Suppliers,China
9492,15,150,2024-08-07,Metro Hospital,Abuja,Ultrasound,TechHealth Inc.,Canada
9493,20,350,2024-08-12,Central Hospital,Enugu,MRI Machine,MedTech Co.,USA
9494,5,450,2024-08-17,Sunshine Hospital,Lagos,CT Scanner,HealthEquip Ltd.,UK
9495,10,250,2024-08-22,Community Hospital,Abuja,Ultrasound,Radiant Suppliers,China
9496,14,150,2024-08-27,Hope Clinic,Kano,MRI Machine,TechHealth Inc.,Canada
9497,20,300,2024-09-01,Healing Hands Hospital,Lagos,Defibrillator,SoloSupplier Inc.,UK
9498,5,750,2024-09-06,City Hospital,Rivers,Ventilator,ExclusiveTech Ltd.,Germany
9499,10,400,2024-09-11,Metro Medical Center,Abuja,Surgical Table,HealthEquip Ltd.,UK
9500,12,200,2024-09-16,State Hospital,Oyo,MRI Machine,MedTech Co.,USA
9501,10,250,2024-01-15,General Hospital,Lagos,MRI Machine,MedTech Co.,USA
9502,5,200,2024-01-20,City Hospital,Abuja,MRI Machine,HealthEquip Ltd.,UK
9503,20,150,2024-01-25,Central Hospital,Rivers,X-Ray Machine,Radiant Suppliers,China
9504,15,300,2024-01-30,Sunshine Hospital,Lagos,CT Scanner,TechHealth Inc.,Canada
9505,8,500,2024-02-04,Community Hospital,Kaduna,Ultrasound,HealthEquip Ltd.,UK
9506,12,180,2024-02-09,Healing Hands Hospital,Enugu,X-Ray Machine,Radiant Suppliers,China
9507,25,220,2024-02-14,Hope Hospital,Kano,MRI Machine,MedTech Co.,USA
9508,30,320,2024-02-19,Unity Hospital,Lagos,CT Scanner,TechHealth Inc.,Canada
9509,10,550,2024-02-24,Metro Hospital,Abuja,Ultrasound,HealthEquip Ltd.,UK
9510,50,130,2024-02-29,State Hospital,Oyo,X-Ray Machine,Radiant Suppliers,China
9511,20,270,2024-03-05,City Medical Center,Lagos,MRI Machine,MedTech Co.,USA
9512,6,300,2024-03-10,General Hospital,Rivers,CT Scanner,TechHealth Inc.,Canada
9513,15,250,2024-03-15,Central Clinic,Ogun,Ultrasound,HealthEquip Ltd.,UK
9514,4,450,2024-03-20,Healing Touch Hospital,Enugu,MRI Machine,Radiant Suppliers,China
9515,25,180,2024-03-25,Sunshine Medical,Lagos,X-Ray Machine,MedTech Co.,USA
9516,18,600,2024-03-30,Hope Clinic,Kano,CT Scanner,HealthEquip Ltd.,UK
9517,14,150,2024-04-04,Metro Medical Center,Abuja,Ultrasound,TechHealth Inc.,Canada
9518,11,200,2024-04-09,State Medical Center,Oyo,MRI Machine,MedTech Co.,USA
9519,30,400,2024-04-14,General Clinic,Lagos,CT Scanner,HealthEquip Ltd.,UK
9520,10,150,2024-04-19,City Hospital,Rivers,Ultrasound,TechHealth Inc.,Canada
9521,12,350,2024-04-24,Hope Hospital,Abuja,MRI Machine,Radiant Suppliers,China
9522,10,450,2024-04-29,Healing Hands Hospital,Enugu,X-Ray Machine,HealthEquip Ltd.,UK
9523,5,600,2024-05-04,Central Hospital,Kaduna,Ultrasound,MedTech Co.,USA
9524,20,120,2024-05-09,State Hospital,Oyo,X-Ray Machine,Radiant Suppliers,China
9525,15,330,2024-05-14,City Medical Center,Lagos,MRI Machine,TechHealth Inc.,Canada
9526,10,450,2024-05-19,Central Hospital,Rivers,Ultrasound,HealthEquip Ltd.,UK
9527,7,200,2024-05-24,Metro Hospital,Abuja,X-Ray Machine,Radiant Suppliers,China
9528,25,280,2024-05-29,Hope Clinic,Kano,CT Scanner,TechHealth Inc.,Canada
9529,30,400,2024-06-03,Sunshine Hospital,Lagos,MRI Machine,MedTech Co.,USA
9530,15,170,2024-06-08,General Hospital,Enugu,Ultrasound,HealthEquip Ltd.,UK
9531,12,300,2024-06-13,State Medical Center,Oyo,CT Scanner,MedTech Co.,USA
9532,6,400,2024-06-18,Healing Hands Hospital,Rivers,MRI Machine,HealthEquip Ltd.,Canada
9533,8,250,2024-06-23,Metro Medical Center,Abuja,X-Ray Machine,TechHealth Inc.,UK
9534,14,150,2024-06-28,Central Clinic,Kaduna,Ultrasound,MedTech Co.,China
9535,25,220,2024-07-03,Community Hospital,Lagos,MRI Machine,MedTech Co.,USA
9536,18,600,2024-07-08,Sunshine Medical,Kano,CT Scanner,HealthEquip Ltd.,UK
9537,10,150,2024-07-13,Hope Hospital,Enugu,Ultrasound,Radiant Suppliers,China
9538,11,300,2024-07-18,City Medical Center,Oyo,X-Ray Machine,HealthEquip Ltd.,UK
9539,25,320,2024-07-23,State Hospital,Lagos,MRI Machine,Radiant Suppliers,China
9540,12,400,2024-07-28,General Hospital,Kaduna,CT Scanner,HealthEquip Ltd.,UK
9541,30,200,2024-08-02,Healing Touch Hospital,Rivers,X-Ray Machine,Radiant Suppliers,China
9542,15,150,2024-08-07,Metro Hospital,Abuja,Ultrasound,TechHealth Inc.,Canada
9543,20,350,2024-08-12,Central Hospital,Enugu,MRI Machine,MedTech Co.,USA
9544,5,450,2024-08-17,Sunshine Hospital,Lagos,CT Scanner,HealthEquip Ltd.,UK
9545,10,250,2024-08-22,Community Hospital,Abuja,Ultrasound,Radiant Suppliers,China
9546,14,150,2024-08-27,Hope Clinic,Kano,MRI Machine,TechHealth Inc.,Canada
9547,20,300,2024-09-01,Healing Hands Hospital,Lagos,Defibrillator,SoloSupplier Inc.,UK
9548,5,750,2024-09-06,City Hospital,Rivers,Ventilator,ExclusiveTech Ltd.,Germany
9549,10,400,2024-09-11,Metro Medical Center,Abuja,Surgical Table,HealthEquip Ltd.,UK
9550,12,200,2024-09-16,State Hospital,Oyo,MRI Machine,MedTech Co.,USA
9551,10,250,2024-01-15,General Hospital,Lagos,MRI Machine,MedTech Co.,USA
9552,5,200,2024-01-20,City Hospital,Abuja,MRI Machine,HealthEquip Ltd.,UK
9553,20,150,2024-01-25,Central Hospital,Rivers,X-Ray Machine,Radiant Suppliers,China
9554,15,300,2024-01-30,Sunshine Hospital,Lagos,CT Scanner,TechHealth Inc.,Canada
9555,8,500,2024-02-04,Community Hospital,Kaduna,Ultrasound,HealthEquip Ltd.,UK
9556,12,180,2024-02-09,Healing Hands Hospital,Enugu,X-Ray Machine,Radiant Suppliers,China
9557,25,220,2024-02-14,Hope Hospital,Kano,MRI Machine,MedTech Co.,USA
9558,30,320,2024-02-19,Unity Hospital,Lagos,CT Scanner,TechHealth Inc.,Canada
9559,10,550,2024-02-24,Metro Hospital,Abuja,Ultrasound,HealthEquip Ltd.,UK
9560,50,130,2024-02-29,State Hospital,Oyo,X-Ray Machine,Radiant Suppliers,China
9561,20,270,2024-03-05,City Medical Center,Lagos,MRI Machine,MedTech Co.,USA
9562,6,300,2024-03-10,General Hospital,Rivers,CT Scanner,TechHealth Inc.,Canada
9563,15,250,2024-03-15,Central Clinic,Ogun,Ultrasound,HealthEquip Ltd.,UK
9564,4,450,2024-03-20,Healing Touch Hospital,Enugu,MRI Machine,Radiant Suppliers,China
9565,25,180,2024-03-25,Sunshine Medical,Lagos,X-Ray Machine,MedTech Co.,USA
9566,18,600,2024-03-30,Hope Clinic,Kano,CT Scanner,HealthEquip Ltd.,UK
9567,14,150,2024-04-04,Metro Medical Center,Abuja,Ultrasound,TechHealth Inc.,Canada
9568,11,200,2024-04-09,State Medical Center,Oyo,MRI Machine,MedTech Co.,USA
9569,30,400,2024-04-14,General Clinic,Lagos,CT Scanner,HealthEquip Ltd.,UK
9570,10,150,2024-04-19,City Hospital,Rivers,Ultrasound,TechHealth Inc.,Canada
9571,12,350,2024-04-24,Hope Hospital,Abuja,MRI Machine,Radiant Suppliers,China
9572,10,450,2024-04-29,Healing Hands Hospital,Enugu,X-Ray Machine,HealthEquip Ltd.,UK
9573,5,600,2024-05-04,Central Hospital,Kaduna,Ultrasound,MedTech Co.,USA
9574,20,120,2024-05-09,State Hospital,Oyo,X-Ray Machine,Radiant Suppliers,China
9575,15,330,2024-05-14,City Medical Center,Lagos,MRI Machine,TechHealth Inc.,Canada
9576,10,450,2024-05-19,Central Hospital,Rivers,Ultrasound,HealthEquip Ltd.,UK
9577,7,200,2024-05-24,Metro Hospital,Abuja,X-Ray Machine,Radiant Suppliers,China
9578,25,280,2024-05-29,Hope Clinic,Kano,CT Scanner,TechHealth Inc.,Canada
9579,30,400,2024-06-03,Sunshine Hospital,Lagos,MRI Machine,MedTech Co.,USA
9580,15,170,2024-06-08,General Hospital,Enugu,Ultrasound,HealthEquip Ltd.,UK
9581,12,300,2024-06-13,State Medical Center,Oyo,CT Scanner,MedTech Co.,USA
9582,6,400,2024-06-18,Healing Hands Hospital,Rivers,MRI Machine,HealthEquip Ltd.,Canada
9583,8,250,2024-06-23,Metro Medical Center,Abuja,X-Ray Machine,TechHealth Inc.,UK
9584,14,150,2024-06-28,Central Clinic,Kaduna,Ultrasound,MedTech Co.,China
9585,25,220,2024-07-03,Community Hospital,Lagos,MRI Machine,MedTech Co.,USA
9586,18,600,2024-07-08,Sunshine Medical,Kano,CT Scanner,HealthEquip Ltd.,UK
9587,10,150,2024-07-13,Hope Hospital,Enugu,Ultrasound,Radiant Suppliers,China
9588,11,300,2024-07-18,City Medical Center,Oyo,X-Ray Machine,HealthEquip Ltd.,UK
9589,25,320,2024-07-23,State Hospital,Lagos,MRI Machine,Radiant Suppliers,China
9590,12,400,2024-07-28,General Hospital,Kaduna,CT Scanner,HealthEquip Ltd.,UK
9591,30,200,2024-08-02,Healing Touch Hospital,Rivers,X-Ray Machine,Radiant Suppliers,China
9592,15,150,2024-08-07,Metro Hospital,Abuja,Ultrasound,TechHealth Inc.,Canada
9593,20,350,2024-08-12,Central Hospital,Enugu,MRI Machine,MedTech Co.,USA
9594,5,450,2024-08-17,Sunshine Hospital,Lagos,CT Scanner,HealthEquip Ltd.,UK
9595,10,250,2024-08-22,Community Hospital,Abuja,Ultrasound,Radiant Suppliers,China
9596,14,150,2024-08-27,Hope Clinic,Kano,MRI Machine,TechHealth Inc.,Canada
9597,20,300,2024-09-01,Healing Hands Hospital,Lagos,Defibrillator,SoloSupplier Inc.,UK
9598,5,750,2024-09-06,City Hospital,Rivers,Ventilator,ExclusiveTech Ltd.,Germany
9599,10,400,2024-09-11,Metro Medical Center,Abuja,Surgical Table,HealthEquip Ltd.,UK
9600,12,200,2024-09-16,State Hospital,Oyo,MRI Machine,MedTech Co.,USA
9601,10,250,2024-01-15,General Hospital,Lagos,MRI Machine,MedTech Co.,USA
9602,5,200,2024-01-20,City Hospital,Abuja,MRI Machine,HealthEquip Ltd.,UK
9603,20,150,2024-01-25,Central Hospital,Rivers,X-Ray Machine,Radiant Suppliers,China
9604,15,300,2024-01-30,Sunshine Hospital,Lagos,CT Scanner,TechHealth Inc.,Canada
9605,8,500,2024-02-04,Community Hospital,Kaduna,Ultrasound,HealthEquip Ltd.,UK
9606,12,180,2024-02-09,Healing Hands Hospital,Enugu,X-Ray Machine,Radiant Suppliers,China
9607,25,220,2024-02-14,Hope Hospital,Kano,MRI Machine,MedTech Co.,USA
9608,30,320,2024-02-19,Unity Hospital,Lagos,CT Scanner,TechHealth Inc.,Canada
9609,10,550,2024-02-24,Metro Hospital,Abuja,Ultrasound,HealthEquip Ltd.,UK
9610,50,130,2024-02-29,State Hospital,Oyo,X-Ray Machine,Radiant Suppliers,China
9611,20,270,2024-03-05,City Medical Center,Lagos,MRI Machine,MedTech Co.,USA
9612,6,300,2024-03-10,General Hospital,Rivers,CT Scanner,TechHealth Inc.,Canada
9613,15,250,2024-03-15,Central Clinic,Ogun,Ultrasound,HealthEquip Ltd.,UK
9614,4,450,2024-03-20,Healing Touch Hospital,Enugu,MRI Machine,Radiant Suppliers,China
9615,25,180,2024-03-25,Sunshine Medical,Lagos,X-Ray Machine,MedTech Co.,USA
9616,18,600,2024-03-30,Hope Clinic,Kano,CT Scanner,HealthEquip Ltd.,UK
9617,14,150,2024-04-04,Metro Medical Center,Abuja,Ultrasound,TechHealth Inc.,Canada
9618,11,200,2024-04-09,State Medical Center,Oyo,MRI Machine,MedTech Co.,USA
9619,30,400,2024-04-14,General Clinic,Lagos,CT Scanner,HealthEquip Ltd.,UK
9620,10,150,2024-04-19,City Hospital,Rivers,Ultrasound,TechHealth Inc.,Canada
9621,12,350,2024-04-24,Hope Hospital,Abuja,MRI Machine,Radiant Suppliers,China
9622,10,450,2024-04-29,Healing Hands Hospital,Enugu,X-Ray Machine,HealthEquip Ltd.,UK
9623,5,600,2024-05-04,Central Hospital,Kaduna,Ultrasound,MedTech Co.,USA
9624,20,120,2024-05-09,State Hospital,Oyo,X-Ray Machine,Radiant Suppliers,China
9625,15,330,2024-05-14,City Medical Center,Lagos,MRI Machine,TechHealth Inc.,Canada
9626,10,450,2024-05-19,Central Hospital,Rivers,Ultrasound,HealthEquip Ltd.,UK
9627,7,200,2024-05-24,Metro Hospital,Abuja,X-Ray Machine,Radiant Suppliers,China
9628,25,280,2024-05-29,Hope Clinic,Kano,CT Scanner,TechHealth Inc.,Canada
9629,30,400,2024-06-03,Sunshine Hospital,Lagos,MRI Machine,MedTech Co.,USA
9630,15,170,2024-06-08,General Hospital,Enugu,Ultrasound,HealthEquip Ltd.,UK
9631,12,300,2024-06-13,State Medical Center,Oyo,CT Scanner,MedTech Co.,USA
9632,6,400,2024-06-18,Healing Hands Hospital,Rivers,MRI Machine,HealthEquip Ltd.,Canada
9633,8,250,2024-06-23,Metro Medical Center,Abuja,X-Ray Machine,TechHealth Inc.,UK
9634,14,150,2024-06-28,Central Clinic,Kaduna,Ultrasound,MedTech Co.,China
9635,25,220,2024-07-03,Community Hospital,Lagos,MRI Machine,MedTech Co.,USA
9636,18,600,2024-07-08,Sunshine Medical,Kano,CT Scanner,HealthEquip Ltd.,UK
9637,10,150,2024-07-13,Hope Hospital,Enugu,Ultrasound,Radiant Suppliers,China
9638,11,300,2024-07-18,City Medical Center,Oyo,X-Ray Machine,HealthEquip Ltd.,UK
9639,25,320,2024-07-23,State Hospital,Lagos,MRI Machine,Radiant Suppliers,China
9640,12,400,2024-07-28,General Hospital,Kaduna,CT Scanner,HealthEquip Ltd.,UK
9641,30,200,2024-08-02,Healing Touch Hospital,Rivers,X-Ray Machine,Radiant Suppliers,China
9642,15,150,2024-08-07,Metro Hospital,Abuja,Ultrasound,TechHealth Inc.,Canada
9643,20,350,2024-08-12,Central Hospital,Enugu,MRI Machine,MedTech Co.,USA
9644,5,450,2024-08-17,Sunshine Hospital,Lagos,CT Scanner,HealthEquip Ltd.,UK
9645,10,250,2024-08-22,Community Hospital,Abuja,Ultrasound,Radiant Suppliers,China
9646,14,150,2024-08-27,Hope Clinic,Kano,MRI Machine,TechHealth Inc.,Canada
9647,20,300,2024-09-01,Healing Hands Hospital,Lagos,Defibrillator,SoloSupplier Inc.,UK
9648,5,750,2024-09-06,City Hospital,Rivers,Ventilator,ExclusiveTech Ltd.,Germany
9649,10,400,2024-09-11,Metro Medical Center,Abuja,Surgical Table,HealthEquip Ltd.,UK
9650,12,200,2024-09-16,State Hospital,Oyo,MRI Machine,MedTech Co.,USA
9651,10,250,2024-01-15,General Hospital,Lagos,MRI Machine,MedTech Co.,USA
9652,5,200,2024-01-20,City Hospital,Abuja,MRI Machine,HealthEquip Ltd.,UK
9653,20,150,2024-01-25,Central Hospital,Rivers,X-Ray Machine,Radiant Suppliers,China
9654,15,300,2024-01-30,Sunshine Hospital,Lagos,CT Scanner,TechHealth Inc.,Canada
9655,8,500,2024-02-04,Community Hospital,Kaduna,Ultrasound,HealthEquip Ltd.,UK
9656,12,180,2024-02-09,Healing Hands Hospital,Enugu,X-Ray Machine,Radiant Suppliers,China
9657,25,220,2024-02-14,Hope Hospital,Kano,MRI Machine,MedTech Co.,USA
9658,30,320,2024-02-19,Unity Hospital,Lagos,CT Scanner,TechHealth Inc.,Canada
9659,10,550,2024-02-24,Metro Hospital,Abuja,Ultrasound,HealthEquip Ltd.,UK
9660,50,130,2024-02-29,State Hospital,Oyo,X-Ray Machine,Radiant Suppliers,China
9661,20,270,2024-03-05,City Medical Center,Lagos,MRI Machine,MedTech Co.,USA
9662,6,300,2024-03-10,General Hospital,Rivers,CT Scanner,TechHealth Inc.,Canada
9663,15,250,2024-03-15,Central Clinic,Ogun,Ultrasound,HealthEquip Ltd.,UK
9664,4,450,2024-03-20,Healing Touch Hospital,Enugu,MRI Machine,Radiant Suppliers,China
9665,25,180,2024-03-25,Sunshine Medical,Lagos,X-Ray Machine,MedTech Co.,USA
9666,18,600,2024-03-30,Hope Clinic,Kano,CT Scanner,HealthEquip Ltd.,UK
9667,14,150,2024-04-04,Metro Medical Center,Abuja,Ultrasound,TechHealth Inc.,Canada
9668,11,200,2024-04-09,State Medical Center,Oyo,MRI Machine,MedTech Co.,USA
9669,30,400,2024-04-14,General Clinic,Lagos,CT Scanner,HealthEquip Ltd.,UK
9670,10,150,2024-04-19,City Hospital,Rivers,Ultrasound,TechHealth Inc.,Canada
9671,12,350,2024-04-24,Hope Hospital,Abuja,MRI Machine,Radiant Suppliers,China
9672,10,450,2024-04-29,Healing Hands Hospital,Enugu,X-Ray Machine,HealthEquip Ltd.,UK
9673,5,600,2024-05-04,Central Hospital,Kaduna,Ultrasound,MedTech Co.,USA
9674,20,120,2024-05-09,State Hospital,Oyo,X-Ray Machine,Radiant Suppliers,China
9675,15,330,2024-05-14,City Medical Center,Lagos,MRI Machine,TechHealth Inc.,Canada
9676,10,450,2024-05-19,Central Hospital,Rivers,Ultrasound,HealthEquip Ltd.,UK
9677,7,200,2024-05-24,Metro Hospital,Abuja,X-Ray Machine,Radiant Suppliers,China
9678,25,280,2024-05-29,Hope Clinic,Kano,CT Scanner,TechHealth Inc.,Canada
9679,30,400,2024-06-03,Sunshine Hospital,Lagos,MRI Machine,MedTech Co.,USA
9680,15,170,2024-06-08,General Hospital,Enugu,Ultrasound,HealthEquip Ltd.,UK
9681,12,300,2024-06-13,State Medical Center,Oyo,CT Scanner,MedTech Co.,USA
9682,6,400,2024-06-18,Healing Hands Hospital,Rivers,MRI Machine,HealthEquip Ltd.,Canada
9683,8,250,2024-06-23,Metro Medical Center,Abuja,X-Ray Machine,TechHealth Inc.,UK
9684,14,150,2024-06-28,Central Clinic,Kaduna,Ultrasound,MedTech Co.,China
9685,25,220,2024-07-03,Community Hospital,Lagos,MRI Machine,MedTech Co.,USA
9686,18,600,2024-07-08,Sunshine Medical,Kano,CT Scanner,HealthEquip Ltd.,UK
9687,10,150,2024-07-13,Hope Hospital,Enugu,Ultrasound,Radiant Suppliers,China
9688,11,300,2024-07-18,City Medical Center,Oyo,X-Ray Machine,HealthEquip Ltd.,UK
9689,25,320,2024-07-23,State Hospital,Lagos,MRI Machine,Radiant Suppliers,China
9690,12,400,2024-07-28,General Hospital,Kaduna,CT Scanner,HealthEquip Ltd.,UK
9691,30,200,2024-08-02,Healing Touch Hospital,Rivers,X-Ray Machine,Radiant Suppliers,China
9692,15,150,2024-08-07,Metro Hospital,Abuja,Ultrasound,TechHealth Inc.,Canada
9693,20,350,2024-08-12,Central Hospital,Enugu,MRI Machine,MedTech Co.,USA
9694,5,450,2024-08-17,Sunshine Hospital,Lagos,CT Scanner,HealthEquip Ltd.,UK
9695,10,250,2024-08-22,Community Hospital,Abuja,Ultrasound,Radiant Suppliers,China
9696,14,150,2024-08-27,Hope Clinic,Kano,MRI Machine,TechHealth Inc.,Canada
9697,20,300,2024-09-01,Healing Hands Hospital,Lagos,Defibrillator,SoloSupplier Inc.,UK
9698,5,750,2024-09-06,City Hospital,Rivers,Ventilator,ExclusiveTech Ltd.,Germany
9699,10,400,2024-09-11,Metro Medical Center,Abuja,Surgical Table,HealthEquip Ltd.,UK
9700,12,200,2024-09-16,State Hospital,Oyo,MRI Machine,MedTech Co.,USA
9701,10,250,2024-01-15,General Hospital,Lagos,MRI Machine,MedTech Co.,USA
9702,5,200,2024-01-20,City Hospital,Abuja,MRI Machine,HealthEquip Ltd.,UK
9703,20,150,2024-01-25,Central Hospital,Rivers,X-Ray Machine,Radiant Suppliers,China
9704,15,300,2024-01-30,Sunshine Hospital,Lagos,CT Scanner,TechHealth Inc.,Canada
9705,8,500,2024-02-04,Community Hospital,Kaduna,Ultrasound,HealthEquip Ltd.,UK
9706,12,180,2024-02-09,Healing Hands Hospital,Enugu,X-Ray Machine,Radiant Suppliers,China
9707,25,220,2024-02-14,Hope Hospital,Kano,MRI Machine,MedTech Co.,USA
9708,30,320,2024-02-19,Unity Hospital,Lagos,CT Scanner,TechHealth Inc.,Canada
9709,10,550,2024-02-24,Metro Hospital,Abuja,Ultrasound,HealthEquip Ltd.,UK
9710,50,130,2024-02-29,State Hospital,Oyo,X-Ray Machine,Radiant Suppliers,China
9711,20,270,2024-03-05,City Medical Center,Lagos,MRI Machine,MedTech Co.,USA
9712,6,300,2024-03-10,General Hospital,Rivers,CT Scanner,TechHealth Inc.,Canada
9713,15,250,2024-03-15,Central Clinic,Ogun,Ultrasound,HealthEquip Ltd.,UK
9714,4,450,2024-03-20,Healing Touch Hospital,Enugu,MRI Machine,Radiant Suppliers,China
9715,25,180,2024-03-25,Sunshine Medical,Lagos,X-Ray Machine,MedTech Co.,USA
9716,18,600,2024-03-30,Hope Clinic,Kano,CT Scanner,HealthEquip Ltd.,UK
9717,14,150,2024-04-04,Metro Medical Center,Abuja,Ultrasound,TechHealth Inc.,Canada
9718,11,200,2024-04-09,State Medical Center,Oyo,MRI Machine,MedTech Co.,USA
9719,30,400,2024-04-14,General Clinic,Lagos,CT Scanner,HealthEquip Ltd.,UK
9720,10,150,2024-04-19,City Hospital,Rivers,Ultrasound,TechHealth Inc.,Canada
9721,12,350,2024-04-24,Hope Hospital,Abuja,MRI Machine,Radiant Suppliers,China
9722,10,450,2024-04-29,Healing Hands Hospital,Enugu,X-Ray Machine,HealthEquip Ltd.,UK
9723,5,600,2024-05-04,Central Hospital,Kaduna,Ultrasound,MedTech Co.,USA
9724,20,120,2024-05-09,State Hospital,Oyo,X-Ray Machine,Radiant Suppliers,China
9725,15,330,2024-05-14,City Medical Center,Lagos,MRI Machine,TechHealth Inc.,Canada
9726,10,450,2024-05-19,Central Hospital,Rivers,Ultrasound,HealthEquip Ltd.,UK
9727,7,200,2024-05-24,Metro Hospital,Abuja,X-Ray Machine,Radiant Suppliers,China
9728,25,280,2024-05-29,Hope Clinic,Kano,CT Scanner,TechHealth Inc.,Canada
9729,30,400,2024-06-03,Sunshine Hospital,Lagos,MRI Machine,MedTech Co.,USA
9730,15,170,2024-06-08,General Hospital,Enugu,Ultrasound,HealthEquip Ltd.,UK
9731,12,300,2024-06-13,State Medical Center,Oyo,CT Scanner,MedTech Co.,USA
9732,6,400,2024-06-18,Healing Hands Hospital,Rivers,MRI Machine,HealthEquip Ltd.,Canada
9733,8,250,2024-06-23,Metro Medical Center,Abuja,X-Ray Machine,TechHealth Inc.,UK
9734,14,150,2024-06-28,Central Clinic,Kaduna,Ultrasound,MedTech Co.,China
9735,25,220,2024-07-03,Community Hospital,Lagos,MRI Machine,MedTech Co.,USA
9736,18,600,2024-07-08,Sunshine Medical,Kano,CT Scanner,HealthEquip Ltd.,UK
9737,10,150,2024-07-13,Hope Hospital,Enugu,Ultrasound,Radiant Suppliers,China
9738,11,300,2024-07-18,City Medical Center,Oyo,X-Ray Machine,HealthEquip Ltd.,UK
9739,25,320,2024-07-23,State Hospital,Lagos,MRI Machine,Radiant Suppliers,China
9740,12,400,2024-07-28,General Hospital,Kaduna,CT Scanner,HealthEquip Ltd.,UK
9741,30,200,2024-08-02,Healing Touch Hospital,Rivers,X-Ray Machine,Radiant Suppliers,China
9742,15,150,2024-08-07,Metro Hospital,Abuja,Ultrasound,TechHealth Inc.,Canada
9743,20,350,2024-08-12,Central Hospital,Enugu,MRI Machine,MedTech Co.,USA
9744,5,450,2024-08-17,Sunshine Hospital,Lagos,CT Scanner,HealthEquip Ltd.,UK
9745,10,250,2024-08-22,Community Hospital,Abuja,Ultrasound,Radiant Suppliers,China
9746,14,150,2024-08-27,Hope Clinic,Kano,MRI Machine,TechHealth Inc.,Canada
9747,20,300,2024-09-01,Healing Hands Hospital,Lagos,Defibrillator,SoloSupplier Inc.,UK
9748,5,750,2024-09-06,City Hospital,Rivers,Ventilator,ExclusiveTech Ltd.,Germany
9749,10,400,2024-09-11,Metro Medical Center,Abuja,Surgical Table,HealthEquip Ltd.,UK
9750,12,200,2024-09-16,State Hospital,Oyo,MRI Machine,MedTech Co.,USA
9751,10,250,2024-01-15,General Hospital,Lagos,MRI Machine,MedTech Co.,USA
9752,5,200,2024-01-20,City Hospital,Abuja,MRI Machine,HealthEquip Ltd.,UK
9753,20,150,2024-01-25,Central Hospital,Rivers,X-Ray Machine,Radiant Suppliers,China
9754,15,300,2024-01-30,Sunshine Hospital,Lagos,CT Scanner,TechHealth Inc.,Canada
9755,8,500,2024-02-04,Community Hospital,Kaduna,Ultrasound,HealthEquip Ltd.,UK
9756,12,180,2024-02-09,Healing Hands Hospital,Enugu,X-Ray Machine,Radiant Suppliers,China
9757,25,220,2024-02-14,Hope Hospital,Kano,MRI Machine,MedTech Co.,USA
9758,30,320,2024-02-19,Unity Hospital,Lagos,CT Scanner,TechHealth Inc.,Canada
9759,10,550,2024-02-24,Metro Hospital,Abuja,Ultrasound,HealthEquip Ltd.,UK
9760,50,130,2024-02-29,State Hospital,Oyo,X-Ray Machine,Radiant Suppliers,China
9761,20,270,2024-03-05,City Medical Center,Lagos,MRI Machine,MedTech Co.,USA
9762,6,300,2024-03-10,General Hospital,Rivers,CT Scanner,TechHealth Inc.,Canada
9763,15,250,2024-03-15,Central Clinic,Ogun,Ultrasound,HealthEquip Ltd.,UK
9764,4,450,2024-03-20,Healing Touch Hospital,Enugu,MRI Machine,Radiant Suppliers,China
9765,25,180,2024-03-25,Sunshine Medical,Lagos,X-Ray Machine,MedTech Co.,USA
9766,18,600,2024-03-30,Hope Clinic,Kano,CT Scanner,HealthEquip Ltd.,UK
9767,14,150,2024-04-04,Metro Medical Center,Abuja,Ultrasound,TechHealth Inc.,Canada
9768,11,200,2024-04-09,State Medical Center,Oyo,MRI Machine,MedTech Co.,USA
9769,30,400,2024-04-14,General Clinic,Lagos,CT Scanner,HealthEquip Ltd.,UK
9770,10,150,2024-04-19,City Hospital,Rivers,Ultrasound,TechHealth Inc.,Canada
9771,12,350,2024-04-24,Hope Hospital,Abuja,MRI Machine,Radiant Suppliers,China
9772,10,450,2024-04-29,Healing Hands Hospital,Enugu,X-Ray Machine,HealthEquip Ltd.,UK
9773,5,600,2024-05-04,Central Hospital,Kaduna,Ultrasound,MedTech Co.,USA
9774,20,120,2024-05-09,State Hospital,Oyo,X-Ray Machine,Radiant Suppliers,China
9775,15,330,2024-05-14,City Medical Center,Lagos,MRI Machine,TechHealth Inc.,Canada
9776,10,450,2024-05-19,Central Hospital,Rivers,Ultrasound,HealthEquip Ltd.,UK
9777,7,200,2024-05-24,Metro Hospital,Abuja,X-Ray Machine,Radiant Suppliers,China
9778,25,280,2024-05-29,Hope Clinic,Kano,CT Scanner,TechHealth Inc.,Canada
9779,30,400,2024-06-03,Sunshine Hospital,Lagos,MRI Machine,MedTech Co.,USA
9780,15,170,2024-06-08,General Hospital,Enugu,Ultrasound,HealthEquip Ltd.,UK
9781,12,300,2024-06-13,State Medical Center,Oyo,CT Scanner,MedTech Co.,USA
9782,6,400,2024-06-18,Healing Hands Hospital,Rivers,MRI Machine,HealthEquip Ltd.,Canada
9783,8,250,2024-06-23,Metro Medical Center,Abuja,X-Ray Machine,TechHealth Inc.,UK
9784,14,150,2024-06-28,Central Clinic,Kaduna,Ultrasound,MedTech Co.,China
9785,25,220,2024-07-03,Community Hospital,Lagos,MRI Machine,MedTech Co.,USA
9786,18,600,2024-07-08,Sunshine Medical,Kano,CT Scanner,HealthEquip Ltd.,UK
9787,10,150,2024-07-13,Hope Hospital,Enugu,Ultrasound,Radiant Suppliers,China
9788,11,300,2024-07-18,City Medical Center,Oyo,X-Ray Machine,HealthEquip Ltd.,UK
9789,25,320,2024-07-23,State Hospital,Lagos,MRI Machine,Radiant Suppliers,China
9790,12,400,2024-07-28,General Hospital,Kaduna,CT Scanner,HealthEquip Ltd.,UK
9791,30,200,2024-08-02,Healing Touch Hospital,Rivers,X-Ray Machine,Radiant Suppliers,China
9792,15,150,2024-08-07,Metro Hospital,Abuja,Ultrasound,TechHealth Inc.,Canada
9793,20,350,2024-08-12,Central Hospital,Enugu,MRI Machine,MedTech Co.,USA
9794,5,450,2024-08-17,Sunshine Hospital,Lagos,CT Scanner,HealthEquip Ltd.,UK
9795,10,250,2024-08-22,Community Hospital,Abuja,Ultrasound,Radiant Suppliers,China
9796,14,150,2024-08-27,Hope Clinic,Kano,MRI Machine,TechHealth Inc.,Canada
9797,20,300,2024-09-01,Healing Hands Hospital,Lagos,Defibrillator,SoloSupplier Inc.,UK
9798,5,750,2024-09-06,City Hospital,Rivers,Ventilator,ExclusiveTech Ltd.,Germany
9799,10,400,2024-09-11,Metro Medical Center,Abuja,Surgical Table,HealthEquip Ltd.,UK
9800,12,200,2024-09-16,State Hospital,Oyo,MRI Machine,MedTech Co.,USA
9801,10,250,2024-01-15,General Hospital,Lagos,MRI Machine,MedTech Co.,USA
9802,5,200,2024-01-20,City Hospital,Abuja,MRI Machine,HealthEquip Ltd.,UK
9803,20,150,2024-01-25,Central Hospital,Rivers,X-Ray Machine,Radiant Suppliers,China
9804,15,300,2024-01-30,Sunshine Hospital,Lagos,CT Scanner,TechHealth Inc.,Canada
9805,8,500,2024-02-04,Community Hospital,Kaduna,Ultrasound,HealthEquip Ltd.,UK
9806,12,180,2024-02-09,Healing Hands Hospital,Enugu,X-Ray Machine,Radiant Suppliers,China
9807,25,220,2024-02-14,Hope Hospital,Kano,MRI Machine,MedTech Co.,USA
9808,30,320,2024-02-19,Unity Hospital,Lagos,CT Scanner,TechHealth Inc.,Canada
9809,10,550,2024-02-24,Metro Hospital,Abuja,Ultrasound,HealthEquip Ltd.,UK
9810,50,130,2024-02-29,State Hospital,Oyo,X-Ray Machine,Radiant Suppliers,China
9811,20,270,2024-03-05,City Medical Center,Lagos,MRI Machine,MedTech Co.,USA
9812,6,300,2024-03-10,General Hospital,Rivers,CT Scanner,TechHealth Inc.,Canada
9813,15,250,2024-03-15,Central Clinic,Ogun,Ultrasound,HealthEquip Ltd.,UK
9814,4,450,2024-03-20,Healing Touch Hospital,Enugu,MRI Machine,Radiant Suppliers,China
9815,25,180,2024-03-25,Sunshine Medical,Lagos,X-Ray Machine,MedTech Co.,USA
9816,18,600,2024-03-30,Hope Clinic,Kano,CT Scanner,HealthEquip Ltd.,UK
9817,14,150,2024-04-04,Metro Medical Center,Abuja,Ultrasound,TechHealth Inc.,Canada
9818,11,200,2024-04-09,State Medical Center,Oyo,MRI Machine,MedTech Co.,USA
9819,30,400,2024-04-14,General Clinic,Lagos,CT Scanner,HealthEquip Ltd.,UK
9820,10,150,2024-04-19,City Hospital,Rivers,Ultrasound,TechHealth Inc.,Canada
9821,12,350,2024-04-24,Hope Hospital,Abuja,MRI Machine,Radiant Suppliers,China
9822,10,450,2024-04-29,Healing Hands Hospital,Enugu,X-Ray Machine,HealthEquip Ltd.,UK
9823,5,600,2024-05-04,Central Hospital,Kaduna,Ultrasound,MedTech Co.,USA
9824,20,120,2024-05-09,State Hospital,Oyo,X-Ray Machine,Radiant Suppliers,China
9825,15,330,2024-05-14,City Medical Center,Lagos,MRI Machine,TechHealth Inc.,Canada
9826,10,450,2024-05-19,Central Hospital,Rivers,Ultrasound,HealthEquip Ltd.,UK
9827,7,200,2024-05-24,Metro Hospital,Abuja,X-Ray Machine,Radiant Suppliers,China
9828,25,280,2024-05-29,Hope Clinic,Kano,CT Scanner,TechHealth Inc.,Canada
9829,30,400,2024-06-03,Sunshine Hospital,Lagos,MRI Machine,MedTech Co.,USA
9830,15,170,2024-06-08,General Hospital,Enugu,Ultrasound,HealthEquip Ltd.,UK
9831,12,300,2024-06-13,State Medical Center,Oyo,CT Scanner,MedTech Co.,USA
9832,6,400,2024-06-18,Healing Hands Hospital,Rivers,MRI Machine,HealthEquip Ltd.,Canada
9833,8,250,2024-06-23,Metro Medical Center,Abuja,X-Ray Machine,TechHealth Inc.,UK
9834,14,150,2024-06-28,Central Clinic,Kaduna,Ultrasound,MedTech Co.,China
9835,25,220,2024-07-03,Community Hospital,Lagos,MRI Machine,MedTech Co.,USA
9836,18,600,2024-07-08,Sunshine Medical,Kano,CT Scanner,HealthEquip Ltd.,UK
9837,10,150,2024-07-13,Hope Hospital,Enugu,Ultrasound,Radiant Suppliers,China
9838,11,300,2024-07-18,City Medical Center,Oyo,X-Ray Machine,HealthEquip Ltd.,UK
9839,25,320,2024-07-23,State Hospital,Lagos,MRI Machine,Radiant Suppliers,China
9840,12,400,2024-07-28,General Hospital,Kaduna,CT Scanner,HealthEquip Ltd.,UK
9841,30,200,2024-08-02,Healing Touch Hospital,Rivers,X-Ray Machine,Radiant Suppliers,China
9842,15,150,2024-08-07,Metro Hospital,Abuja,Ultrasound,TechHealth Inc.,Canada
9843,20,350,2024-08-12,Central Hospital,Enugu,MRI Machine,MedTech Co.,USA
9844,5,450,2024-08-17,Sunshine Hospital,Lagos,CT Scanner,HealthEquip Ltd.,UK
9845,10,250,2024-08-22,Community Hospital,Abuja,Ultrasound,Radiant Suppliers,China
9846,14,150,2024-08-27,Hope Clinic,Kano,MRI Machine,TechHealth Inc.,Canada
9847,20,300,2024-09-01,Healing Hands Hospital,Lagos,Defibrillator,SoloSupplier Inc.,UK
9848,5,750,2024-09-06,City Hospital,Rivers,Ventilator,ExclusiveTech Ltd.,Germany
9849,10,400,2024-09-11,Metro Medical Center,Abuja,Surgical Table,HealthEquip Ltd.,UK
9850,12,200,2024-09-16,State Hospital,Oyo,MRI Machine,MedTech Co.,USA
9851,10,250,2024-01-15,General Hospital,Lagos,MRI Machine,MedTech Co.,USA
9852,5,200,2024-01-20,City Hospital,Abuja,MRI Machine,HealthEquip Ltd.,UK
9853,20,150,2024-01-25,Central Hospital,Rivers,X-Ray Machine,Radiant Suppliers,China
9854,15,300,2024-01-30,Sunshine Hospital,Lagos,CT Scanner,TechHealth Inc.,Canada
9855,8,500,2024-02-04,Community Hospital,Kaduna,Ultrasound,HealthEquip Ltd.,UK
9856,12,180,2024-02-09,Healing Hands Hospital,Enugu,X-Ray Machine,Radiant Suppliers,China
9857,25,220,2024-02-14,Hope Hospital,Kano,MRI Machine,MedTech Co.,USA
9858,30,320,2024-02-19,Unity Hospital,Lagos,CT Scanner,TechHealth Inc.,Canada
9859,10,550,2024-02-24,Metro Hospital,Abuja,Ultrasound,HealthEquip Ltd.,UK
9860,50,130,2024-02-29,State Hospital,Oyo,X-Ray Machine,Radiant Suppliers,China
9861,20,270,2024-03-05,City Medical Center,Lagos,MRI Machine,MedTech Co.,USA
9862,6,300,2024-03-10,General Hospital,Rivers,CT Scanner,TechHealth Inc.,Canada
9863,15,250,2024-03-15,Central Clinic,Ogun,Ultrasound,HealthEquip Ltd.,UK
9864,4,450,2024-03-20,Healing Touch Hospital,Enugu,MRI Machine,Radiant Suppliers,China
9865,25,180,2024-03-25,Sunshine Medical,Lagos,X-Ray Machine,MedTech Co.,USA
9866,18,600,2024-03-30,Hope Clinic,Kano,CT Scanner,HealthEquip Ltd.,UK
9867,14,150,2024-04-04,Metro Medical Center,Abuja,Ultrasound,TechHealth Inc.,Canada
9868,11,200,2024-04-09,State Medical Center,Oyo,MRI Machine,MedTech Co.,USA
9869,30,400,2024-04-14,General Clinic,Lagos,CT Scanner,HealthEquip Ltd.,UK
9870,10,150,2024-04-19,City Hospital,Rivers,Ultrasound,TechHealth Inc.,Canada
9871,12,350,2024-04-24,Hope Hospital,Abuja,MRI Machine,Radiant Suppliers,China
9872,10,450,2024-04-29,Healing Hands Hospital,Enugu,X-Ray Machine,HealthEquip Ltd.,UK
9873,5,600,2024-05-04,Central Hospital,Kaduna,Ultrasound,MedTech Co.,USA
9874,20,120,2024-05-09,State Hospital,Oyo,X-Ray Machine,Radiant Suppliers,China
9875,15,330,2024-05-14,City Medical Center,Lagos,MRI Machine,TechHealth Inc.,Canada
9876,10,450,2024-05-19,Central Hospital,Rivers,Ultrasound,HealthEquip Ltd.,UK
9877,7,200,2024-05-24,Metro Hospital,Abuja,X-Ray Machine,Radiant Suppliers,China
9878,25,280,2024-05-29,Hope Clinic,Kano,CT Scanner,TechHealth Inc.,Canada
9879,30,400,2024-06-03,Sunshine Hospital,Lagos,MRI Machine,MedTech Co.,USA
9880,15,170,2024-06-08,General Hospital,Enugu,Ultrasound,HealthEquip Ltd.,UK
9881,12,300,2024-06-13,State Medical Center,Oyo,CT Scanner,MedTech Co.,USA
9882,6,400,2024-06-18,Healing Hands Hospital,Rivers,MRI Machine,HealthEquip Ltd.,Canada
9883,8,250,2024-06-23,Metro Medical Center,Abuja,X-Ray Machine,TechHealth Inc.,UK
9884,14,150,2024-06-28,Central Clinic,Kaduna,Ultrasound,MedTech Co.,China
9885,25,220,2024-07-03,Community Hospital,Lagos,MRI Machine,MedTech Co.,USA
9886,18,600,2024-07-08,Sunshine Medical,Kano,CT Scanner,HealthEquip Ltd.,UK
9887,10,150,2024-07-13,Hope Hospital,Enugu,Ultrasound,Radiant Suppliers,China
9888,11,300,2024-07-18,City Medical Center,Oyo,X-Ray Machine,HealthEquip Ltd.,UK
9889,25,320,2024-07-23,State Hospital,Lagos,MRI Machine,Radiant Suppliers,China
9890,12,400,2024-07-28,General Hospital,Kaduna,CT Scanner,HealthEquip Ltd.,UK
9891,30,200,2024-08-02,Healing Touch Hospital,Rivers,X-Ray Machine,Radiant Suppliers,China
9892,15,150,2024-08-07,Metro Hospital,Abuja,Ultrasound,TechHealth Inc.,Canada
9893,20,350,2024-08-12,Central Hospital,Enugu,MRI Machine,MedTech Co.,USA
9894,5,450,2024-08-17,Sunshine Hospital,Lagos,CT Scanner,HealthEquip Ltd.,UK
9895,10,250,2024-08-22,Community Hospital,Abuja,Ultrasound,Radiant Suppliers,China
9896,14,150,2024-08-27,Hope Clinic,Kano,MRI Machine,TechHealth Inc.,Canada
9897,20,300,2024-09-01,Healing Hands Hospital,Lagos,Defibrillator,SoloSupplier Inc.,UK
9898,5,750,2024-09-06,City Hospital,Rivers,Ventilator,ExclusiveTech Ltd.,Germany
9899,10,400,2024-09-11,Metro Medical Center,Abuja,Surgical Table,HealthEquip Ltd.,UK
9900,12,200,2024-09-16,State Hospital,Oyo,MRI Machine,MedTech Co.,USA
9901,10,250,2024-01-15,General Hospital,Lagos,MRI Machine,MedTech Co.,USA
9902,5,200,2024-01-20,City Hospital,Abuja,MRI Machine,HealthEquip Ltd.,UK
9903,20,150,2024-01-25,Central Hospital,Rivers,X-Ray Machine,Radiant Suppliers,China
9904,15,300,2024-01-30,Sunshine Hospital,Lagos,CT Scanner,TechHealth Inc.,Canada
9905,8,500,2024-02-04,Community Hospital,Kaduna,Ultrasound,HealthEquip Ltd.,UK
9906,12,180,2024-02-09,Healing Hands Hospital,Enugu,X-Ray Machine,Radiant Suppliers,China
9907,25,220,2024-02-14,Hope Hospital,Kano,MRI Machine,MedTech Co.,USA
9908,30,320,2024-02-19,Unity Hospital,Lagos,CT Scanner,TechHealth Inc.,Canada
9909,10,550,2024-02-24,Metro Hospital,Abuja,Ultrasound,HealthEquip Ltd.,UK
9910,50,130,2024-02-29,State Hospital,Oyo,X-Ray Machine,Radiant Suppliers,China
9911,20,270,2024-03-05,City Medical Center,Lagos,MRI Machine,MedTech Co.,USA
9912,6,300,2024-03-10,General Hospital,Rivers,CT Scanner,TechHealth Inc.,Canada
9913,15,250,2024-03-15,Central Clinic,Ogun,Ultrasound,HealthEquip Ltd.,UK
9914,4,450,2024-03-20,Healing Touch Hospital,Enugu,MRI Machine,Radiant Suppliers,China
9915,25,180,2024-03-25,Sunshine Medical,Lagos,X-Ray Machine,MedTech Co.,USA
9916,18,600,2024-03-30,Hope Clinic,Kano,CT Scanner,HealthEquip Ltd.,UK
9917,14,150,2024-04-04,Metro Medical Center,Abuja,Ultrasound,TechHealth Inc.,Canada
9918,11,200,2024-04-09,State Medical Center,Oyo,MRI Machine,MedTech Co.,USA
9919,30,400,2024-04-14,General Clinic,Lagos,CT Scanner,HealthEquip Ltd.,UK
9920,10,150,2024-04-19,City Hospital,Rivers,Ultrasound,TechHealth Inc.,Canada
9921,12,350,2024-04-24,Hope Hospital,Abuja,MRI Machine,Radiant Suppliers,China
9922,10,450,2024-04-29,Healing Hands Hospital,Enugu,X-Ray Machine,HealthEquip Ltd.,UK
9923,5,600,2024-05-04,Central Hospital,Kaduna,Ultrasound,MedTech Co.,USA
9924,20,120,2024-05-09,State Hospital,Oyo,X-Ray Machine,Radiant Suppliers,China
9925,15,330,2024-05-14,City Medical Center,Lagos,MRI Machine,TechHealth Inc.,Canada
9926,10,450,2024-05-19,Central Hospital,Rivers,Ultrasound,HealthEquip Ltd.,UK
9927,7,200,2024-05-24,Metro Hospital,Abuja,X-Ray Machine,Radiant Suppliers,China
9928,25,280,2024-05-29,Hope Clinic,Kano,CT Scanner,TechHealth Inc.,Canada
9929,30,400,2024-06-03,Sunshine Hospital,Lagos,MRI Machine,MedTech Co.,USA
9930,15,170,2024-06-08,General Hospital,Enugu,Ultrasound,HealthEquip Ltd.,UK
9931,12,300,2024-06-13,State Medical Center,Oyo,CT Scanner,MedTech Co.,USA
9932,6,400,2024-06-18,Healing Hands Hospital,Rivers,MRI Machine,HealthEquip Ltd.,Canada
9933,8,250,2024-06-23,Metro Medical Center,Abuja,X-Ray Machine,TechHealth Inc.,UK
9934,14,150,2024-06-28,Central Clinic,Kaduna,Ultrasound,MedTech Co.,China
9935,25,220,2024-07-03,Community Hospital,Lagos,MRI Machine,MedTech Co.,USA
9936,18,600,2024-07-08,Sunshine Medical,Kano,CT Scanner,HealthEquip Ltd.,UK
9937,10,150,2024-07-13,Hope Hospital,Enugu,Ultrasound,Radiant Suppliers,China
9938,11,300,2024-07-18,City Medical Center,Oyo,X-Ray Machine,HealthEquip Ltd.,UK
9939,25,320,2024-07-23,State Hospital,Lagos,MRI Machine,Radiant Suppliers,China
9940,12,400,2024-07-28,General Hospital,Kaduna,CT Scanner,HealthEquip Ltd.,UK
9941,30,200,2024-08-02,Healing Touch Hospital,Rivers,X-Ray Machine,Radiant Suppliers,China
9942,15,150,2024-08-07,Metro Hospital,Abuja,Ultrasound,TechHealth Inc.,Canada
9943,20,350,2024-08-12,Central Hospital,Enugu,MRI Machine,MedTech Co.,USA
9944,5,450,2024-08-17,Sunshine Hospital,Lagos,CT Scanner,HealthEquip Ltd.,UK
9945,10,250,2024-08-22,Community Hospital,Abuja,Ultrasound,Radiant Suppliers,China
9946,14,150,2024-08-27,Hope Clinic,Kano,MRI Machine,TechHealth Inc.,Canada
9947,20,300,2024-09-01,Healing Hands Hospital,Lagos,Defibrillator,SoloSupplier Inc.,UK
9948,5,750,2024-09-06,City Hospital,Rivers,Ventilator,ExclusiveTech Ltd.,Germany
9949,10,400,2024-09-11,Metro Medical Center,Abuja,Surgical Table,HealthEquip Ltd.,UK
9950,12,200,2024-09-16,State Hospital,Oyo,MRI Machine,MedTech Co.,USA
9951,10,250,2024-01-15,General Hospital,Lagos,MRI Machine,MedTech Co.,USA
9952,5,200,2024-01-20,City Hospital,Abuja,MRI Machine,HealthEquip Ltd.,UK
9953,20,150,2024-01-25,Central Hospital,Rivers,X-Ray Machine,Radiant Suppliers,China
9954,15,300,2024-01-30,Sunshine Hospital,Lagos,CT Scanner,TechHealth Inc.,Canada
9955,8,500,2024-02-04,Community Hospital,Kaduna,Ultrasound,HealthEquip Ltd.,UK
9956,12,180,2024-02-09,Healing Hands Hospital,Enugu,X-Ray Machine,Radiant Suppliers,China
9957,25,220,2024-02-14,Hope Hospital,Kano,MRI Machine,MedTech Co.,USA
9958,30,320,2024-02-19,Unity Hospital,Lagos,CT Scanner,TechHealth Inc.,Canada
9959,10,550,2024-02-24,Metro Hospital,Abuja,Ultrasound,HealthEquip Ltd.,UK
9960,50,130,2024-02-29,State Hospital,Oyo,X-Ray Machine,Radiant Suppliers,China
9961,20,270,2024-03-05,City Medical Center,Lagos,MRI Machine,MedTech Co.,USA
9962,6,300,2024-03-10,General Hospital,Rivers,CT Scanner,TechHealth Inc.,Canada
9963,15,250,2024-03-15,Central Clinic,Ogun,Ultrasound,HealthEquip Ltd.,UK
9964,4,450,2024-03-20,Healing Touch Hospital,Enugu,MRI Machine,Radiant Suppliers,China
9965,25,180,2024-03-25,Sunshine Medical,Lagos,X-Ray Machine,MedTech Co.,USA
9966,18,600,2024-03-30,Hope Clinic,Kano,CT Scanner,HealthEquip Ltd.,UK
9967,14,150,2024-04-04,Metro Medical Center,Abuja,Ultrasound,TechHealth Inc.,Canada
9968,11,200,2024-04-09,State Medical Center,Oyo,MRI Machine,MedTech Co.,USA
9969,30,400,2024-04-14,General Clinic,Lagos,CT Scanner,HealthEquip Ltd.,UK
9970,10,150,2024-04-19,City Hospital,Rivers,Ultrasound,TechHealth Inc.,Canada
9971,12,350,2024-04-24,Hope Hospital,Abuja,MRI Machine,Radiant Suppliers,China
9972,10,450,2024-04-29,Healing Hands Hospital,Enugu,X-Ray Machine,HealthEquip Ltd.,UK
9973,5,600,2024-05-04,Central Hospital,Kaduna,Ultrasound,MedTech Co.,USA
9974,20,120,2024-05-09,State Hospital,Oyo,X-Ray Machine,Radiant Suppliers,China
9975,15,330,2024-05-14,City Medical Center,Lagos,MRI Machine,TechHealth Inc.,Canada
9976,10,450,2024-05-19,Central Hospital,Rivers,Ultrasound,HealthEquip Ltd.,UK
9977,7,200,2024-05-24,Metro Hospital,Abuja,X-Ray Machine,Radiant Suppliers,China
9978,25,280,2024-05-29,Hope Clinic,Kano,CT Scanner,TechHealth Inc.,Canada
9979,30,400,2024-06-03,Sunshine Hospital,Lagos,MRI Machine,MedTech Co.,USA
9980,15,170,2024-06-08,General Hospital,Enugu,Ultrasound,HealthEquip Ltd.,UK
9981,12,300,2024-06-13,State Medical Center,Oyo,CT Scanner,MedTech Co.,USA
9982,6,400,2024-06-18,Healing Hands Hospital,Rivers,MRI Machine,HealthEquip Ltd.,Canada
9983,8,250,2024-06-23,Metro Medical Center,Abuja,X-Ray Machine,TechHealth Inc.,UK
9984,14,150,2024-06-28,Central Clinic,Kaduna,Ultrasound,MedTech Co.,China
9985,25,220,2024-07-03,Community Hospital,Lagos,MRI Machine,MedTech Co.,USA
9986,18,600,2024-07-08,Sunshine Medical,Kano,CT Scanner,HealthEquip Ltd.,UK
9987,10,150,2024-07-13,Hope Hospital,Enugu,Ultrasound,Radiant Suppliers,China
9988,11,300,2024-07-18,City Medical Center,Oyo,X-Ray Machine,HealthEquip Ltd.,UK
9989,25,320,2024-07-23,State Hospital,Lagos,MRI Machine,Radiant Suppliers,China
9990,12,400,2024-07-28,General Hospital,Kaduna,CT Scanner,HealthEquip Ltd.,UK
9991,30,200,2024-08-02,Healing Touch Hospital,Rivers,X-Ray Machine,Radiant Suppliers,China
9992,15,150,2024-08-07,Metro Hospital,Abuja,Ultrasound,TechHealth Inc.,Canada
9993,20,350,2024-08-12,Central Hospital,Enugu,MRI Machine,MedTech Co.,USA
9994,5,450,2024-08-17,Sunshine Hospital,Lagos,CT Scanner,HealthEquip Ltd.,UK
9995,10,250,2024-08-22,Community Hospital,Abuja,Ultrasound,Radiant Suppliers,China
9996,14,150,2024-08-27,Hope Clinic,Kano,MRI Machine,TechHealth Inc.,Canada
9997,20,300,2024-09-01,Healing Hands Hospital,Lagos,Defibrillator,SoloSupplier Inc.,UK
9998,5,750,2024-09-06,City Hospital,Rivers,Ventilator,ExclusiveTech Ltd.,Germany
9999,10,400,2024-09-11,Metro Medical Center,Abuja,Surgical Table,HealthEquip Ltd.,UK
10000,12,200,2024-09-16,State Hospital,Oyo,MRI Machine,MedTech Co.,USA
